project_id,block_order,block_type,layout_style,content_1_cn (左侧/主内容),content_1 _en(左侧/主内容),content_2_cn (右侧/次内容),content_2_en (右侧/次内容)
shanghai-psa,1,text_1col,align-center,"### 项目概况及背景
上海当代艺术博物馆 (PSA) 选址于2010年上海世博会未来馆，前身是始建于1897年的南市发电厂。作为中国大陆第一家公立当代艺术博物馆，项目坐落于上海黄浦江畔。照明设计突破传统高对比度束缚，采用明亮、简洁的现代光环境策略，实现艺术品与观众之间的视觉互动，打造上海城市文化新地标。","### Project Overview
Located along the Huangpu River, Shanghai Power Station of Art (PSA) is housed in the former Pavilion of Future of the 2010 Shanghai Expo, originally the Nanshi Power Plant (1897). As mainland China's first public contemporary art museum, the lighting design breaks away from traditional high-contrast constraints, adopting a bright, concise modern light environment to foster visual interaction between artworks and audiences.",,
shanghai-psa,2,image_full,full-width,https://rdilighting.oss-cn-hongkong.aliyuncs.com/projects/shanghai-psa/02.webp,,,
shanghai-psa,3,text_2col,50-50,"### 尊重历史的工业回响
在历史建筑的改造中，光线是最柔和的刻刀。设计团队不仅保留了南市发电厂原有的粗犷工业结构，更通过隐蔽的轨道照明与大尺度的均匀泛光，让历经沧桑的钢筋水泥在现代艺术的语境下重新呼吸，实现了工业遗迹与当代审美的跨时空对话。","### Industrial Echoes Respecting History
In the renovation of historical buildings, light acts as the gentlest carving knife. The design team preserved the original rough industrial structure of the Nanshi Power Plant, using concealed track lighting and large-scale uniform floodlighting to allow the weathered reinforced concrete to breathe again in the context of modern art.","### 突破传统的观展光环境
传统的博物馆往往采用极暗的背景与高对比度的聚光来突出展品，而 PSA 的照明设计则反其道而行之。以明亮、简洁的高雅光环境为主调，既缓解了长时间观展的视觉疲劳，又为观众提供了一个可以放松交流的驻足空间，让光、艺术品与人融为一体。","### Breaking Traditional Exhibition Lighting
Traditional museums often use extremely dark backgrounds and high-contrast spotlights to highlight exhibits. The lighting design at PSA takes a different approach. Dominated by a bright, concise, and elegant light environment, it relieves visual fatigue from long-term viewing and provides audiences with a relaxing space to pause and interact."
shanghai-psa,4,image_grid,masonry,"https://rdilighting.oss-cn-hongkong.aliyuncs.com/projects/shanghai-psa/03.webp,https://rdilighting.oss-cn-hongkong.aliyuncs.com/projects/shanghai-psa/04.webp,https://rdilighting.oss-cn-hongkong.aliyuncs.com/projects/shanghai-psa/05.webp",,,
shanghai-psa,5,text_1col,align-left,"### 自然光与人工光的平衡共生
空间顶部的天窗系统被巧妙利用。通过智能调光系统，室内人工照明能够根据引入的室外自然光的强弱进行实时补偿。这种克制而精确的光学策略，不仅极大地节约了能源，更为那些对光照敏感的珍贵展品提供了严密的保护层。","### Symbiosis of Natural and Artificial Light
The skylight system at the top of the space is ingeniously utilized. Through an intelligent dimming system, indoor artificial lighting can perform real-time compensation based on the intensity of natural light introduced from outside. This restrained and precise optical strategy not only saves energy but also provides a strict protective layer for light-sensitive exhibits.",,
shanghai-psa,6,image_grid,masonry,"https://rdilighting.oss-cn-hongkong.aliyuncs.com/projects/shanghai-psa/06.webp,https://rdilighting.oss-cn-hongkong.aliyuncs.com/projects/shanghai-psa/07.webp",,,
shanghai-psa,7,image_full,full-width,https://rdilighting.oss-cn-hongkong.aliyuncs.com/projects/shanghai-psa/08.webp,,,
shanghai-psa,8,text_1col,align-center,*昔日的工业巨炉，如今在当代光影的拥吻下，重获新生。*,*The former industrial furnace is now reborn under the embrace of contemporary light and shadow.*,,
nanjing-baiyunting,1,text_1col,align-center,"### 唤醒工业时代的城市记忆
南京白云亭文化艺术中心改建项目，建筑幕墙大面积使用了折扇型的银灰色冲孔铝板。照明设计意图在夜间延续建筑形体的通透感，通过在幕墙背后的框架结构上设置LED线条灯具形成内部背光。反射光透过冲孔铝板，使整体建筑在南京的夜色中犹如一盏轻盈明亮的灯笼。","### Awakening Urban Memories of the Industrial Era
The Nanjing Baiyunting Cultural and Art Center renovation features folded fan-shaped silver-gray perforated aluminum panels. The lighting design continues the building's transparency at night by installing LED linear lights behind the curtain wall for internal backlighting. Reflected light passing through the panels transforms the architecture into a luminous lantern in the Nanjing night.",,
nanjing-baiyunting,2,image_full,full-width,https://rdilighting.oss-cn-hongkong.aliyuncs.com/projects/nanjing-baiyunting/02.webp,,,
nanjing-baiyunting,3,text_2col,50-50,"### 昔日冷藏厂的华丽转身
项目前身为南京市冷冻厂，如今已蜕变为占地2.5万平方米的城市地标。照明团队从建筑的“折扇”理念中汲取灵感，摒弃了传统的外投光模式，转而采用内透光的表现手法，赋予了这座巨型建筑轻盈、呼吸的视觉质感。","### The Gorgeous Transformation of a Former Cold Storage
Formerly the Nanjing Cold Storage Factory, the project has transformed into a 25,000 sqm urban landmark. Inspired by the architectural 'folded fan' concept, the lighting team abandoned traditional external floodlighting in favor of an internal glow, endowing this massive structure with a lightweight, breathing visual texture.","### 折扇幕墙与光影灯笼
光效的核心在于铝板背后的隐秘打光。柔和的LED光源经过墙面反射，透过不同孔径的穿孔铝板溢出，形成一种类似古代“纸灯笼”的温润光晕。在夜空下，建筑如同漂浮在城市上空的巨型折纸艺术品。","### Folded Fan Curtain Wall and Shadow Lantern
The core of the light effect lies in the concealed illumination behind the aluminum panels. Soft LED sources reflect off the walls and spill through the varying apertures of the perforated panels, creating a warm halo similar to an ancient 'paper lantern'. At night, it resembles a giant origami artwork floating above the city."
nanjing-baiyunting,4,image_grid,masonry,"https://rdilighting.oss-cn-hongkong.aliyuncs.com/projects/nanjing-baiyunting/03.webp,https://rdilighting.oss-cn-hongkong.aliyuncs.com/projects/nanjing-baiyunting/04.webp,https://rdilighting.oss-cn-hongkong.aliyuncs.com/projects/nanjing-baiyunting/05.webp,https://rdilighting.oss-cn-hongkong.aliyuncs.com/projects/nanjing-baiyunting/06.webp,https://rdilighting.oss-cn-hongkong.aliyuncs.com/projects/nanjing-baiyunting/07.webp,https://rdilighting.oss-cn-hongkong.aliyuncs.com/projects/nanjing-baiyunting/08.webp,https://rdilighting.oss-cn-hongkong.aliyuncs.com/projects/nanjing-baiyunting/09.webp,https://rdilighting.oss-cn-hongkong.aliyuncs.com/projects/nanjing-baiyunting/10.webp",,,
nanjing-baiyunting,5,text_1col,align-left,"### 内部空间的光学引导
步入建筑内部，自然光与人工光的交织构成了参观的动线。中央的中庭采用了高耸的采光顶，照明设计补充了柔和的漫反射光，确保即使在阴雨天气或夜间，市民依然能感受到如户外般开阔、明朗的公共文化氛围。","### Optical Guidance in the Interior Space
Stepping inside, the interplay of natural and artificial light forms the circulation path. The central atrium features a towering skylight. The lighting design supplements this with soft, diffuse reflection, ensuring that even on rainy days or at night, citizens can experience an open, bright public cultural atmosphere akin to the outdoors.",,
nanjing-baiyunting,6,image_grid,masonry,"https://rdilighting.oss-cn-hongkong.aliyuncs.com/projects/nanjing-baiyunting/11.webp,https://rdilighting.oss-cn-hongkong.aliyuncs.com/projects/nanjing-baiyunting/12.webp,https://rdilighting.oss-cn-hongkong.aliyuncs.com/projects/nanjing-baiyunting/13.webp,https://rdilighting.oss-cn-hongkong.aliyuncs.com/projects/nanjing-baiyunting/14.webp,https://rdilighting.oss-cn-hongkong.aliyuncs.com/projects/nanjing-baiyunting/15.webp,https://rdilighting.oss-cn-hongkong.aliyuncs.com/projects/nanjing-baiyunting/16.webp,https://rdilighting.oss-cn-hongkong.aliyuncs.com/projects/nanjing-baiyunting/17.webp,https://rdilighting.oss-cn-hongkong.aliyuncs.com/projects/nanjing-baiyunting/18.webp,https://rdilighting.oss-cn-hongkong.aliyuncs.com/projects/nanjing-baiyunting/19.webp,https://rdilighting.oss-cn-hongkong.aliyuncs.com/projects/nanjing-baiyunting/20.webp,https://rdilighting.oss-cn-hongkong.aliyuncs.com/projects/nanjing-baiyunting/21.webp,https://rdilighting.oss-cn-hongkong.aliyuncs.com/projects/nanjing-baiyunting/22.webp,https://rdilighting.oss-cn-hongkong.aliyuncs.com/projects/nanjing-baiyunting/23.webp,https://rdilighting.oss-cn-hongkong.aliyuncs.com/projects/nanjing-baiyunting/24.webp,https://rdilighting.oss-cn-hongkong.aliyuncs.com/projects/nanjing-baiyunting/25.webp,https://rdilighting.oss-cn-hongkong.aliyuncs.com/projects/nanjing-baiyunting/26.webp,https://rdilighting.oss-cn-hongkong.aliyuncs.com/projects/nanjing-baiyunting/27.webp,https://rdilighting.oss-cn-hongkong.aliyuncs.com/projects/nanjing-baiyunting/28.webp,https://rdilighting.oss-cn-hongkong.aliyuncs.com/projects/nanjing-baiyunting/29.webp,https://rdilighting.oss-cn-hongkong.aliyuncs.com/projects/nanjing-baiyunting/30.webp,https://rdilighting.oss-cn-hongkong.aliyuncs.com/projects/nanjing-baiyunting/31.webp,https://rdilighting.oss-cn-hongkong.aliyuncs.com/projects/nanjing-baiyunting/32.webp,https://rdilighting.oss-cn-hongkong.aliyuncs.com/projects/nanjing-baiyunting/33.webp",,,
nanjing-baiyunting,7,image_full,full-width,https://rdilighting.oss-cn-hongkong.aliyuncs.com/projects/nanjing-baiyunting/34.webp,,,
nanjing-baiyunting,8,text_1col,align-center,*不露声色的光影，于无声处诉说设计的力量与建筑生命的延续。*,*Unobtrusive light and shadow silently narrate the power of design and the continuation of architectural life.*,,
shanghai-nhm,1,text_1col,align-center,"### 探索自然生态的生命之光
上海自然博物馆建筑灵感源于“螺”的壳体结构。设计秉持视觉展示、生态科学与低碳绿色的三大原则，创新性地将自然光引入室内展陈。通过智能控制系统与透视幕帘，完美平衡博物馆的室内人工光与室外自然采光，针对珍稀标本精准控制曝光量，在上海市中心打造出极具呼吸感的自然探索空间。","### Exploring the Light of Life in Natural Ecology
Inspired by the nautilus shell, the Shanghai Natural History Museum integrates natural daylight as a primary exhibition light source. Adhering to visual display, ecological science, and low-carbon design, intelligent controls and perspective curtains balance indoor artificial lighting with outdoor daylight. It creates an immersive, breathing natural exploration space in downtown Shanghai while controlling exposure for specimens.",,
shanghai-nhm,2,image_full,full-width,https://rdilighting.oss-cn-hongkong.aliyuncs.com/projects/shanghai-nhm/02.webp,,,
shanghai-nhm,3,text_2col,50-50,"### 源自鹦鹉螺的生态演进
建筑外观与内部动线如同鹦鹉螺般盘旋而下，隐喻了地球生命的演化历程。照明设计不再局限于被动的黑盒子展陈，而是大胆拥抱自然光。在“起源之谜”与“生命长河”展区，阳光穿透巨大的玻璃幕墙倾泻而下，让远古化石在自然节律中焕发生机。","### Ecological Evolution from the Nautilus
The architecture spirals downwards like a nautilus, metaphorically representing the evolutionary history of life on Earth. The lighting design moves beyond passive black-box exhibitions, boldly embracing natural daylight. In the 'Mystery of Origin' and 'River of Life' zones, sunlight cascades through massive glass walls, bringing ancient fossils to life within nature's rhythm.","### 严苛的珍贵标本滤光保护
自然光是一把双刃剑。为了防止紫外线和强光对脆弱动植物标本造成不可逆的损害，团队引入了高科技的智能卷帘与自适应调光设备。通过精确的光通量计算，实现了视觉通透感与展品文物保护之间的绝佳平衡，做到了真正的生态照明。","### Strict Light Filtration for Rare Specimens
Natural light is a double-edged sword. To prevent irreversible UV and harsh light damage to fragile flora and fauna specimens, the team introduced high-tech smart blinds and adaptive dimming. Through precise luminous flux calculations, they achieved a perfect balance between visual transparency and artifact conservation—true ecological lighting."
shanghai-nhm,4,image_grid,masonry,"https://rdilighting.oss-cn-hongkong.aliyuncs.com/projects/shanghai-nhm/03.webp,https://rdilighting.oss-cn-hongkong.aliyuncs.com/projects/shanghai-nhm/04.webp,https://rdilighting.oss-cn-hongkong.aliyuncs.com/projects/shanghai-nhm/05.webp,https://rdilighting.oss-cn-hongkong.aliyuncs.com/projects/shanghai-nhm/06.webp",,,
shanghai-nhm,5,text_1col,align-left,"### 探索微观与宏观的光影视角
在“生存智慧”及“生态万象”等地下展区，光线由开阔转向聚焦。高显色指数（CRI>95）的轨道聚光灯被精准投射到每一个微缩景观模型和标本上。低色温的光斑在昏暗的环境中勾勒出动物毛发的质感与骨骼的纹理，营造出极具戏剧张力与探索乐趣的科普微空间。","### Exploring Micro and Macro Light Perspectives
In underground zones like 'Survival Wisdom' and 'Ecological Panorama', the light shifts from open to focused. High-CRI (CRI>95) track spotlights are precisely aimed at every diorama and specimen. Low-color-temperature light spots trace the textures of animal fur and bone patterns in the dim environment, creating a highly dramatic and engaging educational micro-space.",,
shanghai-nhm,6,image_grid,masonry,"https://rdilighting.oss-cn-hongkong.aliyuncs.com/projects/shanghai-nhm/07.webp,https://rdilighting.oss-cn-hongkong.aliyuncs.com/projects/shanghai-nhm/08.webp,https://rdilighting.oss-cn-hongkong.aliyuncs.com/projects/shanghai-nhm/09.webp,https://rdilighting.oss-cn-hongkong.aliyuncs.com/projects/shanghai-nhm/10.webp,https://rdilighting.oss-cn-hongkong.aliyuncs.com/projects/shanghai-nhm/11.webp",,,
shanghai-nhm,7,image_full,full-width,https://rdilighting.oss-cn-hongkong.aliyuncs.com/projects/shanghai-nhm/12.webp,,,
shanghai-nhm,8,text_1col,align-center,*以光为引，穿越亿万年的时光长河，在明暗之间触碰自然生命的脉搏。*,"*Guided by light, crossing billions of years in the river of time, touching the pulse of natural life amidst light and shadow.*",,
guangzhou-xpeng,1,text_1col,align-center,"### 探索未来的科技地标
位于广州天河区的小鹏汽车新总部大楼，以极具辨识度的建筑语言诠释未来出行理念。照明设计巧妙地将小鹏专属的“X”品牌符号隐匿于建筑横向肌理之中，通过智能幕墙照明展现充满科幻感与前卫感的立面夜景，以光影铸就大湾区智能制造的全新视觉名片。","### A Tech Landmark Exploring the Future
Located in Tianhe, Guangzhou, the new XPeng Motors Headquarters interprets future mobility through highly recognizable architectural language. The lighting design ingeniously embeds the exclusive 'X' brand symbol within the horizontal textures, presenting a sci-fi and avant-garde facade nightscape, forging a new visual business card for Greater Bay Area smart manufacturing.",,
guangzhou-xpeng,2,image_full,full-width,https://rdilighting.oss-cn-hongkong.aliyuncs.com/projects/guangzhou-xpeng/02.webp,,,
guangzhou-xpeng,3,text_2col,50-50,"### 隐匿于肌理的品牌符号X
设计打破了传统办公楼千篇一律的夜景模式，将建筑幕墙的横向百叶作为光的载体。在光线的编排上，小鹏汽车标志性的“X”元素被巧妙地转化为灯光代码，在夜间以动态或静谧的形式浮现。这种“见光不见灯”的处理手法，使得建筑本身成为了一件巨型的品牌灯光装置。","### The Brand Symbol X Hidden in Textures
The design breaks the monotonous night view of traditional office buildings by using the facade's horizontal louvers as light carriers. In the choreography, XPeng's iconic 'X' element is cleverly transformed into light codes, surfacing dynamically or statically at night. This 'seeing the light, not the fixture' approach turns the building into a massive brand light installation.","### 室内极简的工业质感空间
呼应外观的科技属性，室内的光环境设计同样克制而极简。在车辆展示大厅中，纯粹的高亮度面光源如天空般均光洒落，完美勾勒出汽车工业设计的流线与金属光泽。办公区域则采用了高品质的防眩光线性照明，为员工提供了一个高效、清晰且富有灵感的工作环境。","### Minimalist Industrial Textured Interiors
Echoing the exterior's tech attributes, the interior light environment is equally restrained and minimalist. In the vehicle showroom, pure, high-brightness planar light sources scatter evenly like the sky, flawlessly outlining the automotive streamlines and metallic luster. Office areas utilize high-quality anti-glare linear lighting, providing an efficient and inspiring workspace."
guangzhou-xpeng,4,image_grid,masonry,"https://rdilighting.oss-cn-hongkong.aliyuncs.com/projects/guangzhou-xpeng/03.webp,https://rdilighting.oss-cn-hongkong.aliyuncs.com/projects/guangzhou-xpeng/04.webp,https://rdilighting.oss-cn-hongkong.aliyuncs.com/projects/guangzhou-xpeng/05.webp,https://rdilighting.oss-cn-hongkong.aliyuncs.com/projects/guangzhou-xpeng/06.webp",,,
guangzhou-xpeng,5,text_1col,align-left,"### 动静结合的城市脉搏
作为城市天际线的一部分，塔冠的照明通过编程式控制系统，能够根据节日、活动或企业重要时刻展现多维度的色彩律动。它不再是一栋静态的建筑，而是一个能够与广州这座城市同频共振、具有数字生命的未来发光体。","### Dynamic and Static Urban Pulse
As part of the city skyline, the crown lighting employs a programmable control system capable of displaying multi-dimensional color rhythms for holidays or important corporate moments. It is no longer a static building but a futuristic luminous body with digital life, resonating at the same frequency as the city of Guangzhou.",,
guangzhou-xpeng,6,image_grid,masonry,"https://rdilighting.oss-cn-hongkong.aliyuncs.com/projects/guangzhou-xpeng/07.webp,https://rdilighting.oss-cn-hongkong.aliyuncs.com/projects/guangzhou-xpeng/08.webp,https://rdilighting.oss-cn-hongkong.aliyuncs.com/projects/guangzhou-xpeng/10.webp,https://rdilighting.oss-cn-hongkong.aliyuncs.com/projects/guangzhou-xpeng/11.webp",,,
guangzhou-xpeng,7,image_full,full-width,https://rdilighting.oss-cn-hongkong.aliyuncs.com/projects/guangzhou-xpeng/12.webp,,,
guangzhou-xpeng,8,text_1col,align-center,*让光成为未来的引擎，以数字的脉动照亮通往明日的探索之路。*,"*Let light become the engine of the future, illuminating the path of exploration to tomorrow with a digital pulse.*",,
suzhou-jinxi,1,text_1col,align-center,"### 雅致江南的光影礼赞
苏州锦溪示范区将高端人居体验与江南地域文化无缝嫁接。住宅与样板间照明设计遵循“以光为诗”的理念，摒弃繁复的直接光源，大面积运用洗墙灯带与重点照明。柔和的光晕在高级定制的材质表面流转，塑造了优雅静谧的空间格调，彰显了高端圈层对私密性与生活质感的极致追求。","### An Ode to Elegant Jiangnan Light and Shadow
The Suzhou Jinxi Demonstration Zone seamlessly grafts luxury residential experiences with regional Jiangnan culture. The residential and sample room lighting design follows the 'light as poetry' philosophy, discarding complex direct sources for extensive wall-washing strips and accent lighting. Soft halos dance across custom materials, shaping an elegant and tranquil spatial tone.",,
suzhou-jinxi,2,image_full,full-width,https://rdilighting.oss-cn-hongkong.aliyuncs.com/projects/suzhou-jinxi/02.webp,,,
suzhou-jinxi,3,text_2col,50-50,"### 水墨江南与现代奢居的碰撞
设计初衷旨在让古老的水乡文化在当代建筑空间中复苏。室内光线如同挥洒的水墨，在木饰面、石材与金属之间轻柔流转。低色温（2700K-3000K）光源的大量使用，成功营造出一种内敛、含蓄却极富温情的高级居住体验，仿佛将室外的朦胧月色请入了内室。","### Collision of Ink-Wash Jiangnan and Modern Luxury
The design intent revives ancient water-town culture within contemporary architectural spaces. Indoor light flows gently like splashed ink across wood veneers, stone, and metal. The extensive use of low color temperature (2700K-3000K) sources successfully creates a restrained, subtle, yet highly affectionate premium living experience, as if inviting hazy moonlight indoors.","### 见光不见灯的雅致氛围
极致的奢华往往藏于细节的克制中。为了保持空间的纯粹感，灯具被巧妙地隐藏在天花暗槽、地脚线与陈列柜内。通过细致的光学透镜计算，光线精准地洗刷墙面、点亮艺术摆件，避免了任何突兀的眩光干扰，在不经意间勾勒出居住者卓尔不凡的生活品味。","### Elegant Vibe of Seeing Light, Not Fixtures
Ultimate luxury often hides in restrained details. To maintain spatial purity, fixtures are cleverly hidden in ceiling coves, baseboards, and display cabinets. Through meticulous optical lens calculations, light precisely washes walls and illuminates art pieces, avoiding any abrupt glare interference, inadvertently outlining the residents' extraordinary lifestyle taste."
suzhou-jinxi,4,image_grid,masonry,"https://rdilighting.oss-cn-hongkong.aliyuncs.com/projects/suzhou-jinxi/03.webp,https://rdilighting.oss-cn-hongkong.aliyuncs.com/projects/suzhou-jinxi/04.webp,https://rdilighting.oss-cn-hongkong.aliyuncs.com/projects/suzhou-jinxi/05.webp,https://rdilighting.oss-cn-hongkong.aliyuncs.com/projects/suzhou-jinxi/06.webp,https://rdilighting.oss-cn-hongkong.aliyuncs.com/projects/suzhou-jinxi/07.webp,https://rdilighting.oss-cn-hongkong.aliyuncs.com/projects/suzhou-jinxi/08.webp,https://rdilighting.oss-cn-hongkong.aliyuncs.com/projects/suzhou-jinxi/09.webp,https://rdilighting.oss-cn-hongkong.aliyuncs.com/projects/suzhou-jinxi/10.webp,https://rdilighting.oss-cn-hongkong.aliyuncs.com/projects/suzhou-jinxi/11.webp,https://rdilighting.oss-cn-hongkong.aliyuncs.com/projects/suzhou-jinxi/12.webp",,,
suzhou-jinxi,5,text_1col,align-left,"### 模糊内外的边界感
落地大窗与户外的庭院景观形成了视觉上的连续体。夜间的庭院景观照明秉持同样的低调作风，以低矮的草坪灯与树木投光为主，光效逐层向外递减。这种光环境的延续性，不仅消融了建筑的物理边界，更让居住者在夜晚获得被自然包裹的安全感与归属感。","### Blurring the Boundaries of Inside and Out
Floor-to-ceiling windows and outdoor courtyard landscapes form a visual continuum. The nighttime landscape lighting adheres to the same low-profile style, dominated by low lawn lights and tree uplighting, with light effects diminishing outwards. This continuity of the light environment dissolves physical boundaries, granting residents a sense of security wrapped in nature.",,
suzhou-jinxi,6,image_grid,masonry,"https://rdilighting.oss-cn-hongkong.aliyuncs.com/projects/suzhou-jinxi/13.webp,https://rdilighting.oss-cn-hongkong.aliyuncs.com/projects/suzhou-jinxi/14.webp,https://rdilighting.oss-cn-hongkong.aliyuncs.com/projects/suzhou-jinxi/15.webp,https://rdilighting.oss-cn-hongkong.aliyuncs.com/projects/suzhou-jinxi/16.webp,https://rdilighting.oss-cn-hongkong.aliyuncs.com/projects/suzhou-jinxi/17.webp,https://rdilighting.oss-cn-hongkong.aliyuncs.com/projects/suzhou-jinxi/18.webp,https://rdilighting.oss-cn-hongkong.aliyuncs.com/projects/suzhou-jinxi/19.webp,https://rdilighting.oss-cn-hongkong.aliyuncs.com/projects/suzhou-jinxi/20.webp,https://rdilighting.oss-cn-hongkong.aliyuncs.com/projects/suzhou-jinxi/21.webp,https://rdilighting.oss-cn-hongkong.aliyuncs.com/projects/suzhou-jinxi/22.webp,https://rdilighting.oss-cn-hongkong.aliyuncs.com/projects/suzhou-jinxi/23.webp,https://rdilighting.oss-cn-hongkong.aliyuncs.com/projects/suzhou-jinxi/24.webp,https://rdilighting.oss-cn-hongkong.aliyuncs.com/projects/suzhou-jinxi/25.webp,https://rdilighting.oss-cn-hongkong.aliyuncs.com/projects/suzhou-jinxi/26.webp,https://rdilighting.oss-cn-hongkong.aliyuncs.com/projects/suzhou-jinxi/27.webp,https://rdilighting.oss-cn-hongkong.aliyuncs.com/projects/suzhou-jinxi/28.webp,https://rdilighting.oss-cn-hongkong.aliyuncs.com/projects/suzhou-jinxi/29.webp,https://rdilighting.oss-cn-hongkong.aliyuncs.com/projects/suzhou-jinxi/30.webp,https://rdilighting.oss-cn-hongkong.aliyuncs.com/projects/suzhou-jinxi/31.webp,https://rdilighting.oss-cn-hongkong.aliyuncs.com/projects/suzhou-jinxi/32.webp,https://rdilighting.oss-cn-hongkong.aliyuncs.com/projects/suzhou-jinxi/33.webp,https://rdilighting.oss-cn-hongkong.aliyuncs.com/projects/suzhou-jinxi/34.webp,https://rdilighting.oss-cn-hongkong.aliyuncs.com/projects/suzhou-jinxi/35.webp,https://rdilighting.oss-cn-hongkong.aliyuncs.com/projects/suzhou-jinxi/36.webp,https://rdilighting.oss-cn-hongkong.aliyuncs.com/projects/suzhou-jinxi/37.webp,https://rdilighting.oss-cn-hongkong.aliyuncs.com/projects/suzhou-jinxi/38.webp,https://rdilighting.oss-cn-hongkong.aliyuncs.com/projects/suzhou-jinxi/39.webp,https://rdilighting.oss-cn-hongkong.aliyuncs.com/projects/suzhou-jinxi/40.webp,https://rdilighting.oss-cn-hongkong.aliyuncs.com/projects/suzhou-jinxi/41.webp,https://rdilighting.oss-cn-hongkong.aliyuncs.com/projects/suzhou-jinxi/42.webp,https://rdilighting.oss-cn-hongkong.aliyuncs.com/projects/suzhou-jinxi/43.webp",,,
suzhou-jinxi,7,image_full,full-width,https://rdilighting.oss-cn-hongkong.aliyuncs.com/projects/suzhou-jinxi/44.webp,,,
suzhou-jinxi,8,text_1col,align-center,*借一缕清辉，入梦烟雨江南；用光影的留白，书写现代人居的静谧篇章。*,*Borrowing a ray of moonlight to dream of misty Jiangnan; using the negative space of light and shadow to write a tranquil chapter of modern living.*,,
shanghai-suitangli,1,text_1col,align-center,"### 极致感官的飨宴之光
坐落于上海太古汇镛舍酒店内的随堂里中餐厅，将高定餐饮体验推向了极致。室内照明深谙高级餐饮的光学心理，通过超低色温与极高显色性光源的大面积运用，营造出私密、内敛却极具食欲诱惑力的餐区环境。精细的桌面聚光与环境弱光形成对比，让每一道佳肴都在光影流转中成为艺术品。","### The Light of an Ultimate Sensory Feast
Located within The Middle House at Taikoo Hui, Shanghai, the Sui Tang Li Chinese restaurant elevates haute dining to the extreme. The interior lighting profoundly understands the optical psychology of fine dining. Through the extensive use of ultra-low color temperature and high CRI light sources, it creates a private, restrained, yet highly appetizing dining environment. Fine table spotlighting contrasts with dim ambient light, turning every dish into a work of art.",,
shanghai-suitangli,2,image_full,full-width,https://rdilighting.oss-cn-hongkong.aliyuncs.com/projects/shanghai-suitangli/02.webp,,,
shanghai-suitangli,3,text_2col,50-50,"### 高级餐饮的光学心理战
在随堂里，灯光不仅仅是照明工具，更是情绪的催化剂。整体空间采用了2700K的极暖色温，这种类似于烛光的色彩基调，瞬间拉近了就餐者之间的心理距离。大面积的暗环境背景消解了公共空间的嘈杂感，为每一桌宾客在光学上建立了一道隐形的私密屏风。","### Optical Psychology of Fine Dining
At Sui Tang Li, lighting is not just an illumination tool but an emotional catalyst. The overall space uses an extremely warm 2700K color temperature; this candle-like tone instantly bridges the psychological distance between diners. The large dark background dissolves the noise of the public space, establishing an invisible optical screen of privacy for each table.","### 让食物如艺术品般呈现
桌面是整个餐厅唯一的绝对视觉焦点。显色指数(CRI)高达95以上的定制射灯精准捕捉餐盘的范围。当浓郁的高饱和度菜肴被聚光灯照亮时，其色泽与纹理得到了最大程度的还原与放大，光线仿佛化身为“天然滤镜”，极大地刺激了食客的味蕾与食欲。","### Presenting Food as Artwork
The tabletop is the only absolute visual focus in the entire restaurant. Custom spotlights with a CRI over 95 precisely target the plate area. When rich, highly saturated dishes are illuminated by the spotlight, their colors and textures are maximally restored and amplified. The light acts as a 'natural filter', immensely stimulating diners' taste buds and appetite."
shanghai-suitangli,4,image_grid,masonry,"https://rdilighting.oss-cn-hongkong.aliyuncs.com/projects/shanghai-suitangli/03.webp,https://rdilighting.oss-cn-hongkong.aliyuncs.com/projects/shanghai-suitangli/04.webp,https://rdilighting.oss-cn-hongkong.aliyuncs.com/projects/shanghai-suitangli/05.webp,https://rdilighting.oss-cn-hongkong.aliyuncs.com/projects/shanghai-suitangli/06.webp",,,
shanghai-suitangli,5,text_1col,align-left,"### 海派元素的光影重塑
餐厅设计融合了上海石库门的复古元素与 Art Deco 几何语言。照明在此并未宣兵夺主，而是顺应建筑的肌理，在隔断、吧台与走廊处施以极其微弱的间接照明（仅5-15lux），让那些精致的黄铜、绒面与老木头在暗光中泛出岁月的低调奢华，构建出极具摩登感的海派东方美学。","### Shadow Reshaping of Shanghai-Style Elements
The restaurant design blends vintage Shanghai Shikumen elements with Art Deco geometric language. The lighting does not overpower but follows the architectural texture, applying extremely dim indirect illumination (only 5-15 lux) to partitions, bars, and corridors. Exquisite brass, velvet, and old wood emit a low-key luxury of age in the dim light, constructing a highly modern Shanghai-style Oriental aesthetic.",,
shanghai-suitangli,6,image_grid,masonry,"https://rdilighting.oss-cn-hongkong.aliyuncs.com/projects/shanghai-suitangli/07.webp,https://rdilighting.oss-cn-hongkong.aliyuncs.com/projects/shanghai-suitangli/08.webp,https://rdilighting.oss-cn-hongkong.aliyuncs.com/projects/shanghai-suitangli/09.webp,https://rdilighting.oss-cn-hongkong.aliyuncs.com/projects/shanghai-suitangli/10.webp,https://rdilighting.oss-cn-hongkong.aliyuncs.com/projects/shanghai-suitangli/11.webp",,,
shanghai-suitangli,7,image_full,full-width,https://rdilighting.oss-cn-hongkong.aliyuncs.com/projects/shanghai-suitangli/12.webp,,,
shanghai-suitangli,8,text_1col,align-center,*在推杯换盏的流光中，品味到的不仅是珍馐美馔，更是被光影精心雕琢的曼妙时光。*,"*In the flowing light of clinking glasses, what one tastes is not just delicacies, but the graceful time meticulously carved by light and shadow.*",,
nanjing-changlefang,1,text_1col,align-center,"### 重塑明代风华的沉浸街区
南京金陵长乐坊作为历史文化街区商业焕新的代表，照明设计深谙古建保护与现代审美的平衡之道。通过定制的暖光调色系统，温润的红光被巧妙用于重塑明代建筑风情；宫灯造型的创新运用与光影的交织，打造出让人仿佛穿越时空的沉浸式文旅空间，赋予历史街区在夜晚全新的生命力与商业价值。","### Immersive District Reshaping Ming Dynasty Elegance
As a representative of historical and cultural district renewal, the Nanjing Jinling Changlefang lighting design deeply understands the balance between ancient architecture preservation and modern aesthetics. Using a custom warm-light tuning system, gentle red hues ingeniously resurrect the Ming Dynasty architectural charm. The innovative use of palace lantern motifs interlaced with dynamic shadows crafts a time-traveling immersive cultural tourism space.",,
nanjing-changlefang,2,image_full,full-width,https://rdilighting.oss-cn-hongkong.aliyuncs.com/projects/nanjing-changlefang/02.webp,,,
nanjing-changlefang,3,text_2col,50-50,"### 一梦回金陵的叙事光影
原为90年代针织内衣厂旧址的长乐坊，如今被改造成新中式园林商业街区。照明设计以“科举赴考-金榜题名”为动线叙事轴心。从入口牌坊的庄重投光，到深巷中摇曳的定制宫灯，光影犹如一条隐形的红线，牵引着游人步步深入，体验一场跨越六百年的金陵幻梦。","### Narrative Lighting: A Dream Back to Jinling
Formerly a 1990s knitting factory, Changlefang is now a Neo-Chinese garden commercial district. The lighting design uses 'Heading for Exams - Attaining Scholarly Honor' as the narrative axis for circulation. From the solemn floodlights at the entrance archway to the swaying custom palace lanterns in deep alleys, light acts as an invisible thread, guiding visitors to experience a Jinling illusion spanning 600 years.","### 繁华商街与静谧园林的平衡
商铺、转角与内庭院的光环境处理极其考究。沿街商铺采用高显色性的内透光吸引客流，而一旦转入内苑，照度瞬间降维，仅以低矮的草坪灯与水景洗墙灯勾勒出假山流水与亭台楼阁。这种明暗交织的节奏感，既满足了现代商业的活力需求，又守住了古建园林应有的静谧与雅致。","### Balancing Bustling Streets and Tranquil Gardens
The light environment for shops, corners, and inner courtyards is extremely refined. Street-facing shops use high-CRI internal glow to attract traffic, but upon entering the inner garden, illuminance drops instantly, using only low lawn lights and water feature wall-washers to trace rockeries and pavilions. This rhythmic interplay of light and dark satisfies modern commercial vitality while preserving the tranquility of ancient gardens."
nanjing-changlefang,4,image_grid,masonry,"https://rdilighting.oss-cn-hongkong.aliyuncs.com/projects/nanjing-changlefang/03.webp,https://rdilighting.oss-cn-hongkong.aliyuncs.com/projects/nanjing-changlefang/04.webp,https://rdilighting.oss-cn-hongkong.aliyuncs.com/projects/nanjing-changlefang/05.webp,https://rdilighting.oss-cn-hongkong.aliyuncs.com/projects/nanjing-changlefang/06.webp,https://rdilighting.oss-cn-hongkong.aliyuncs.com/projects/nanjing-changlefang/07.webp,https://rdilighting.oss-cn-hongkong.aliyuncs.com/projects/nanjing-changlefang/08.webp,https://rdilighting.oss-cn-hongkong.aliyuncs.com/projects/nanjing-changlefang/09.webp",,,
nanjing-changlefang,5,text_1col,align-left,"### 古建材质的精准渲染
朱红的柱漆、青灰的瓦片、温润的木雕，在夜间如何真实还原？RDI照明团队经过多轮现场样板测试，最终选定了特定波段的暖白光结合局部红光谱补正。光线抚过飞檐翘角，不仅没有生硬的“仿古”做作感，反而激发出历史材质本身的温润质感，让古典文化在夜色中鲜活复苏。","### Precise Rendering of Ancient Materials
How to authentically restore crimson pillar paint, slate-gray tiles, and warm wood carvings at night? After multiple on-site mockups, the RDI lighting team selected specific bands of warm white light combined with localized red spectrum correction. Light brushes over the upturned eaves, leaving no stiff 'fake antique' feeling, but rather stimulating the warm texture of the historical materials themselves.",,
nanjing-changlefang,6,image_grid,masonry,"https://rdilighting.oss-cn-hongkong.aliyuncs.com/projects/nanjing-changlefang/10.webp,https://rdilighting.oss-cn-hongkong.aliyuncs.com/projects/nanjing-changlefang/11.webp,https://rdilighting.oss-cn-hongkong.aliyuncs.com/projects/nanjing-changlefang/12.webp,https://rdilighting.oss-cn-hongkong.aliyuncs.com/projects/nanjing-changlefang/13.webp,https://rdilighting.oss-cn-hongkong.aliyuncs.com/projects/nanjing-changlefang/14.webp,https://rdilighting.oss-cn-hongkong.aliyuncs.com/projects/nanjing-changlefang/15.webp,https://rdilighting.oss-cn-hongkong.aliyuncs.com/projects/nanjing-changlefang/16.webp",,,
nanjing-changlefang,7,image_full,full-width,https://rdilighting.oss-cn-hongkong.aliyuncs.com/projects/nanjing-changlefang/17.webp,,,
nanjing-changlefang,8,text_1col,align-center,*旧厂老巷化作盛世图景，提一盏灯笼，我们在光影深处与千年前的繁华撞个满怀。*,"*Old factories and alleys transform into a flourishing landscape; holding a lantern, we embrace the prosperity of a millennium ago deep within the light and shadow.*",,
shanghai-expo-greenhouse,1,text_1col,align-center,"### 梦幻般的夜间生态剧场
上海世博文化公园温室馆，是一座集自然景观与前卫建筑于一体的都市绿洲。照明设计在这里承担了重塑“夜间自然”的使命，通过极高精度的光束投射与色彩渐变控制，植物群落在夜色中焕发出奇幻的生命张力。室内光影不仅满足了生态照明需求，更上演了一场沉浸式的植物光影秀，为城市公共景观照明树立了新标杆。","### A Dreamlike Nocturnal Ecological Theater
The Shanghai Expo Culture Park Greenhouse is an urban oasis blending natural landscapes with avant-garde architecture. The lighting design takes on the mission of reinventing 'nocturnal nature'. Through ultra-precise beam projection and gradient color control, the flora radiates a magical vitality at night. The interior illumination stages an immersive botanical light show, setting a new benchmark for urban landscape lighting.",,
shanghai-expo-greenhouse,2,image_full,full-width,https://rdilighting.oss-cn-hongkong.aliyuncs.com/projects/shanghai-expo-greenhouse/02.webp,,,
shanghai-expo-greenhouse,3,text_2col,50-50,"### 越界自然的光影重塑
植物生长的自然规律在夜晚被暂时“悬置”，取而代之的是一场由算法与光学交织的艺术盛宴。海市沙洲馆中，高精度的投光灯将深邃的蓝紫色光晕洒向沙漠植物区，粗犷的仙人掌在冷色调的勾勒下显得奇幻而神秘，彻底颠覆了人们对植物夜间形态的固有认知。","### Reshaping Nature Beyond Boundaries
The natural laws of plant growth are temporarily 'suspended' at night, replaced by an art feast interwoven with algorithms and optics. In the Mirage Desert Pavilion, high-precision floodlights cast profound blue-purple halos onto the desert flora. Rough cacti appear magical and mysterious outlined in cool tones, completely subverting conventional perceptions of nocturnal plant forms.","### 移步换景的沉浸式游园
光影跟随着游人的步调在空间中流转。从“峡谷飞瀑”的动态波纹光，到“云上森林”中透过树冠洒落的迷离斑驳，每一个展区都有专属的光影情感剧本。通过隐藏在岩石、水下与高空栈道底部的灯具，设计团队完美消解了工业设备的冰冷感，让光仿佛是从自然地貌中自然生长出来的精灵。","### Immersive Garden Strolling with Changing Views
Light and shadow flow through the space following the visitors' pace. From the dynamic ripple lights of the 'Canyon Waterfall' to the dappled beams falling through the canopy in the 'Cloud Forest', each zone has a dedicated lighting emotion script. By hiding fixtures in rocks, underwater, and under elevated walkways, the team perfectly dissolved industrial coldness, making light appear as elves organically grown from the natural landscape."
shanghai-expo-greenhouse,4,image_grid,masonry,"https://rdilighting.oss-cn-hongkong.aliyuncs.com/projects/shanghai-expo-greenhouse/03.webp,https://rdilighting.oss-cn-hongkong.aliyuncs.com/projects/shanghai-expo-greenhouse/05.webp,https://rdilighting.oss-cn-hongkong.aliyuncs.com/projects/shanghai-expo-greenhouse/06.webp,https://rdilighting.oss-cn-hongkong.aliyuncs.com/projects/shanghai-expo-greenhouse/07.webp,https://rdilighting.oss-cn-hongkong.aliyuncs.com/projects/shanghai-expo-greenhouse/08.webp,https://rdilighting.oss-cn-hongkong.aliyuncs.com/projects/shanghai-expo-greenhouse/09.webp,https://rdilighting.oss-cn-hongkong.aliyuncs.com/projects/shanghai-expo-greenhouse/10.webp,https://rdilighting.oss-cn-hongkong.aliyuncs.com/projects/shanghai-expo-greenhouse/11.webp",,,
shanghai-expo-greenhouse,5,text_1col,align-left,"### 超越植物照明的光学挑战
在充满高湿度与复杂水景的温室环境中，灯具的防眩光、防水防腐蚀以及散热面临着极限挑战。团队不仅要确保植物在人工光干预下的健康生长，还要防止乱反射的杂光破坏玻璃穹顶外部的纯净夜景。这是一个融合了园艺学、光学与建筑工程学的跨界壮举。","### Optical Challenges Beyond Botanical Lighting
In a greenhouse environment filled with high humidity and complex waterscapes, anti-glare, waterproofing, corrosion resistance, and heat dissipation of fixtures faced extreme challenges. The team not only had to ensure the healthy growth of plants under artificial light intervention but also prevent stray reflections from ruining the pure night view outside the glass dome. This is a crossover feat blending horticulture, optics, and architectural engineering.",,
shanghai-expo-greenhouse,6,image_grid,masonry,"https://rdilighting.oss-cn-hongkong.aliyuncs.com/projects/shanghai-expo-greenhouse/13.webp,https://rdilighting.oss-cn-hongkong.aliyuncs.com/projects/shanghai-expo-greenhouse/14.webp,https://rdilighting.oss-cn-hongkong.aliyuncs.com/projects/shanghai-expo-greenhouse/15.webp,https://rdilighting.oss-cn-hongkong.aliyuncs.com/projects/shanghai-expo-greenhouse/16.webp,https://rdilighting.oss-cn-hongkong.aliyuncs.com/projects/shanghai-expo-greenhouse/17.webp,https://rdilighting.oss-cn-hongkong.aliyuncs.com/projects/shanghai-expo-greenhouse/18.webp,https://rdilighting.oss-cn-hongkong.aliyuncs.com/projects/shanghai-expo-greenhouse/19.webp,https://rdilighting.oss-cn-hongkong.aliyuncs.com/projects/shanghai-expo-greenhouse/20.webp,https://rdilighting.oss-cn-hongkong.aliyuncs.com/projects/shanghai-expo-greenhouse/21.webp,https://rdilighting.oss-cn-hongkong.aliyuncs.com/projects/shanghai-expo-greenhouse/22.webp,https://rdilighting.oss-cn-hongkong.aliyuncs.com/projects/shanghai-expo-greenhouse/23.webp,https://rdilighting.oss-cn-hongkong.aliyuncs.com/projects/shanghai-expo-greenhouse/24.webp",,,
shanghai-expo-greenhouse,7,image_full,full-width,https://rdilighting.oss-cn-hongkong.aliyuncs.com/projects/shanghai-expo-greenhouse/25.webp,,,
shanghai-expo-greenhouse,8,text_1col,align-center,*城市之肺在夜色中呼吸，光与绿色交织成一首写给未来地球的浪漫赞美诗。*,*The lungs of the city breathe in the night; light and green interweave into a romantic hymn dedicated to the future Earth.*,,
zhengzhou-greenland,1,text_1col,align-center,"### 中原夜空的地标图腾
郑州绿地千玺广场高达280米，建筑外形充满东方神韵。照明设计不仅解决了高空酒店大堂的自然采光难题，更通过塔顶反射材料将阳光引入中庭。夜幕降临，塔顶镜面结合灯光呈现烟花般璀璨的形态；外立面通过隐藏式泛光照明与精准光束角控制，勾勒出玲珑剔透的建筑肌理，使其成为郑州最具代表性的超高层地标夜景。","### A Landmark Totem in the Central Plains Night Sky
Standing 280 meters tall with an Oriental aesthetic, the Zhengzhou Greenland Center solves natural daylighting for the high-altitude hotel lobby by using mirror reflectors. At night, the crown transforms into a luminous firework display. Concealed floodlighting outlines the building's intricate facade, establishing it as Zhengzhou's most iconic supertall landmark.",,
zhengzhou-greenland,2,image_full,full-width,https://rdilighting.oss-cn-hongkong.aliyuncs.com/projects/zhengzhou-greenland/02.webp,,,
zhengzhou-greenland,3,text_2col,50-50,"### 自然采光的大胆实验
在SOM担纲的建筑结构之上，如何为塔楼顶部深处的中庭引入阳光成为了一项巨大的挑战。照明设计团队突破常规，利用塔冠巨大的塔尖与幕墙顶部的镜面反射板，宛如一组宏大的光学仪器，将白昼的阳光层层折射引入室内，让高空大堂沐浴在生机勃勃的自然光中，不仅极大地节约了能源，更创造了独一无二的空间体验。","### A Bold Experiment in Natural Daylighting
On top of the architectural structure led by SOM, introducing sunlight into the deep atrium at the top of the tower posed a massive challenge. The lighting team broke conventions, utilizing the crown's massive spire and mirror reflectors at the curtain wall's top like a grand optical instrument. It refracts daylight into the interior, bathing the high-altitude lobby in vibrant natural light, saving energy and creating a unique spatial experience.","### 夜空中的璀璨烟花
当夜幕替代白昼，塔冠的镜面系统转变了它的角色。精心布置的LED投光设备自下而上照亮这些反射面，原本用于折射阳光的金属构件在夜空中迸发出夺目的光芒。整个建筑顶端宛如一朵正在中原大地上空华丽绽放的烟花，无论从城市哪个角落眺望，都是极具视觉冲击力的视觉图腾。","### Brilliant Fireworks in the Night Sky
When night replaces day, the crown's mirror system shifts its role. Carefully arranged LED floodlights illuminate these reflective surfaces from below. The metal components, originally used to refract sunlight, burst with dazzling radiance in the night sky. The entire building top resembles a gorgeous firework blooming above the Central Plains, forming a highly impactful visual totem from any corner of the city."
zhengzhou-greenland,4,image_grid,masonry,"https://rdilighting.oss-cn-hongkong.aliyuncs.com/projects/zhengzhou-greenland/03.webp,https://rdilighting.oss-cn-hongkong.aliyuncs.com/projects/zhengzhou-greenland/04.webp,https://rdilighting.oss-cn-hongkong.aliyuncs.com/projects/zhengzhou-greenland/05.webp,https://rdilighting.oss-cn-hongkong.aliyuncs.com/projects/zhengzhou-greenland/06.webp,https://rdilighting.oss-cn-hongkong.aliyuncs.com/projects/zhengzhou-greenland/07.webp,https://rdilighting.oss-cn-hongkong.aliyuncs.com/projects/zhengzhou-greenland/08.webp,https://rdilighting.oss-cn-hongkong.aliyuncs.com/projects/zhengzhou-greenland/09.webp",,,
zhengzhou-greenland,5,text_1col,align-left,"### 玲珑剔透的立面洗礼
建筑的主体立面犹如层层叠叠的塔器。为了强化这一东方神韵，设计团队拒绝了平庸的全面泛光，而是根据上下幕墙结构的不同（上部较宽，下部收窄），精确匹配了不同光束角与安装位置的线型洗墙灯。灯具被完美隐藏在建筑肌理中，光线顺着立面倾泻而下，呈现出晶莹剔透、温润如玉的高级质感。","### Translucent Facade Baptism
The building's main facade resembles layered pagodas. To amplify this Oriental charm, the team rejected mediocre full floodlighting. Instead, based on the differing curtain wall structures (wider top, narrower bottom), they precisely matched linear wall washers with different beam angles and mounting positions. Hidden perfectly within the architectural texture, the light cascades down, presenting a translucent, jade-like premium texture.",,
zhengzhou-greenland,6,image_grid,masonry,"https://rdilighting.oss-cn-hongkong.aliyuncs.com/projects/zhengzhou-greenland/10.webp,https://rdilighting.oss-cn-hongkong.aliyuncs.com/projects/zhengzhou-greenland/11.webp,https://rdilighting.oss-cn-hongkong.aliyuncs.com/projects/zhengzhou-greenland/12.webp,https://rdilighting.oss-cn-hongkong.aliyuncs.com/projects/zhengzhou-greenland/13.webp,https://rdilighting.oss-cn-hongkong.aliyuncs.com/projects/zhengzhou-greenland/14.webp,https://rdilighting.oss-cn-hongkong.aliyuncs.com/projects/zhengzhou-greenland/15.webp,https://rdilighting.oss-cn-hongkong.aliyuncs.com/projects/zhengzhou-greenland/16.webp,https://rdilighting.oss-cn-hongkong.aliyuncs.com/projects/zhengzhou-greenland/17.webp",,,
zhengzhou-greenland,7,image_full,full-width,https://rdilighting.oss-cn-hongkong.aliyuncs.com/projects/zhengzhou-greenland/18.webp,,,
zhengzhou-greenland,8,text_1col,align-center,*傲立云端，揽星揽月；它不仅是物理高度的突破，更是以光线重塑中原夜空的美学灯塔。*,"*Standing proudly in the clouds, embracing stars and moons; it is not just a breakthrough in physical height, but an aesthetic lighthouse reshaping the Central Plains night sky with light.*",,
shanghai-tiandi-daguan,1,text_1col,align-center,"### 穿越千年的暗室微光
于上海龙美术馆展出的“天地大观”特展，是一场关于历史与艺术的时空对话。展陈照明挑战了极低照度下的极致视觉呈现，在幽暗静谧的博物馆环境中，通过隐匿式高显色轨道聚光灯，让历经沧桑的文物在微光中重获呼吸。观众仿佛步入一条时光隧道，在极致收敛的光环境中感受藏品震撼人心的力量。","### A Glimmer in the Darkroom Across Millennia
The 'Tiandi Daguan' special exhibition at the Long Museum in Shanghai is a dialogue of time and space regarding history and art. The exhibition lighting challenged the ultimate visual presentation under extremely low illuminance. In the dark, serene museum environment, concealed high-CRI track spotlights allow ancient artifacts to breathe anew in the glimmer. Audiences step into a time tunnel, feeling the awe-inspiring power of the collections within an intensely restrained lighting environment.",,
shanghai-tiandi-daguan,2,image_full,full-width,https://rdilighting.oss-cn-hongkong.aliyuncs.com/projects/shanghai-tiandi-daguan/01.webp,,,
shanghai-tiandi-daguan,3,image_grid,masonry (瀑布流),"https://rdilighting.oss-cn-hongkong.aliyuncs.com/projects/shanghai-tiandi-daguan/02.webp,https://rdilighting.oss-cn-hongkong.aliyuncs.com/projects/shanghai-tiandi-daguan/03.webp,https://rdilighting.oss-cn-hongkong.aliyuncs.com/projects/shanghai-tiandi-daguan/04.webp,https://rdilighting.oss-cn-hongkong.aliyuncs.com/projects/shanghai-tiandi-daguan/05.webp,https://rdilighting.oss-cn-hongkong.aliyuncs.com/projects/shanghai-tiandi-daguan/06.webp,https://rdilighting.oss-cn-hongkong.aliyuncs.com/projects/shanghai-tiandi-daguan/07.webp,https://rdilighting.oss-cn-hongkong.aliyuncs.com/projects/shanghai-tiandi-daguan/08.webp,https://rdilighting.oss-cn-hongkong.aliyuncs.com/projects/shanghai-tiandi-daguan/09.webp,https://rdilighting.oss-cn-hongkong.aliyuncs.com/projects/shanghai-tiandi-daguan/10.webp,https://rdilighting.oss-cn-hongkong.aliyuncs.com/projects/shanghai-tiandi-daguan/11.webp,https://rdilighting.oss-cn-hongkong.aliyuncs.com/projects/shanghai-tiandi-daguan/12.webp,https://rdilighting.oss-cn-hongkong.aliyuncs.com/projects/shanghai-tiandi-daguan/13.webp,https://rdilighting.oss-cn-hongkong.aliyuncs.com/projects/shanghai-tiandi-daguan/14.webp,https://rdilighting.oss-cn-hongkong.aliyuncs.com/projects/shanghai-tiandi-daguan/15.webp,https://rdilighting.oss-cn-hongkong.aliyuncs.com/projects/shanghai-tiandi-daguan/16.webp,https://rdilighting.oss-cn-hongkong.aliyuncs.com/projects/shanghai-tiandi-daguan/17.webp,https://rdilighting.oss-cn-hongkong.aliyuncs.com/projects/shanghai-tiandi-daguan/18.webp,https://rdilighting.oss-cn-hongkong.aliyuncs.com/projects/shanghai-tiandi-daguan/19.webp,https://rdilighting.oss-cn-hongkong.aliyuncs.com/projects/shanghai-tiandi-daguan/20.webp",,,
shenzhen-houhai-tairun,1,text_1col,align-center,"### 流光溢彩的湾区引擎
深圳后海泰伦商业综合体与办公大楼耸立于大湾区核心。照明设计通过立面幕墙的线性灯光矩阵，完美勾勒出KPF设计的现代建筑轮廓。室内则以通透、连贯的商业光环境串联起各大动线空间，内外呼应，在深圳迷人的夜空下展现出强烈的科技感与国际化商业气场。","### The Luminous Engine of the Bay Area
The Shenzhen Houhai Tairun commercial complex and office building soar in the core of the Greater Bay Area. The lighting design uses a linear light matrix on the curtain wall to perfectly outline the modern architectural silhouette designed by KPF. The interior uses a transparent, continuous retail light environment to connect major circulation spaces. Echoing inside and out, it projects a strong sense of technology and international business aura under Shenzhen's captivating night sky.",,
shenzhen-houhai-tairun,2,image_full,full-width,https://rdilighting.oss-cn-hongkong.aliyuncs.com/projects/shenzhen-houhai-tairun/01.webp,,,
shenzhen-houhai-tairun,3,image_grid,masonry (瀑布流),"https://rdilighting.oss-cn-hongkong.aliyuncs.com/projects/shenzhen-houhai-tairun/02.webp,https://rdilighting.oss-cn-hongkong.aliyuncs.com/projects/shenzhen-houhai-tairun/03.webp,https://rdilighting.oss-cn-hongkong.aliyuncs.com/projects/shenzhen-houhai-tairun/04.webp,https://rdilighting.oss-cn-hongkong.aliyuncs.com/projects/shenzhen-houhai-tairun/05.webp",,,
suzhou-jinxi,1,text_1col,align-center,"### 雅致江南的光影礼赞
苏州锦溪示范区将高端人居体验与江南地域文化无缝嫁接。住宅与样板间照明设计遵循“以光为诗”的理念，摒弃繁复的直接光源，大面积运用洗墙灯带与重点照明。柔和的光晕在高级定制的材质表面流转，不仅塑造了优雅静谧的空间格调，更彰显了高端圈层对私密性与生活质感的极致追求。","### An Ode to Elegant Jiangnan Light and Shadow
The Suzhou Jinxi Demonstration Zone seamlessly grafts high-end residential experiences with regional Jiangnan culture. The residential and sample room lighting design follows the 'light as poetry' philosophy, discarding overly complex direct sources in favor of extensive wall-washing strips and accent lighting. Soft halos dance across custom materials, not only shaping an elegant and tranquil spatial tone but also highlighting the ultimate pursuit of privacy and lifestyle quality.",,
suzhou-jinxi,2,image_full,full-width,https://rdilighting.oss-cn-hongkong.aliyuncs.com/projects/suzhou-jinxi/01.webp,,,
suzhou-jinxi,3,image_grid,masonry (瀑布流),"https://rdilighting.oss-cn-hongkong.aliyuncs.com/projects/suzhou-jinxi/02.webp,https://rdilighting.oss-cn-hongkong.aliyuncs.com/projects/suzhou-jinxi/03.webp,https://rdilighting.oss-cn-hongkong.aliyuncs.com/projects/suzhou-jinxi/04.webp,https://rdilighting.oss-cn-hongkong.aliyuncs.com/projects/suzhou-jinxi/05.webp,https://rdilighting.oss-cn-hongkong.aliyuncs.com/projects/suzhou-jinxi/06.webp,https://rdilighting.oss-cn-hongkong.aliyuncs.com/projects/suzhou-jinxi/07.webp,https://rdilighting.oss-cn-hongkong.aliyuncs.com/projects/suzhou-jinxi/08.webp,https://rdilighting.oss-cn-hongkong.aliyuncs.com/projects/suzhou-jinxi/09.webp,https://rdilighting.oss-cn-hongkong.aliyuncs.com/projects/suzhou-jinxi/10.webp,https://rdilighting.oss-cn-hongkong.aliyuncs.com/projects/suzhou-jinxi/11.webp,https://rdilighting.oss-cn-hongkong.aliyuncs.com/projects/suzhou-jinxi/12.webp,https://rdilighting.oss-cn-hongkong.aliyuncs.com/projects/suzhou-jinxi/13.webp,https://rdilighting.oss-cn-hongkong.aliyuncs.com/projects/suzhou-jinxi/14.webp,https://rdilighting.oss-cn-hongkong.aliyuncs.com/projects/suzhou-jinxi/15.webp,https://rdilighting.oss-cn-hongkong.aliyuncs.com/projects/suzhou-jinxi/16.webp,https://rdilighting.oss-cn-hongkong.aliyuncs.com/projects/suzhou-jinxi/17.webp,https://rdilighting.oss-cn-hongkong.aliyuncs.com/projects/suzhou-jinxi/18.webp,https://rdilighting.oss-cn-hongkong.aliyuncs.com/projects/suzhou-jinxi/19.webp,https://rdilighting.oss-cn-hongkong.aliyuncs.com/projects/suzhou-jinxi/20.webp,https://rdilighting.oss-cn-hongkong.aliyuncs.com/projects/suzhou-jinxi/21.webp,https://rdilighting.oss-cn-hongkong.aliyuncs.com/projects/suzhou-jinxi/22.webp,https://rdilighting.oss-cn-hongkong.aliyuncs.com/projects/suzhou-jinxi/23.webp,https://rdilighting.oss-cn-hongkong.aliyuncs.com/projects/suzhou-jinxi/24.webp,https://rdilighting.oss-cn-hongkong.aliyuncs.com/projects/suzhou-jinxi/25.webp,https://rdilighting.oss-cn-hongkong.aliyuncs.com/projects/suzhou-jinxi/26.webp,https://rdilighting.oss-cn-hongkong.aliyuncs.com/projects/suzhou-jinxi/27.webp,https://rdilighting.oss-cn-hongkong.aliyuncs.com/projects/suzhou-jinxi/28.webp,https://rdilighting.oss-cn-hongkong.aliyuncs.com/projects/suzhou-jinxi/29.webp,https://rdilighting.oss-cn-hongkong.aliyuncs.com/projects/suzhou-jinxi/30.webp,https://rdilighting.oss-cn-hongkong.aliyuncs.com/projects/suzhou-jinxi/31.webp,https://rdilighting.oss-cn-hongkong.aliyuncs.com/projects/suzhou-jinxi/32.webp,https://rdilighting.oss-cn-hongkong.aliyuncs.com/projects/suzhou-jinxi/33.webp,https://rdilighting.oss-cn-hongkong.aliyuncs.com/projects/suzhou-jinxi/34.webp,https://rdilighting.oss-cn-hongkong.aliyuncs.com/projects/suzhou-jinxi/35.webp,https://rdilighting.oss-cn-hongkong.aliyuncs.com/projects/suzhou-jinxi/36.webp,https://rdilighting.oss-cn-hongkong.aliyuncs.com/projects/suzhou-jinxi/37.webp,https://rdilighting.oss-cn-hongkong.aliyuncs.com/projects/suzhou-jinxi/38.webp,https://rdilighting.oss-cn-hongkong.aliyuncs.com/projects/suzhou-jinxi/39.webp,https://rdilighting.oss-cn-hongkong.aliyuncs.com/projects/suzhou-jinxi/40.webp,https://rdilighting.oss-cn-hongkong.aliyuncs.com/projects/suzhou-jinxi/41.webp,https://rdilighting.oss-cn-hongkong.aliyuncs.com/projects/suzhou-jinxi/42.webp,https://rdilighting.oss-cn-hongkong.aliyuncs.com/projects/suzhou-jinxi/43.webp,https://rdilighting.oss-cn-hongkong.aliyuncs.com/projects/suzhou-jinxi/44.webp",,,
xiamen-jianfa-ruihu,1,text_1col,align-center,"### 尊贵典雅的新中式画卷
厦门建发瑞湖公馆以东方园林美学为基调，重塑了现代都市豪宅的精神内核。其住宅与景观照明设计通过低色温的投光与精密的节点控制，让古典飞檐、水景与植被在夜晚交织出层次分明的水墨意境。室内的氛围光营造延续了建筑的典雅，呈现出建发房产独有的尊贵、内敛的新中式生活哲学。","### A Noble and Elegant Neo-Chinese Scroll
The Xiamen Jianfa Ruihu Mansion resets the spiritual core of modern urban luxury housing against an Oriental garden aesthetic baseline. Its residential and landscape lighting design utilizes low color temperature floodlights and precise node control, allowing classical eaves, waterscapes, and vegetation to interweave into a layered ink-wash imagery at night. The interior ambient lighting sustains the architectural elegance, presenting the noble and restrained Neo-Chinese living philosophy unique to C&D Real Estate.",,
xiamen-jianfa-ruihu,2,image_full,full-width,https://rdilighting.oss-cn-hongkong.aliyuncs.com/projects/xiamen-jianfa-ruihu/01.webp,,,
xiamen-jianfa-ruihu,3,image_grid,masonry (瀑布流),"https://rdilighting.oss-cn-hongkong.aliyuncs.com/projects/xiamen-jianfa-ruihu/02.webp,https://rdilighting.oss-cn-hongkong.aliyuncs.com/projects/xiamen-jianfa-ruihu/03.webp,https://rdilighting.oss-cn-hongkong.aliyuncs.com/projects/xiamen-jianfa-ruihu/04.webp,https://rdilighting.oss-cn-hongkong.aliyuncs.com/projects/xiamen-jianfa-ruihu/05.webp,https://rdilighting.oss-cn-hongkong.aliyuncs.com/projects/xiamen-jianfa-ruihu/06.webp,https://rdilighting.oss-cn-hongkong.aliyuncs.com/projects/xiamen-jianfa-ruihu/07.webp,https://rdilighting.oss-cn-hongkong.aliyuncs.com/projects/xiamen-jianfa-ruihu/08.webp,https://rdilighting.oss-cn-hongkong.aliyuncs.com/projects/xiamen-jianfa-ruihu/09.webp,https://rdilighting.oss-cn-hongkong.aliyuncs.com/projects/xiamen-jianfa-ruihu/10.webp",,,
xian-poly-tianrui,1,text_1col,align-center,"### 以光筑序的东方雅境
西安保利天瑞承袭古都文脉，将东方礼序融入现代奢华住宅。照明设计以光为引，通过精巧的隐藏式光源与间接照明，构建出归家动线上的庄重感与静谧氛围。样板间内部光环境细腻而富有层次，材质的纹理在柔和的洗墙光下展露无遗，定义了西安顶豪人居的全新光影标杆。","### Oriental Elegance Constructed with Light
Xi'an Poly Tianrui inherits the ancient capital's cultural vein, integrating Oriental ceremonial order into modern luxury living. Guided by light, the design establishes a sense of solemnity and tranquility along the homeward circulation using exquisite concealed sources and indirect lighting. The interior light environment in the sample rooms is delicate and layered, fully revealing material textures under soft wall-washing light, setting a new lighting benchmark for Xi'an's top-tier residences.",,
xian-poly-tianrui,2,image_full,full-width,https://rdilighting.oss-cn-hongkong.aliyuncs.com/projects/xian-poly-tianrui/01.webp,,,
xian-poly-tianrui,3,image_grid,masonry (瀑布流),"https://rdilighting.oss-cn-hongkong.aliyuncs.com/projects/xian-poly-tianrui/02.webp,https://rdilighting.oss-cn-hongkong.aliyuncs.com/projects/xian-poly-tianrui/03.webp,https://rdilighting.oss-cn-hongkong.aliyuncs.com/projects/xian-poly-tianrui/04.webp,https://rdilighting.oss-cn-hongkong.aliyuncs.com/projects/xian-poly-tianrui/05.webp,https://rdilighting.oss-cn-hongkong.aliyuncs.com/projects/xian-poly-tianrui/06.webp,https://rdilighting.oss-cn-hongkong.aliyuncs.com/projects/xian-poly-tianrui/07.webp,https://rdilighting.oss-cn-hongkong.aliyuncs.com/projects/xian-poly-tianrui/08.webp",,,
shanghai-puan-yunchao,1,text_1col,align-center,"### 黄浦江畔的奇幻水岸
上海浦岸云潮光影秀以黄浦江自然水岸为幕布，打造了一场令人叹为观止的数字艺术景观。结合前沿的动态照明与全息光影装置，原本静谧的滨水空间在夜间化身为流光溢彩的梦幻舞台。该文旅夜游项目不仅丰富了徐汇滨江的夜景层次，更成为城市文化与科技碰撞的绝佳打卡地。","### A Magical Waterfront by the Huangpu River
The Shanghai Pu'an Yunchao Light Show utilizes the natural waterfront of the Huangpu River as its canvas, crafting a breathtaking digital art landscape. Combining cutting-edge dynamic lighting with holographic installations, the once-tranquil riverside transforms into a luminous, dreamlike stage at night. This cultural tourism night project not only enriches the Xuhui Binjiang nightscape but serves as a premier destination where urban culture collides with technology.",,
shanghai-puan-yunchao,2,image_full,full-width,https://rdilighting.oss-cn-hongkong.aliyuncs.com/projects/shanghai-puan-yunchao/01.webp,,,
shanghai-puan-yunchao,3,image_grid,masonry (瀑布流),"https://rdilighting.oss-cn-hongkong.aliyuncs.com/projects/shanghai-puan-yunchao/02.webp,https://rdilighting.oss-cn-hongkong.aliyuncs.com/projects/shanghai-puan-yunchao/03.webp,https://rdilighting.oss-cn-hongkong.aliyuncs.com/projects/shanghai-puan-yunchao/04.webp,https://rdilighting.oss-cn-hongkong.aliyuncs.com/projects/shanghai-puan-yunchao/05.webp,https://rdilighting.oss-cn-hongkong.aliyuncs.com/projects/shanghai-puan-yunchao/06.webp,https://rdilighting.oss-cn-hongkong.aliyuncs.com/projects/shanghai-puan-yunchao/07.webp,https://rdilighting.oss-cn-hongkong.aliyuncs.com/projects/shanghai-puan-yunchao/08.webp,https://rdilighting.oss-cn-hongkong.aliyuncs.com/projects/shanghai-puan-yunchao/09.webp",,,
wujiang-hotel-phase2,1,text_1col,align-center,"### 水乡雅居的夜色画卷
位于苏州吴江的经典园林式酒店，通过照明设计重塑江南水乡的古典韵味与现代舒适体验。","### Night Scroll of the Water Town
Located in Wujiang, Suzhou, this classic garden-style hotel reshapes the classical charm of the Jiangnan water town and modern comfortable experience through lighting design.",,
wujiang-hotel-phase2,2,image_full,full-width,https://rdilighting.oss-cn-hongkong.aliyuncs.com/projects/wujiang-hotel-phase2/02.webp,,,
wujiang-hotel-phase2,3,text_2col,50-50,"### 园林光影
结合中国传统园林元素，以光描绘飞檐翘角与水面倒影。","### Garden Light and Shadow
Combined with traditional Chinese garden elements, it uses light to outline the flying eaves and water reflections.","### 雅致内透
利用温暖的室内透光，营造宾至如归的舒适氛围。","### Elegant Interior Translucency
Utilizes warm interior lighting to create a comfortable home-away-from-home atmosphere."
wujiang-hotel-phase2,4,image_grid,masonry,"https://rdilighting.oss-cn-hongkong.aliyuncs.com/projects/wujiang-hotel-phase2/03.webp,https://rdilighting.oss-cn-hongkong.aliyuncs.com/projects/wujiang-hotel-phase2/04.webp,https://rdilighting.oss-cn-hongkong.aliyuncs.com/projects/wujiang-hotel-phase2/05.webp,https://rdilighting.oss-cn-hongkong.aliyuncs.com/projects/wujiang-hotel-phase2/06.webp",,,
wujiang-hotel-phase2,5,text_1col,align-left,"### 低碳节能与保护
采用隐藏式低色温LED洗墙灯与水下灯具，完美保护古建的同时，实现低碳节能。","### Low-carbon and Protection
Employs concealed low color temperature LED wall washers and underwater lights to perfectly protect ancient buildings while achieving energy saving.",,
wujiang-hotel-phase2,6,image_grid,masonry,"https://rdilighting.oss-cn-hongkong.aliyuncs.com/projects/wujiang-hotel-phase2/07.webp,https://rdilighting.oss-cn-hongkong.aliyuncs.com/projects/wujiang-hotel-phase2/08.webp",,,
wujiang-hotel-phase2,7,image_full,full-width,https://rdilighting.oss-cn-hongkong.aliyuncs.com/projects/wujiang-hotel-phase2/09.webp,,,
wujiang-hotel-phase2,8,text_1col,align-center,*光波潋滟，映照出水乡最柔美的夜梦。*,*Rippling light reflects the most tender night dreams of the water town.*,,
shanghai-daxue-road-kic,1,text_1col,align-center,"### “聚”与光影的对话
位于上海大学路的大型互动灯光雕塑，以“@”为灵感，结合1658万种光影变化，成为城市街道的视觉焦点与互动地标。","### Dialogue of 'Gather' and Light
Located on Shanghai's Daxue Road, this large interactive light sculpture, inspired by the '@' symbol and featuring 16.58 million light variations, has become a visual focus and interactive landmark.",,
shanghai-daxue-road-kic,2,image_full,full-width,https://rdilighting.oss-cn-hongkong.aliyuncs.com/projects/shanghai-daxue-road-kic/02.webp,,,
shanghai-daxue-road-kic,3,text_2col,50-50,"### 互动变幻
3500个LED节点实现1658万种动态色彩变化，呼应街区活力。","### Interactive Transformation
3,500 LED nodes realize 16.58 million dynamic color changes, echoing the vitality of the neighborhood.","### 空间重塑
雕塑不仅是艺术品，更将白天的交通节点转化为夜晚的狂欢地标。","### Space Reshaping
The sculpture is not only an artwork but also transforms the daytime traffic node into a nighttime carnival landmark."
shanghai-daxue-road-kic,4,image_grid,masonry,"https://rdilighting.oss-cn-hongkong.aliyuncs.com/projects/shanghai-daxue-road-kic/03.webp,https://rdilighting.oss-cn-hongkong.aliyuncs.com/projects/shanghai-daxue-road-kic/04.webp,https://rdilighting.oss-cn-hongkong.aliyuncs.com/projects/shanghai-daxue-road-kic/05.webp",,,
shanghai-daxue-road-kic,5,text_1col,align-left,"### 精准光电控制
采用定制化光电控制系统与高透光材料，确保视觉上的晶莹剔透与光效的精准呈现。","### Precise Photoelectric Control
Adopts customized photoelectric control systems and high-transmittance materials to ensure crystal clear visuals and precise light effects.",,
shanghai-daxue-road-kic,6,image_grid,masonry,"https://rdilighting.oss-cn-hongkong.aliyuncs.com/projects/shanghai-daxue-road-kic/06.webp,https://rdilighting.oss-cn-hongkong.aliyuncs.com/projects/shanghai-daxue-road-kic/07.webp",,,
shanghai-daxue-road-kic,7,image_full,full-width,https://rdilighting.oss-cn-hongkong.aliyuncs.com/projects/shanghai-daxue-road-kic/08.webp,,,
shanghai-daxue-road-kic,8,text_1col,align-center,*城市的霓虹不息，却唯有此刻的光影，真正触及了灵魂。*,"*The city's neon lights never rest, but only the light and shadow at this moment truly touch the soul.*",,
chengdu-greenland,1,text_1col,align-center,"### 冲上云霄的光影之翼
成都绿地航校以其独特的飘带建筑形态为载体，通过精准的投光与参数化照明，展现航空腾飞的设计意象。","### Wings of Light
Taking the unique ribbon architectural form as a carrier, Chengdu Greenland Aviation School showcases the design imagery of aviation takeoff through precise projection and parametric lighting.",,
chengdu-greenland,2,image_full,full-width,https://rdilighting.oss-cn-hongkong.aliyuncs.com/projects/chengdu-greenland/02.webp,,,
chengdu-greenland,3,text_2col,50-50,"### 飘带渲染
利用精准的光学投射，点亮建筑连续无边界的红色飘带，如长空划过的轨迹。","### Ribbon Illumination
Utilizes precise optical projection to light up the continuous, boundless red ribbon of the building, like a trajectory across the sky.","### 视觉焦点
强化主入口与视觉端点的亮度分布，形成极具张力的夜间景观。","### Visual Focus
Enhances the brightness distribution at the main entrance and visual endpoints, forming a highly tense nighttime landscape."
chengdu-greenland,4,image_grid,masonry,"https://rdilighting.oss-cn-hongkong.aliyuncs.com/projects/chengdu-greenland/03.webp,https://rdilighting.oss-cn-hongkong.aliyuncs.com/projects/chengdu-greenland/04.webp,https://rdilighting.oss-cn-hongkong.aliyuncs.com/projects/chengdu-greenland/05.webp,https://rdilighting.oss-cn-hongkong.aliyuncs.com/projects/chengdu-greenland/06.webp,https://rdilighting.oss-cn-hongkong.aliyuncs.com/projects/chengdu-greenland/07.webp",,,
chengdu-greenland,5,text_1col,align-left,"### 高效控光与肌理呈现
采用高显色性、小角度LED投光灯，精确计算光度与角度，避免光污染并最大化展示建筑肌理。","### Efficient Light Control and Texture Display
Utilizes high CRI, narrow-angle LED floodlights with precisely calculated luminosity and angles to avoid light pollution and maximize the display of architectural texture.",,
chengdu-greenland,6,image_grid,masonry,"https://rdilighting.oss-cn-hongkong.aliyuncs.com/projects/chengdu-greenland/08.webp,https://rdilighting.oss-cn-hongkong.aliyuncs.com/projects/chengdu-greenland/09.webp,https://rdilighting.oss-cn-hongkong.aliyuncs.com/projects/chengdu-greenland/10.webp,https://rdilighting.oss-cn-hongkong.aliyuncs.com/projects/chengdu-greenland/11.webp,https://rdilighting.oss-cn-hongkong.aliyuncs.com/projects/chengdu-greenland/12.webp",,,
chengdu-greenland,7,image_full,full-width,https://rdilighting.oss-cn-hongkong.aliyuncs.com/projects/chengdu-greenland/13.webp,,,
chengdu-greenland,8,text_1col,align-center,*长空之下，那一抹划破暗夜的赤色，是飞向云端的诗篇。*,"*Beneath the vast sky, that red streak cutting through the dark night is a poem flying to the clouds.*",,
beijing-palace-museum-exhibition,1,text_1col,align-center,"### 照见天地心的文化之光
故宫“照见天地心：中国书房的意与象”展览，以沉浸式照明设计跨越时空，将当代艺术与历史文物完美融合。","### Light of Cultural Heritage
The Palace Museum's 'Mirroring the Heart of Heaven and Earth' exhibition uses immersive lighting design to perfectly blend contemporary art with historical artifacts across time and space.",,
beijing-palace-museum-exhibition,2,image_full,full-width,https://rdilighting.oss-cn-hongkong.aliyuncs.com/projects/beijing-palace-museum-exhibition/02.webp,,,
beijing-palace-museum-exhibition,3,text_2col,50-50,"### 沉浸体验
引入裸眼3D与体感交互投影，还原“香雪”书房的静谧意境。","### Immersive Experience
Introduces naked-eye 3D and interactive projection to restore the tranquil mood of the 'Xiangxue' study.","### 跨界对话
通过精准的重点照明，使从古代文物到当代艺术的作品在同一空间中产生共鸣。","### Cross-Boundary Dialogue
Through precise accent lighting, works ranging from ancient artifacts to contemporary art resonate within the same space."
beijing-palace-museum-exhibition,4,image_grid,masonry,"https://rdilighting.oss-cn-hongkong.aliyuncs.com/projects/beijing-palace-museum-exhibition/03.webp,https://rdilighting.oss-cn-hongkong.aliyuncs.com/projects/beijing-palace-museum-exhibition/04.webp,https://rdilighting.oss-cn-hongkong.aliyuncs.com/projects/beijing-palace-museum-exhibition/05.webp,https://rdilighting.oss-cn-hongkong.aliyuncs.com/projects/beijing-palace-museum-exhibition/06.webp",,,
beijing-palace-museum-exhibition,5,text_1col,align-left,"### 博物馆级光学保护
展柜与展墙采用高显色低照度的博物馆级轨道灯与光纤照明，确保文物安全的同时完美呈现艺术细节。","### Museum-Grade Optical Protection
Display cabinets and walls use high CRI, low illuminance museum-grade track lights and fiber optic lighting to ensure artifact safety while perfectly presenting artistic details.",,
beijing-palace-museum-exhibition,6,image_grid,masonry,"https://rdilighting.oss-cn-hongkong.aliyuncs.com/projects/beijing-palace-museum-exhibition/07.webp,https://rdilighting.oss-cn-hongkong.aliyuncs.com/projects/beijing-palace-museum-exhibition/08.webp,https://rdilighting.oss-cn-hongkong.aliyuncs.com/projects/beijing-palace-museum-exhibition/09.webp,https://rdilighting.oss-cn-hongkong.aliyuncs.com/projects/beijing-palace-museum-exhibition/10.webp",,,
beijing-palace-museum-exhibition,7,image_full,full-width,https://rdilighting.oss-cn-hongkong.aliyuncs.com/projects/beijing-palace-museum-exhibition/11.webp,,,
beijing-palace-museum-exhibition,8,text_1col,align-center,*穿越千年的时光，在这一方光晕中，照见了天地的本心。*,"*Traveling through thousands of years, in this halo of light, the true heart of heaven and earth is revealed.*",,
shanghai-fusion-gym,1,text_1col,align-center,"### 激发活力的运动光域
位于上海太古里的FUSION健身房，以现代极简的室内设计与柔和动感的灯光交错，打造极具未来感的运动空间。","### Energizing Sports Light Realm
Located in Taikoo Li Shanghai, FUSION GYM intertwines modern minimalist interior design with soft, dynamic lighting to create a futuristic sports space.",,
shanghai-fusion-gym,2,image_full,full-width,https://rdilighting.oss-cn-hongkong.aliyuncs.com/projects/shanghai-fusion-gym/02.webp,,,
shanghai-fusion-gym,3,text_2col,50-50,"### 几何光阵
采用阵列式方形发光灯膜与圆形吊灯，模拟自然天光，注入空间动感。","### Geometric Light Matrix
Uses an array of square luminous film lights and circular pendants to simulate natural skylight, injecting dynamism into the space.","### 材质对话
隐藏式洗墙灯凸显珠母贝瓷砖的温润光泽，与硬朗的器械形成反差。","### Material Dialogue
Concealed wall washers highlight the warm luster of mother-of-pearl tiles, creating a contrast with the tough equipment."
shanghai-fusion-gym,4,image_grid,masonry,"https://rdilighting.oss-cn-hongkong.aliyuncs.com/projects/shanghai-fusion-gym/03.webp,https://rdilighting.oss-cn-hongkong.aliyuncs.com/projects/shanghai-fusion-gym/04.webp,https://rdilighting.oss-cn-hongkong.aliyuncs.com/projects/shanghai-fusion-gym/05.webp,https://rdilighting.oss-cn-hongkong.aliyuncs.com/projects/shanghai-fusion-gym/06.webp,https://rdilighting.oss-cn-hongkong.aliyuncs.com/projects/shanghai-fusion-gym/07.webp,https://rdilighting.oss-cn-hongkong.aliyuncs.com/projects/shanghai-fusion-gym/08.webp",,,
shanghai-fusion-gym,5,text_1col,align-left,"### 舒适视觉与高级质感
运用防眩光下照灯与间接照明系统，确保运动过程中的视觉舒适度与高端空间质感。","### Comfortable Vision and Premium Texture
Utilizes anti-glare downlights and indirect lighting systems to ensure visual comfort and a premium spatial texture during workouts.",,
shanghai-fusion-gym,6,image_grid,masonry,"https://rdilighting.oss-cn-hongkong.aliyuncs.com/projects/shanghai-fusion-gym/09.webp,https://rdilighting.oss-cn-hongkong.aliyuncs.com/projects/shanghai-fusion-gym/10.webp,https://rdilighting.oss-cn-hongkong.aliyuncs.com/projects/shanghai-fusion-gym/11.webp,https://rdilighting.oss-cn-hongkong.aliyuncs.com/projects/shanghai-fusion-gym/12.webp,https://rdilighting.oss-cn-hongkong.aliyuncs.com/projects/shanghai-fusion-gym/13.webp,https://rdilighting.oss-cn-hongkong.aliyuncs.com/projects/shanghai-fusion-gym/14.webp,https://rdilighting.oss-cn-hongkong.aliyuncs.com/projects/shanghai-fusion-gym/15.webp",,,
shanghai-fusion-gym,7,image_full,full-width,https://rdilighting.oss-cn-hongkong.aliyuncs.com/projects/shanghai-fusion-gym/16.webp,,,
shanghai-fusion-gym,8,text_1col,align-center,*汗水与光轨交织，每一步跃动都在雕刻未来的自己。*,*Sweat and light trails intertwine; every leap carves out the future self.*,,
suzhou-the-summit,1,text_1col,align-center,"### 苏州天际的晶莹之盒
毗邻金鸡湖的双塔城市综合体，灯光延续苏州传统建筑的黑白灰色调，打造出现代而典雅的城市新地标。","### Glowing Box in Suzhou Skyline
Adjacent to Jinji Lake, this twin-tower complex extends the black, white, and gray tones of traditional Suzhou architecture, creating a modern and elegant new city landmark.",,
suzhou-the-summit,2,image_full,full-width,https://rdilighting.oss-cn-hongkong.aliyuncs.com/projects/suzhou-the-summit/02.webp,,,
suzhou-the-summit,3,text_2col,50-50,"### 发光裙楼
裙楼采用多层背光系统，结合定制釉面玻璃，在夜间化作温润的“发光盒子”。","### Glowing Podium
The podium uses a multi-layer backlight system combined with custom glazed glass, transforming into a warm 'glowing box' at night.","### 互动剪影
连桥上的感应系统将行人的动作化为玻璃幕墙上的动态剪影，增强商业互动。","### Interactive Silhouette
A sensor system on the bridge translates pedestrians' movements into dynamic silhouettes on the glass facade, enhancing commercial interaction."
suzhou-the-summit,4,image_grid,masonry,"https://rdilighting.oss-cn-hongkong.aliyuncs.com/projects/suzhou-the-summit/03.webp,https://rdilighting.oss-cn-hongkong.aliyuncs.com/projects/suzhou-the-summit/04.webp,https://rdilighting.oss-cn-hongkong.aliyuncs.com/projects/suzhou-the-summit/05.webp",,,
suzhou-the-summit,5,text_1col,align-left,"### LEED级绿色能效
幕墙内部署了15000个高定制LED点光源，耗电极低，符合最高级别LEED绿色建筑标准。","### LEED-Grade Green Efficiency
15,000 highly customized LED point sources are deployed inside the curtain wall with extremely low power consumption, meeting the highest LEED green building standards.",,
suzhou-the-summit,6,image_grid,masonry,"https://rdilighting.oss-cn-hongkong.aliyuncs.com/projects/suzhou-the-summit/06.webp,https://rdilighting.oss-cn-hongkong.aliyuncs.com/projects/suzhou-the-summit/07.webp,https://rdilighting.oss-cn-hongkong.aliyuncs.com/projects/suzhou-the-summit/08.webp",,,
suzhou-the-summit,7,image_full,full-width,https://rdilighting.oss-cn-hongkong.aliyuncs.com/projects/suzhou-the-summit/09.webp,,,
suzhou-the-summit,8,text_1col,align-center,*姑苏夜幕里，那晶莹剔透的城之光，折射着水乡的摩登梦。*,"*In the night of Gusu, the crystal-clear light of the city reflects the modern dream of the water town.*",,
guangzhou-zeekr-icc,1,text_1col,align-center,"### 极氪未来的科技光窗
ZEEKR极氪全球首家品牌中心，以纯粹的色温变化与暗槽藏光设计，凸显汽车的科技质感与现代空间的极简美学。","### Technological Light Window of Future
As ZEEKR's first global brand center, it highlights the technological texture of cars and the minimalist aesthetics of modern space through pure color temperature changes and concealed light slot designs.",,
guangzhou-zeekr-icc,2,image_full,full-width,https://rdilighting.oss-cn-hongkong.aliyuncs.com/projects/guangzhou-zeekr-icc/02.webp,,,
guangzhou-zeekr-icc,3,text_2col,50-50,"### 橱窗立面
摒弃繁复，仅保留发光Logo，用不同色温的内透光将上下楼层划分出不同的情绪区间。","### Showroom Facade
Discarding complexity, it only retains the illuminated Logo, using different color temperatures of inner light to divide the upper and lower floors into different emotional zones.","### 环形聚焦
VIP区采用天花与地面的圆环灯槽呼应，将视觉焦点完美汇聚于展车之上。","### Circular Focus
The VIP area features echoing circular light slots on the ceiling and floor, perfectly converging the visual focus onto the display car."
guangzhou-zeekr-icc,4,image_grid,masonry,"https://rdilighting.oss-cn-hongkong.aliyuncs.com/projects/guangzhou-zeekr-icc/03.webp,https://rdilighting.oss-cn-hongkong.aliyuncs.com/projects/guangzhou-zeekr-icc/04.webp,https://rdilighting.oss-cn-hongkong.aliyuncs.com/projects/guangzhou-zeekr-icc/05.webp,https://rdilighting.oss-cn-hongkong.aliyuncs.com/projects/guangzhou-zeekr-icc/06.webp,https://rdilighting.oss-cn-hongkong.aliyuncs.com/projects/guangzhou-zeekr-icc/07.webp,https://rdilighting.oss-cn-hongkong.aliyuncs.com/projects/guangzhou-zeekr-icc/08.webp,https://rdilighting.oss-cn-hongkong.aliyuncs.com/projects/guangzhou-zeekr-icc/09.webp",,,
guangzhou-zeekr-icc,5,text_1col,align-left,"### 无主灯空间的纯粹质感
陈列墙与楼梯间运用隐藏式层板灯与洗墙灯，以无主光设计打造出高级而纯粹的未来空间。","### Pure Texture of Masterless Light Space
The display walls and stairwells use concealed shelf lights and wall washers, creating a premium and pure futuristic space through a masterless lighting design.",,
guangzhou-zeekr-icc,6,image_grid,masonry,"https://rdilighting.oss-cn-hongkong.aliyuncs.com/projects/guangzhou-zeekr-icc/10.webp,https://rdilighting.oss-cn-hongkong.aliyuncs.com/projects/guangzhou-zeekr-icc/11.webp,https://rdilighting.oss-cn-hongkong.aliyuncs.com/projects/guangzhou-zeekr-icc/12.webp,https://rdilighting.oss-cn-hongkong.aliyuncs.com/projects/guangzhou-zeekr-icc/13.webp,https://rdilighting.oss-cn-hongkong.aliyuncs.com/projects/guangzhou-zeekr-icc/14.webp,https://rdilighting.oss-cn-hongkong.aliyuncs.com/projects/guangzhou-zeekr-icc/15.webp,https://rdilighting.oss-cn-hongkong.aliyuncs.com/projects/guangzhou-zeekr-icc/16.webp",,,
guangzhou-zeekr-icc,7,image_full,full-width,https://rdilighting.oss-cn-hongkong.aliyuncs.com/projects/guangzhou-zeekr-icc/17.webp,,,
guangzhou-zeekr-icc,8,text_1col,align-center,*极简的光，划破时代的边界，引领我们驶入科技的深宇。*,"*Minimalist light cuts through the boundaries of the era, leading us into the deep universe of technology.*",,
shanghai-sinan-books,1,text_1col,align-center,"### 梧桐树下的闪耀钻石
位于上海思南公馆的快闪概念书店，如同一颗发光的钻石，在城市的心脏地带为阅读者点亮一盏人文之光。","### Shining Diamond under Plane Trees
Located in Sinan Mansions, Shanghai, this pop-up concept bookstore shines like a glowing diamond, lighting a lamp of humanities for readers in the heart of the city.",,
shanghai-sinan-books,2,image_full,full-width,https://rdilighting.oss-cn-hongkong.aliyuncs.com/projects/shanghai-sinan-books/02.webp,,,
shanghai-sinan-books,3,text_2col,50-50,"### 媒介立面
闭合时，书架背面的定制化LED矩阵化身为数字媒体墙，与城市广场进行光影对话。","### Media Facade
When closed, the customized LED matrix on the back of the bookshelves transforms into a digital media wall, engaging in a light dialogue with the city square.","### 向心阵列
室内运用向心式布局与隐藏式线性灯带，为驻店作家与读者提供温暖的阅读包裹感。","### Centripetal Array
The interior utilizes a centripetal layout and concealed linear light strips to provide resident writers and readers with a warm, enveloping reading experience."
shanghai-sinan-books,4,image_grid,masonry,"https://rdilighting.oss-cn-hongkong.aliyuncs.com/projects/shanghai-sinan-books/03.webp,https://rdilighting.oss-cn-hongkong.aliyuncs.com/projects/shanghai-sinan-books/04.webp,https://rdilighting.oss-cn-hongkong.aliyuncs.com/projects/shanghai-sinan-books/05.webp,https://rdilighting.oss-cn-hongkong.aliyuncs.com/projects/shanghai-sinan-books/06.webp,https://rdilighting.oss-cn-hongkong.aliyuncs.com/projects/shanghai-sinan-books/07.webp,https://rdilighting.oss-cn-hongkong.aliyuncs.com/projects/shanghai-sinan-books/08.webp,https://rdilighting.oss-cn-hongkong.aliyuncs.com/projects/shanghai-sinan-books/09.webp,https://rdilighting.oss-cn-hongkong.aliyuncs.com/projects/shanghai-sinan-books/10.webp",,,
shanghai-sinan-books,5,text_1col,align-left,"### 极致的空间集成
30平米的极小空间内，巧妙集成微型调光系统与灯具节点，实现结构与光影的无缝融合。","### Ultimate Space Integration
Within a tiny 30-square-meter space, micro dimming systems and lighting nodes are cleverly integrated to achieve a seamless fusion of structure and light.",,
shanghai-sinan-books,6,image_grid,masonry,"https://rdilighting.oss-cn-hongkong.aliyuncs.com/projects/shanghai-sinan-books/11.webp,https://rdilighting.oss-cn-hongkong.aliyuncs.com/projects/shanghai-sinan-books/12.webp,https://rdilighting.oss-cn-hongkong.aliyuncs.com/projects/shanghai-sinan-books/13.webp,https://rdilighting.oss-cn-hongkong.aliyuncs.com/projects/shanghai-sinan-books/14.webp,https://rdilighting.oss-cn-hongkong.aliyuncs.com/projects/shanghai-sinan-books/15.webp,https://rdilighting.oss-cn-hongkong.aliyuncs.com/projects/shanghai-sinan-books/16.webp,https://rdilighting.oss-cn-hongkong.aliyuncs.com/projects/shanghai-sinan-books/17.webp,https://rdilighting.oss-cn-hongkong.aliyuncs.com/projects/shanghai-sinan-books/18.webp,https://rdilighting.oss-cn-hongkong.aliyuncs.com/projects/shanghai-sinan-books/19.webp,https://rdilighting.oss-cn-hongkong.aliyuncs.com/projects/shanghai-sinan-books/20.webp,https://rdilighting.oss-cn-hongkong.aliyuncs.com/projects/shanghai-sinan-books/21.webp,https://rdilighting.oss-cn-hongkong.aliyuncs.com/projects/shanghai-sinan-books/22.webp,https://rdilighting.oss-cn-hongkong.aliyuncs.com/projects/shanghai-sinan-books/23.webp,https://rdilighting.oss-cn-hongkong.aliyuncs.com/projects/shanghai-sinan-books/24.webp,https://rdilighting.oss-cn-hongkong.aliyuncs.com/projects/shanghai-sinan-books/25.webp,https://rdilighting.oss-cn-hongkong.aliyuncs.com/projects/shanghai-sinan-books/26.webp,https://rdilighting.oss-cn-hongkong.aliyuncs.com/projects/shanghai-sinan-books/27.webp,https://rdilighting.oss-cn-hongkong.aliyuncs.com/projects/shanghai-sinan-books/28.webp,https://rdilighting.oss-cn-hongkong.aliyuncs.com/projects/shanghai-sinan-books/29.webp,https://rdilighting.oss-cn-hongkong.aliyuncs.com/projects/shanghai-sinan-books/30.webp,https://rdilighting.oss-cn-hongkong.aliyuncs.com/projects/shanghai-sinan-books/31.webp,https://rdilighting.oss-cn-hongkong.aliyuncs.com/projects/shanghai-sinan-books/32.webp,https://rdilighting.oss-cn-hongkong.aliyuncs.com/projects/shanghai-sinan-books/33.webp,https://rdilighting.oss-cn-hongkong.aliyuncs.com/projects/shanghai-sinan-books/34.webp,https://rdilighting.oss-cn-hongkong.aliyuncs.com/projects/shanghai-sinan-books/35.webp,https://rdilighting.oss-cn-hongkong.aliyuncs.com/projects/shanghai-sinan-books/36.webp,https://rdilighting.oss-cn-hongkong.aliyuncs.com/projects/shanghai-sinan-books/38.webp,https://rdilighting.oss-cn-hongkong.aliyuncs.com/projects/shanghai-sinan-books/39.webp,https://rdilighting.oss-cn-hongkong.aliyuncs.com/projects/shanghai-sinan-books/40.webp,https://rdilighting.oss-cn-hongkong.aliyuncs.com/projects/shanghai-sinan-books/41.webp,https://rdilighting.oss-cn-hongkong.aliyuncs.com/projects/shanghai-sinan-books/42.webp,https://rdilighting.oss-cn-hongkong.aliyuncs.com/projects/shanghai-sinan-books/43.webp,https://rdilighting.oss-cn-hongkong.aliyuncs.com/projects/shanghai-sinan-books/44.webp,https://rdilighting.oss-cn-hongkong.aliyuncs.com/projects/shanghai-sinan-books/45.webp,https://rdilighting.oss-cn-hongkong.aliyuncs.com/projects/shanghai-sinan-books/46.webp,https://rdilighting.oss-cn-hongkong.aliyuncs.com/projects/shanghai-sinan-books/47.webp,https://rdilighting.oss-cn-hongkong.aliyuncs.com/projects/shanghai-sinan-books/48.webp",,,
shanghai-sinan-books,7,image_full,full-width,https://rdilighting.oss-cn-hongkong.aliyuncs.com/projects/shanghai-sinan-books/49.webp,,,
shanghai-sinan-books,8,text_1col,align-center,*梧桐掩映下，这颗温润的发光宝石，是城市最柔软的书香梦境。*,"*Shaded by plane trees, this glowing gem is the city's softest literary dream.*",,
shanghai-hengfeng-bridge,1,text_1col,align-center,"### 苏河之上的时空涟漪
荣获A'DESIGN大奖的全球首创多功能灯光艺术装置，将激光、投影与道路照明完美融合，让百年老桥焕发水波涟漪。","### Space-time Ripples on Suzhou River
Winning the A'DESIGN Award, this world-first multi-functional lighting art installation perfectly integrates lasers, projections, and road lighting, rejuvenating a century-old bridge with water ripples.",,
shanghai-hengfeng-bridge,2,image_full,full-width,https://rdilighting.oss-cn-hongkong.aliyuncs.com/projects/shanghai-hengfeng-bridge/09.webp,,,
shanghai-hengfeng-bridge,3,text_2col,50-50,"### 激光织网
利用桥面灯杆顶部的互动激光束在空中交织，仿佛为苏州河披上一层梦幻的流光之网。","### Laser Weaving
Utilizes interactive laser beams at the top of the bridge's lamp posts to weave in the air, seemingly draping a dreamy net of flowing light over the Suzhou River.","### 涟漪互动
多功能灯杆向人行道投射出灵动的水波纹，与桥下潺潺的苏州河水遥相呼应。","### Ripple Interaction
Multi-functional lamp posts project lively water ripples onto the sidewalks, echoing the murmuring waters of the Suzhou River below."
shanghai-hengfeng-bridge,4,image_grid,masonry,"https://rdilighting.oss-cn-hongkong.aliyuncs.com/projects/shanghai-hengfeng-bridge/11.webp,https://rdilighting.oss-cn-hongkong.aliyuncs.com/projects/shanghai-hengfeng-bridge/12.webp,https://rdilighting.oss-cn-hongkong.aliyuncs.com/projects/shanghai-hengfeng-bridge/13.webp,https://rdilighting.oss-cn-hongkong.aliyuncs.com/projects/shanghai-hengfeng-bridge/14.webp,https://rdilighting.oss-cn-hongkong.aliyuncs.com/projects/shanghai-hengfeng-bridge/15.webp,https://rdilighting.oss-cn-hongkong.aliyuncs.com/projects/shanghai-hengfeng-bridge/16.webp",,,
shanghai-hengfeng-bridge,5,text_1col,align-left,"### 安全与美学的共鸣
装置集成了防眩光模块与智能控制系统，在美化城市夜景的同时，极大提升了行车与步行的安全性。","### Resonance of Safety and Aesthetics
The installation integrates anti-glare modules and intelligent control systems, immensely improving driving and walking safety while beautifying the city's night scene.",,
shanghai-hengfeng-bridge,6,image_grid,masonry,"https://rdilighting.oss-cn-hongkong.aliyuncs.com/projects/shanghai-hengfeng-bridge/17.webp,https://rdilighting.oss-cn-hongkong.aliyuncs.com/projects/shanghai-hengfeng-bridge/18.webp,https://rdilighting.oss-cn-hongkong.aliyuncs.com/projects/shanghai-hengfeng-bridge/19.webp,https://rdilighting.oss-cn-hongkong.aliyuncs.com/projects/shanghai-hengfeng-bridge/20.webp,https://rdilighting.oss-cn-hongkong.aliyuncs.com/projects/shanghai-hengfeng-bridge/21.webp,https://rdilighting.oss-cn-hongkong.aliyuncs.com/projects/shanghai-hengfeng-bridge/22.webp",,,
shanghai-hengfeng-bridge,7,image_full,full-width,https://rdilighting.oss-cn-hongkong.aliyuncs.com/projects/shanghai-hengfeng-bridge/23.webp,,,
shanghai-hengfeng-bridge,8,text_1col,align-center,*光网倾泻而下，苏河的水波倒映着百年的岁月与顷刻的永恒。*,"*The light net pours down, and the ripples of the Suzhou River reflect a century of time and an instant of eternity.*",,
hangzhou-ocean-kic,1,text_1col,align-center,"### 点亮夜色商业的璀璨之眼
以“YEAH”为夜经济核心概念，通过建筑立面与广场的动态光影联动，打造杭州大运河畔最具活力的潮流引力场。","### Shining Eye of Night Commercial
With 'YEAH' as the core concept of the night economy, it creates the most vibrant trend-setting gravitational field along Hangzhou's Grand Canal through the dynamic light linkage between the building facade and the plaza.",,
hangzhou-ocean-kic,2,image_full,full-width,https://rdilighting.oss-cn-hongkong.aliyuncs.com/projects/hangzhou-ocean-kic/02.webp,,,
hangzhou-ocean-kic,3,text_2col,50-50,"### 水波云影
下沉广场与主入口通过定制化媒体矩阵，呈现水流与云影的动态视觉艺术。","### Water Wave Cloud Shadow
The sunken plaza and main entrance present dynamic visual arts of water flow and cloud shadows through a customized media matrix.","### 商业磁场
高空塔楼的冠部照明与裙楼的温暖内透交相辉映，建立起强大的城市视觉坐标。","### Commercial Magnetic Field
The crown lighting of the high-rise tower and the warm interior translucency of the podium complement each other, establishing a powerful urban visual coordinate."
hangzhou-ocean-kic,4,image_grid,masonry,"https://rdilighting.oss-cn-hongkong.aliyuncs.com/projects/hangzhou-ocean-kic/03.webp,https://rdilighting.oss-cn-hongkong.aliyuncs.com/projects/hangzhou-ocean-kic/04.webp,https://rdilighting.oss-cn-hongkong.aliyuncs.com/projects/hangzhou-ocean-kic/05.webp,https://rdilighting.oss-cn-hongkong.aliyuncs.com/projects/hangzhou-ocean-kic/06.webp",,,
hangzhou-ocean-kic,5,text_1col,align-left,"### 智能场景联动
运用高效节能的外控RGBW线性灯与点光源，结合定时场景控制，满足平日、节假日及深夜的不同光影需求。",### Intelligent Scene,,
nanchang-gemdale-metropolis-light,1,text_1col,align-center,"### 城市之心，方圆交织的艺术微光
南昌金地中奥九颂都会之光位于江西省南昌市，这座融合了城市化与休闲属性的社区文化中心，承载着多层次的空间属性。照明设计以方圆交织的建筑形态为灵感，通过智能照明与线性光影，塑造出南昌城市夜空中宁静而现代的建筑地标。","### The Heart of the City: An Artistic Glimmer of Interlaced Square and Circle
Located in Nanchang, Jiangxi Province, Gemdale Zhongaojiusong Metropolis Light is a community culture center blending urbanization and leisure with multi-layered spatial attributes. Inspired by its square and circular architectural forms, the lighting design uses smart illumination and linear light to sculpt a tranquil, modern architectural landmark in the Nanchang night sky.",,
nanchang-gemdale-metropolis-light,2,image_full,full-width,https://rdilighting.oss-cn-hongkong.aliyuncs.com/projects/nanchang-gemdale-metropolis-light/02.webp,,,
nanchang-gemdale-metropolis-light,3,text_2col,50-50,"### 轮廓与肌理的对话
照明设计顺应建筑外部石材的平滑质感，通过顶部挑檐的线性散发光，创造出一种仿佛悬浮于空中的轻盈感。","### A Dialogue Between Outline and Texture
The lighting design follows the smooth texture of the exterior stone, creating a sense of weightlessness, as if floating in the air, through linear light emitted from the top cornice.","### 柔和与刚硬的交织
地埋洗墙灯的运用强化了建筑表面直线与曲线的交织，丰富了空间的视觉层次。水景倒影与建筑发光体相互辉映，构筑了动静结合的光影生态。","### Interweaving Softness and Rigidity
The use of in-ground wall washers strengthens the interplay of straight and curved lines on the facade, enriching the visual hierarchy. Water reflections and the glowing architecture complement each other, building a dynamic ecosystem of light and shadow."
nanchang-gemdale-metropolis-light,4,image_grid,masonry,"https://rdilighting.oss-cn-hongkong.aliyuncs.com/projects/nanchang-gemdale-metropolis-light/03.webp,https://rdilighting.oss-cn-hongkong.aliyuncs.com/projects/nanchang-gemdale-metropolis-light/04.webp,https://rdilighting.oss-cn-hongkong.aliyuncs.com/projects/nanchang-gemdale-metropolis-light/05.webp,https://rdilighting.oss-cn-hongkong.aliyuncs.com/projects/nanchang-gemdale-metropolis-light/06.webp",,,
nanchang-gemdale-metropolis-light,5,text_1col,align-left,"### 沉浸式的细节雕琢
为了凸显中心广场上四根具有圆形穹顶的巨大结构柱，顶部边缘精心布置了定制LED灯带。光线从地面洗墙灯柔和升起，与顶部投射光形成鲜明对比，为访客提供了极具趣味与安全感的空间体验。","### Immersive Detail Sculpting
To highlight the four giant structural columns with circular domes in the central square, customized LED strips are meticulously arranged on the top edges. The light softly rises from ground wall washers, contrasting sharply with the top projection light, providing visitors with a spatial experience full of interest and safety.",,
nanchang-gemdale-metropolis-light,6,image_grid,masonry,"https://rdilighting.oss-cn-hongkong.aliyuncs.com/projects/nanchang-gemdale-metropolis-light/07.webp,https://rdilighting.oss-cn-hongkong.aliyuncs.com/projects/nanchang-gemdale-metropolis-light/08.webp,https://rdilighting.oss-cn-hongkong.aliyuncs.com/projects/nanchang-gemdale-metropolis-light/09.webp",,,
nanchang-gemdale-metropolis-light,7,image_full,full-width,https://rdilighting.oss-cn-hongkong.aliyuncs.com/projects/nanchang-gemdale-metropolis-light/10.webp,,,
nanchang-gemdale-metropolis-light,8,text_1col,align-center,*光是建筑的灵魂，它让静谧的方圆之境在夜幕中悄然绽放。*,"*Light is the soul of architecture, allowing the tranquil realm of square and circle to quietly bloom in the night.*",,
wuhan-shuion-tiandi,1,text_1col,align-center,"### 拔地而起的光影巨塔
武汉瑞安企业天地傲立于武汉核心商业区，通过极具序列感的灯光设计，完美展示了办公与商业空间的不同尺度。光影不仅赋予了建筑夜间的灵魂，更使其成为武汉滨江天际线中不可或缺的璀璨智能照明地标。","### A Towering Monolith of Light and Shadow
Standing proudly in the core commercial district of Wuhan, the Wuhan Shui On Corporate Avenue perfectly demonstrates the different scales of office and commercial spaces through its highly sequenced lighting design. Light and shadow not only give the building its nocturnal soul but also make it an indispensable, dazzling smart lighting landmark in Wuhan's riverside skyline.",,
wuhan-shuion-tiandi,2,image_full,full-width,https://rdilighting.oss-cn-hongkong.aliyuncs.com/projects/wuhan-shuion-tiandi/02.webp,,,
wuhan-shuion-tiandi,3,text_2col,50-50,"### 幕墙肌理的极致刻画
灯光设计通过在建筑立面穿孔铝板中巧妙隐藏灯具，精准的控光避免了对室内环境的干扰，同时在夜间形成如繁星般的立体视觉效果。","### Ultimate Depiction of Facade Texture
The lighting design cleverly hides fixtures within the perforated aluminum panels. Precise light control prevents interference with the indoor environment while creating a three-dimensional visual effect dotted like stars at night.","### 顶部王冠的璀璨绽放
塔楼顶部的灯光处理，采用高亮度、高色彩饱和度的投光设备，结合智能控制系统，使建筑如同戴上了发光的王冠。","### The Radiant Bloom of the Crown
The lighting treatment at the top of the tower employs high-brightness, high-color-saturation floodlights combined with an intelligent control system, making the building appear as if crowned with light."
wuhan-shuion-tiandi,4,image_grid,masonry,"https://rdilighting.oss-cn-hongkong.aliyuncs.com/projects/wuhan-shuion-tiandi/03.webp,https://rdilighting.oss-cn-hongkong.aliyuncs.com/projects/wuhan-shuion-tiandi/04.webp,https://rdilighting.oss-cn-hongkong.aliyuncs.com/projects/wuhan-shuion-tiandi/05.webp",,,
wuhan-shuion-tiandi,5,text_1col,align-left,"### 商业活力的光之引导
在商业裙楼部分，灯光通过色温与亮度的对比，强化了商业入口的吸引力，结合景观节点的重点照明，为城市夜晚注入源源不断的活力。","### Light Guidance of Commercial Vitality
In the commercial podium, the lighting enhances the attraction of the commercial entrances through the contrast of color temperature and brightness. Combined with the accent lighting of landscape nodes, it injects continuous vitality into the city's night.",,
wuhan-shuion-tiandi,6,image_grid,masonry,"https://rdilighting.oss-cn-hongkong.aliyuncs.com/projects/wuhan-shuion-tiandi/06.webp,https://rdilighting.oss-cn-hongkong.aliyuncs.com/projects/wuhan-shuion-tiandi/07.webp",,,
wuhan-shuion-tiandi,7,image_full,full-width,https://rdilighting.oss-cn-hongkong.aliyuncs.com/projects/wuhan-shuion-tiandi/08.webp,,,
wuhan-shuion-tiandi,8,text_1col,align-center,*流光溢彩间，城市天际线被赋予了不朽的韵律。*,"*Amidst the flowing colors, the city skyline is endowed with an immortal rhythm.*",,
jingjiang-water-street,1,text_1col,align-center,"### 水岸边的自然光语
靖江水街位于滨江新城，建筑群以自然有机的形态顺应河道生长。照明设计精准捕捉了建筑连续的转折与起伏，将光影与水景交融，为这座充满生活气息的商业街区打造了柔和、生态的夜间美学。","### Natural Light Language Along the Water
Located in Binjiang New City, the Jingjiang Water Street features an architectural complex that grows naturally along the river. The lighting design accurately captures the continuous twists and undulations of the buildings, blending light and water to create a soft, ecological nighttime aesthetic for this vibrant commercial block.",,
jingjiang-water-street,2,image_full,full-width,https://rdilighting.oss-cn-hongkong.aliyuncs.com/projects/jingjiang-water-street/02.webp,,,
jingjiang-water-street,3,text_2col,50-50,"### 屋顶天际线的律动
设计策略性地强调了绵延转折的屋顶天际线，同时通过二层大玻璃的框架照明，在视觉上进一步削减了屋顶的厚重感。","### The Rhythm of the Roof Skyline
The design strategically emphasizes the sprawling and turning roof skyline, while further reducing the visual weight of the roof through the frame lighting of the second-floor large glass.","### 粗犷与细腻的平衡
水泥板间的缝隙溢出微光，既保留了材料生产施工的原始痕迹，又在同一细部中实现了粗犷质感与细腻光影的完美共存。","### The Balance of Roughness and Delicacy
The faint light overflowing from the gaps between the cement boards retains the original traces of material production, achieving a perfect coexistence of rough texture and delicate light and shadow."
jingjiang-water-street,4,image_grid,masonry,"https://rdilighting.oss-cn-hongkong.aliyuncs.com/projects/jingjiang-water-street/03.webp,https://rdilighting.oss-cn-hongkong.aliyuncs.com/projects/jingjiang-water-street/04.webp,https://rdilighting.oss-cn-hongkong.aliyuncs.com/projects/jingjiang-water-street/05.webp",,,
jingjiang-water-street,5,text_1col,align-left,"### 楼梯与栏杆的艺术微光
作为连接一二层平台的重要通道，楼梯的光影处理兼顾了功能与形式。栏杆扶手处暗藏的细致灯光，不仅保障了行人的安全，更为夜间漫步增添了一抹隐秘的浪漫。","### Artistic Glimmer of Stairs and Railings
As an important channel connecting the first and second-floor platforms, the lighting of the stairs balances function and form. The subtle lighting hidden in the handrails not only ensures pedestrian safety but also adds a touch of secret romance to a night stroll.",,
jingjiang-water-street,6,image_grid,masonry,https://rdilighting.oss-cn-hongkong.aliyuncs.com/projects/jingjiang-water-street/06.webp,,,
jingjiang-water-street,7,image_full,full-width,https://rdilighting.oss-cn-hongkong.aliyuncs.com/projects/jingjiang-water-street/07.webp,,,
jingjiang-water-street,8,text_1col,align-center,*水波微漾，光影如织，编织出滨江之夜的温润诗篇。*,*Rippling water and woven light compose a warm poem for the riverside night.*,,
xian-gemdale-xifeng,1,text_1col,align-center,"### 大唐风华的现代演绎
金地西安西沣公元售楼处位于高新区CBD核心，作为西安高端住宅的标杆展示区，照明设计深挖大明宫的建筑精髓。以现代光影手法重塑东方古典山水意境，将其打造为城市夜景观中极具文化底蕴的视觉焦点。","### Modern Interpretation of Tang Dynasty Elegance
Gemdale Xi'an Xifeng Gongyuan sales center is located in the CBD core of the high-tech zone. As a benchmark exhibition area for high-end residences in Xi'an, the lighting design digs into the architectural essence of the Daming Palace. Using modern light and shadow techniques, it reshapes the oriental classical landscape conception, making it a highly cultural visual focus in the urban nightscape.",,
xian-gemdale-xifeng,2,image_full,full-width,https://rdilighting.oss-cn-hongkong.aliyuncs.com/projects/xian-gemdale-xifeng/02.webp,,,
xian-gemdale-xifeng,3,text_2col,50-50,"### 线性灯光与建筑轴线
建筑外观主要通过隐藏在幕墙、挑檐和屋顶的线性灯具，形成水平视觉序列，强有力地突出建筑的中轴对称美感。","### Linear Light and Architectural Axis
The building exterior mainly uses linear fixtures hidden in the curtain wall, eaves, and roof to form a horizontal visual sequence, strongly highlighting the symmetrical beauty of the architectural axis.","### 庭院深处的低亮度景观
中心庭院采用地埋灯提供必要的基础照明，以极低的整体亮度传达出中国古典山水画般的留白意境与幽深感。","### Low-Brightness Landscape in the Courtyard
The central courtyard uses in-ground lights to provide necessary basic lighting, conveying the blank-leaving mood and depth of classical Chinese landscape paintings with extremely low overall brightness."
xian-gemdale-xifeng,4,image_grid,masonry,"https://rdilighting.oss-cn-hongkong.aliyuncs.com/projects/xian-gemdale-xifeng/03.webp,https://rdilighting.oss-cn-hongkong.aliyuncs.com/projects/xian-gemdale-xifeng/04.webp,https://rdilighting.oss-cn-hongkong.aliyuncs.com/projects/xian-gemdale-xifeng/05.webp,https://rdilighting.oss-cn-hongkong.aliyuncs.com/projects/xian-gemdale-xifeng/06.webp",,,
xian-gemdale-xifeng,5,text_1col,align-left,"### 视觉艺术与功能的统一
从售楼处到样板房的风雨连廊，防眩光筒灯细腻地引导着参观动线。3000K的温暖色温不仅赋予建筑现代质感，更在光影变幻中将传统符号娓娓道来。","### Unity of Visual Art and Function
From the sales center to the sample houses, anti-glare downlights delicately guide the visitor's flow. The warm 3000K color temperature not only gives the building a modern texture but also gracefully narrates traditional symbols in the play of light.",,
xian-gemdale-xifeng,6,image_grid,masonry,https://rdilighting.oss-cn-hongkong.aliyuncs.com/projects/xian-gemdale-xifeng/07.webp,,,
xian-gemdale-xifeng,7,image_full,full-width,https://rdilighting.oss-cn-hongkong.aliyuncs.com/projects/xian-gemdale-xifeng/08.webp,,,
xian-gemdale-xifeng,8,text_1col,align-center,*长安夜色入梦来，光影勾勒出越过千年的风雅。*,"*The night of Chang'an enters the dream, as light outlines an elegance traversing a millennium.*",,
tianjin-nio-house,1,text_1col,align-center,"### 极致纯粹的用户空间体验
天津蔚来中心（NIO House）作为品牌在全球的第18家门店，以温暖、极简的基调打造了一个超越传统的商业与社交空间。智能照明系统精准匹配了不同区域的功能需求，营造出科技感与人文温度并存的高端体验。","### Ultimate and Pure User Space Experience
As the brand's 18th store globally, the Tianjin NIO House uses a warm and minimalist tone to create a commercial and social space that transcends tradition. The intelligent lighting system precisely matches the functional needs of different areas, creating a high-end experience where technological sense and humanistic warmth coexist.",,
tianjin-nio-house,2,image_full,full-width,https://rdilighting.oss-cn-hongkong.aliyuncs.com/projects/tianjin-nio-house/02.webp,,,
tianjin-nio-house,3,text_2col,50-50,"### Gallery区：科技的聚光灯
首层展车区以冷色温为主，防眩光的高显色灯具精准照亮车辆漆面的质感，配合极简的无主灯天花，凸显未来出行的科技张力。","### Gallery Area: The Spotlight of Tech
The first-floor car exhibition area features cool color temperatures. Anti-glare, high-CRI fixtures precisely illuminate the texture of the car paint, highlighting the technological tension of future mobility.","### Club区：温馨的私享客厅
二层用户专属区则转换为暖色调，灯光柔和地洗刷水磨石与原木材质，利用色温的过渡为用户带来如家般放松与愉悦的交流氛围。","### Club Area: A Cozy Private Living Room
The exclusive user area on the second floor switches to warm tones. The light softly washes the terrazzo and solid wood materials, using the color temperature transition to bring users a home-like, relaxing atmosphere."
tianjin-nio-house,4,image_grid,masonry,"https://rdilighting.oss-cn-hongkong.aliyuncs.com/projects/tianjin-nio-house/03.webp,https://rdilighting.oss-cn-hongkong.aliyuncs.com/projects/tianjin-nio-house/04.webp,https://rdilighting.oss-cn-hongkong.aliyuncs.com/projects/tianjin-nio-house/05.webp,https://rdilighting.oss-cn-hongkong.aliyuncs.com/projects/tianjin-nio-house/06.webp",,,
tianjin-nio-house,5,text_1col,align-left,"### 细腻的光学控制
设计团队对建筑幕墙的玻璃透光率进行了深度研究，使内部光环境能够在夜晚向外自然渗透，成为城市街道上通透且高级的视觉橱窗。","### Delicate Optical Control
The design team conducted an in-depth study of the glass transmittance of the building facade, allowing the internal light environment to naturally penetrate outward at night, becoming a transparent and premium visual window on the city street.",,
tianjin-nio-house,6,image_grid,masonry,https://rdilighting.oss-cn-hongkong.aliyuncs.com/projects/tianjin-nio-house/07.webp,,,
tianjin-nio-house,7,image_full,full-width,https://rdilighting.oss-cn-hongkong.aliyuncs.com/projects/tianjin-nio-house/08.webp,,,
tianjin-nio-house,8,text_1col,align-center,*光是无声的邀请，在极简与温暖间，照亮了通往未来的旅程。*,"*Light is a silent invitation, illuminating the journey to the future between minimalism and warmth.*",,
nanjing-jinlin-yihaoyuan,1,text_1col,align-center,"### 藏光之盒：长江畔的诗意画卷
南京金陵壹号院“藏光之盒”艺术馆毗邻长江，深植于金陵的历史文脉。照明设计以传统画轴为灵感，通过虚实相间的青砖墙与空灵的水景，将东方美学与现代智能照明完美融合，打造出一处避世脱俗的高端住宅示范区。","### Box of Preserving Light: A Poetic Scroll by the Yangtze
Adjacent to the Yangtze River and deeply rooted in the historical context of Jinling, the 'Box of Preserving Light' art gallery of Nanjing Jinlin Yihaoyuan blends oriental aesthetics with modern smart lighting. Inspired by traditional scrolls, it creates a secluded high-end residential demonstration area through hollowed gray brick walls and ethereal water features.",,
nanjing-jinlin-yihaoyuan,2,image_full,full-width,https://rdilighting.oss-cn-hongkong.aliyuncs.com/projects/nanjing-jinlin-yihaoyuan/02.webp,,,
nanjing-jinlin-yihaoyuan,3,text_2col,50-50,"### 青砖隙影的含蓄之美
入口的青砖由虚变实，暗藏的灯带从砖缝间透出微微光晕，结合背墙的间接反射光，勾勒出如水墨画般的肌理变幻。","### The Implicit Beauty of Brick Shadows
The gray bricks at the entrance transition from hollow to solid. Concealed light strips glow through the gaps, combining with the indirect reflected light from the back wall to outline texture variations reminiscent of ink paintings.","### 天圆地方的哲学微光
庭院内的圆形水景与方形灰砖墙互为呼应。漂浮于水面之上的步道被低色温的静谧灯光引导，带领访客步入水晶般通透的玻璃发光体。","### Philosophical Glimmer of Heaven and Earth
The circular water feature in the courtyard echoes the square gray brick wall. The walkway floating on the water is guided by low-color-temperature quiet light, leading visitors into a crystal-clear glowing glass box."
nanjing-jinlin-yihaoyuan,4,image_grid,masonry,"https://rdilighting.oss-cn-hongkong.aliyuncs.com/projects/nanjing-jinlin-yihaoyuan/03.webp,https://rdilighting.oss-cn-hongkong.aliyuncs.com/projects/nanjing-jinlin-yihaoyuan/04.webp",,,
nanjing-jinlin-yihaoyuan,5,text_1col,align-left,"### 屋顶的留白艺术
建筑屋顶结构巧妙借用了中国传统绘画中的留白手法，大面积的间接反射光使屋顶仿佛悬浮于夜空，光影如龙吐水般轻盈流动，极具震撼力。","### The Art of Blank Space on the Roof
The roof structure cleverly borrows the blank-leaving method of traditional Chinese painting. Large areas of indirect reflected light make the roof seem to float in the night sky, with light and shadow flowing gracefully like a dragon spitting water.",,
nanjing-jinlin-yihaoyuan,6,image_grid,masonry,https://rdilighting.oss-cn-hongkong.aliyuncs.com/projects/nanjing-jinlin-yihaoyuan/05.webp,,,
nanjing-jinlin-yihaoyuan,7,image_full,full-width,https://rdilighting.oss-cn-hongkong.aliyuncs.com/projects/nanjing-jinlin-yihaoyuan/06.webp,,,
nanjing-jinlin-yihaoyuan,8,text_1col,align-center,*青砖藏隙影，水木映流光，于喧嚣中寻得一方诗意栖居。*,"*Shadows hide in the gray bricks, light flows on the water and trees, finding a poetic dwelling amidst the clamor.*",,
shanghai-inno-kic,1,text_1col,align-center,"### 唤醒创新之魂的新办公生态
上海创智天地INNO是由旧厂房焕新而来的共创办公空间。照明设计在这个充满活力的新天地里，用极具层次的氛围光串联起各个异构空间，不仅支持了SOHO族群与初创企业的多元工作模式，更为城市更新注入了智慧的光学灵魂。","### Awakening the Soul of Innovation in a New Office Ecology
Shanghai INNO KIC is a co-working office space revitalized from an old factory building. In this vibrant new world, the lighting design connects various heterogeneous spaces with highly layered ambient light. It not only supports the diverse work modes of the SOHO community and startups but also injects a smart optical soul into urban renewal.",,
shanghai-inno-kic,2,image_full,full-width,https://rdilighting.oss-cn-hongkong.aliyuncs.com/projects/shanghai-inno-kic/02.webp,,,
shanghai-inno-kic,3,text_2col,50-50,"### 庭院光影的柔性对话
核心庭院保留了原始的建筑构件，设计通过低色温的重点照明，强化了新旧材料的质感对比，使其成为交流与灵感碰撞的温暖社交中心。","### Flexible Dialogue of Courtyard Light
The core courtyard retains original architectural components. The design uses low-color-temperature accent lighting to enhance the texture contrast between old and new materials, making it a warm social center for communication and inspiration.","### 灵活适配的智能照明
针对不同办公区域的需求，照明系统提供了多维度的场景切换，从专注工作的高显色白光到休闲洽谈的柔和暖光，实现空间的无缝流转。","### Flexible and Adaptable Smart Lighting
Tailored to the needs of different office areas, the lighting system provides multi-dimensional scene switching, from high-CRI white light for focused work to soft warm light for casual chats, realizing seamless spatial flow."
shanghai-inno-kic,4,image_grid,masonry,"https://rdilighting.oss-cn-hongkong.aliyuncs.com/projects/shanghai-inno-kic/03.webp,https://rdilighting.oss-cn-hongkong.aliyuncs.com/projects/shanghai-inno-kic/04.webp,https://rdilighting.oss-cn-hongkong.aliyuncs.com/projects/shanghai-inno-kic/05.webp,https://rdilighting.oss-cn-hongkong.aliyuncs.com/projects/shanghai-inno-kic/06.webp",,,
shanghai-inno-kic,5,text_1col,align-left,"### 工业遗迹的视觉重塑
在开放办公区与走廊，管线裸露的工业风天花板被精密计算的洗墙灯与轨道射灯点亮，既保留了建筑的原始野性，又提升了整体环境的高级商业感。","### Visual Reshaping of Industrial Relics
In open office areas and corridors, the industrial-style ceilings with exposed pipes are illuminated by precisely calculated wall washers and track lights, preserving the building's raw wildness while elevating its premium commercial feel.",,
shanghai-inno-kic,6,image_grid,masonry,https://rdilighting.oss-cn-hongkong.aliyuncs.com/projects/shanghai-inno-kic/07.webp,,,
shanghai-inno-kic,7,image_full,full-width,https://rdilighting.oss-cn-hongkong.aliyuncs.com/projects/shanghai-inno-kic/08.webp,,,
shanghai-inno-kic,8,text_1col,align-center,*旧工业的躯壳里，光正孕育着新时代的无垠创造力。*,"*Within the shell of old industry, light is nurturing the boundless creativity of a new era.*",,
shenyang-red-plum,1,text_1col,align-center,"### 老厂房里的时光剧场
沈阳红梅文创园由拥有80年历史的老味精厂改造而来，照明设计团队为其核心的演艺中心（1号楼）与艺术画廊（16号楼）量身定制了灯光系统。光影在这里化身为穿越时空的使者，将粗犷的工业遗迹与细腻的当代艺术展陈空间完美缝合。","### The Time Theater in an Old Factory
Shenyang Red Plum Culture and Creative Park was transformed from an 80-year-old MSG factory. The lighting design team customized the lighting system for its core Live Performance Area (Building 1) and Art Gallery (Building 16). Here, light acts as an envoy traveling through time, perfectly stitching rough industrial relics with delicate contemporary art exhibition spaces.",,
shenyang-red-plum,2,image_full,full-width,https://rdilighting.oss-cn-hongkong.aliyuncs.com/projects/shenyang-red-plum/02.webp,,,
shenyang-red-plum,3,text_2col,50-50,"### 1号楼：红砖上的悬浮聚落
演艺中心的立面照明运用嵌入式洗墙灯，均匀的洗刷光使得倾斜的红砖墙在夜晚如同一座悬浮的艺术殿堂，彰显出历史的厚重与新生。","### Building 1: Floating Settlement on Red Bricks
The facade lighting of the performance center uses recessed wall washers. The uniform washing light makes the sloping red brick walls look like a floating art palace at night, showing the weight of history and rebirth.","### 16号楼：发酵池内的画廊
画廊内部保留了原有的发酵桶筒仓。顶部的拱形天花通过定制的三合一轨道灯系统，既提供了极高还原度的艺术品照明，又用向上的线性光洗亮了古老的混凝土拱顶。","### Building 16: Gallery in the Fermentation Pool
The gallery interior retains the original fermentation silos. The vaulted ceiling features a custom three-in-one track light system, providing highly restorative art lighting while washing the ancient concrete vault with upward linear light."
shenyang-red-plum,4,image_grid,masonry,"https://rdilighting.oss-cn-hongkong.aliyuncs.com/projects/shenyang-red-plum/03.webp,https://rdilighting.oss-cn-hongkong.aliyuncs.com/projects/shenyang-red-plum/04.webp,https://rdilighting.oss-cn-hongkong.aliyuncs.com/projects/shenyang-red-plum/05.webp,https://rdilighting.oss-cn-hongkong.aliyuncs.com/projects/shenyang-red-plum/06.webp",,,
shenyang-red-plum,5,text_1col,align-left,"### 自然光与人工光的巧妙博弈
画廊中原本的天窗被进行了遮光处理以保护艺术品，但设计师在天窗位置巧妙设计了发光灯箱，模拟自然天光的倾泻，让空间依然保持着明亮舒适的呼吸感。","### Clever Play Between Natural and Artificial Light
The original skylights in the gallery were blacked out to protect the artwork. However, designers cleverly created light boxes in their place to simulate pouring natural daylight, keeping the space bright and breathable.",,
shenyang-red-plum,6,image_grid,masonry,https://rdilighting.oss-cn-hongkong.aliyuncs.com/projects/shenyang-red-plum/07.webp,,,
shenyang-red-plum,7,image_full,full-width,https://rdilighting.oss-cn-hongkong.aliyuncs.com/projects/shenyang-red-plum/08.webp,,,
shenyang-red-plum,8,text_1col,align-center,*红砖记录岁月，光影重塑新生，历史的低语在艺术馆中回荡。*,"*Red bricks record the years, light reshapes rebirth, and the whispers of history echo in the gallery.*",,
hangzhou-center,1,text_1col,align-center,"### 城市十字路口的光学盛宴
杭州中心位于武林广场这一极具历史积淀的商圈，这座宏大的商业综合体成为了杭州城市更新的焦点。照明设计以灵动且极具张力的动态灯光，重塑了外立面与室内空间的视觉关联，使其成为引领未来生活方式的璀璨明珠。","### An Optical Feast at the City Crossroads
Located in the historically rich Wulin Square commercial circle, Hangzhou Center is a grand commercial complex serving as the focal point of urban renewal. The lighting design uses agile and highly tense dynamic light to reshape the visual connection between the facade and interior, making it a dazzling pearl leading future lifestyles.",,
hangzhou-center,2,image_full,full-width,https://rdilighting.oss-cn-hongkong.aliyuncs.com/projects/hangzhou-center/02.webp,,,
hangzhou-center,3,text_2col,50-50,"### 幕墙的流光溢彩
外立面照明突破了传统商业的照明手法，将高亮度媒体立面与建筑肌理无缝融合。夜间，建筑犹如一面巨大的画布，光影在此上演着城市的繁华交响曲。","### Flowing Colors on the Curtain Wall
The facade lighting breaks through traditional commercial methods, seamlessly blending high-brightness media facades with architectural texture. At night, the building acts as a huge canvas where light and shadow perform a symphony of urban prosperity.","### 室内空间的高级质感
在商业中庭，防眩光筒灯与间接照明交织，通过对色温的精准把控，打造出极具奢华感而又不失温馨的购物环境，引导人流向上探索。","### Premium Texture of the Interior Space
In the commercial atrium, anti-glare downlights and indirect lighting intertwine. Through precise control of color temperature, a luxurious yet warm shopping environment is created, guiding the crowd to explore upward."
hangzhou-center,4,image_grid,masonry,"https://rdilighting.oss-cn-hongkong.aliyuncs.com/projects/hangzhou-center/03.webp,https://rdilighting.oss-cn-hongkong.aliyuncs.com/projects/hangzhou-center/04.webp,https://rdilighting.oss-cn-hongkong.aliyuncs.com/projects/hangzhou-center/05.webp,https://rdilighting.oss-cn-hongkong.aliyuncs.com/projects/hangzhou-center/06.webp,https://rdilighting.oss-cn-hongkong.aliyuncs.com/projects/hangzhou-center/07.webp,https://rdilighting.oss-cn-hongkong.aliyuncs.com/projects/hangzhou-center/08.webp",,,
hangzhou-center,5,text_1col,align-left,"### 现场微调的匠心独运
设计团队在现场进行了上万次的调光实验，确保每一个灯具的投射角度都不会在反射率极高的幕墙玻璃上产生恼人的光斑，真正做到了“见光不见灯”的极致照明理念。","### Ingenuity in On-site Fine-tuning
The design team conducted thousands of dimming experiments on-site, ensuring that the projection angle of every fixture would not create annoying glare on the highly reflective curtain wall glass, truly achieving the ultimate lighting concept of 'seeing the light but not the source'.",,
hangzhou-center,6,image_grid,masonry,"https://rdilighting.oss-cn-hongkong.aliyuncs.com/projects/hangzhou-center/09.webp,https://rdilighting.oss-cn-hongkong.aliyuncs.com/projects/hangzhou-center/10.webp,https://rdilighting.oss-cn-hongkong.aliyuncs.com/projects/hangzhou-center/11.webp,https://rdilighting.oss-cn-hongkong.aliyuncs.com/projects/hangzhou-center/12.webp,https://rdilighting.oss-cn-hongkong.aliyuncs.com/projects/hangzhou-center/13.webp,https://rdilighting.oss-cn-hongkong.aliyuncs.com/projects/hangzhou-center/14.webp,https://rdilighting.oss-cn-hongkong.aliyuncs.com/projects/hangzhou-center/15.webp,https://rdilighting.oss-cn-hongkong.aliyuncs.com/projects/hangzhou-center/16.webp",,,
hangzhou-center,7,image_full,full-width,https://rdilighting.oss-cn-hongkong.aliyuncs.com/projects/hangzhou-center/17.webp,,,
hangzhou-center,8,text_1col,align-center,*繁华深处，光影不息，点亮了这座城市向未来的脉搏。*,"*Deep in the prosperity, light never ceases, illuminating the city's pulse toward the future.*",,
shenyang-vanke-future-city,1,text_1col,align-center,"### 预见未来的星际之环
沈阳万科首府未来城展示区是一座极具未来感的体验中心。建筑以巨大的圆形结构为母体，照明设计采用动态且充满科技属性的光影手法，让这座悬浮在广场上的建筑如同一艘降临地球的星际飞船，充满探索的未知与趣味。","### A Interstellar Ring Foreseeing the Future
Shenyang Vanke Future City Exhibition Center is a futuristic experience center. The architecture uses a huge circular structure as its core. The lighting design employs dynamic and high-tech light and shadow techniques, making this building suspended over the square look like a starship landed on Earth, full of unknown exploration and fun.",,
shenyang-vanke-future-city,2,image_full,full-width,https://rdilighting.oss-cn-hongkong.aliyuncs.com/projects/shenyang-vanke-future-city/02.webp,,,
shenyang-vanke-future-city,3,text_2col,50-50,"### 动态悬浮的幕墙光晕
玻璃幕墙结合通透的表皮结构，利用精准计算的投光角度，光影在建筑外圈流转。从远处看去，建筑仿佛挣脱了重力的束缚，轻盈地漂浮在空中。","### Dynamically Floating Curtain Wall Halo
Combining the glass curtain wall with a transparent skin structure and precisely calculated projection angles, light flows around the building's outer ring. From a distance, the building seems to break free from gravity, floating lightly in the air.","### 银河漫步般的景观导引
底部的景观空间大量运用了点阵式LED地埋灯与线性光带。光线如同星轨一般，引导着人群的步行动线，营造出一种漫步于银河之畔的科幻沉浸感。","### Galaxy-Walking Landscape Guidance
The bottom landscape space extensively uses dot-matrix LED in-ground lights and linear light bands. Like star trails, the light guides the crowd's walking flow, creating a sci-fi immersive feeling of strolling along the galaxy."
shenyang-vanke-future-city,4,image_grid,masonry,"https://rdilighting.oss-cn-hongkong.aliyuncs.com/projects/shenyang-vanke-future-city/03.webp,https://rdilighting.oss-cn-hongkong.aliyuncs.com/projects/shenyang-vanke-future-city/04.webp,https://rdilighting.oss-cn-hongkong.aliyuncs.com/projects/shenyang-vanke-future-city/05.webp,https://rdilighting.oss-cn-hongkong.aliyuncs.com/projects/shenyang-vanke-future-city/06.webp",,,
shenyang-vanke-future-city,5,text_1col,align-left,"### 极致的多维度视角
为了应对建筑不同维度的观看需求，设计团队为每一组投光设备选定了特殊的防眩光配件与配光曲线。不论是仰视还是远眺，光影始终柔和而不刺眼，提供了绝佳的视觉体验。","### Ultimate Multi-dimensional Viewing
To address the viewing needs from different dimensions, the design team selected special anti-glare accessories and light distribution curves for each set of projectors. Whether looking up or gazing from afar, the light remains soft and non-glaring, providing an excellent visual experience.",,
shenyang-vanke-future-city,6,image_grid,masonry,https://rdilighting.oss-cn-hongkong.aliyuncs.com/projects/shenyang-vanke-future-city/07.webp,,,
shenyang-vanke-future-city,7,image_full,full-width,https://rdilighting.oss-cn-hongkong.aliyuncs.com/projects/shenyang-vanke-future-city/08.webp,,,
shenyang-vanke-future-city,8,text_1col,align-center,*光是一把钥匙，为你开启了一扇通往未来之城的星际之门。*,*Light is a key that opens a stargate to the city of the future.*,,
beijing-x-museum,1,text_1col,align-center,"### 突破边界的先锋艺术容器
位于北京的X美术馆是一处专为年轻世代打造的跨界艺术平台。照明设计深刻解读了建筑字母“X”的无限可能，用多元化的灯光语言与彩色光影，为这个先锋艺术空间注入了探索未知、激发创新的无垠能量。","### A Vanguard Art Container Breaking Boundaries
Located in Beijing, the X Museum is a crossover art platform created for the younger generation. The lighting design deeply interprets the infinite possibilities of the architectural letter 'X', using diverse light languages and colored shadows to inject boundless energy for exploring the unknown and inspiring innovation into this vanguard art space.",,
beijing-x-museum,2,image_full,full-width,https://rdilighting.oss-cn-hongkong.aliyuncs.com/projects/beijing-x-museum/02.webp,,,
beijing-x-museum,3,text_2col,50-50,"### 结构与光的完美交集
入口处两根相交的H型结构柱，被四个顶点的极窄光束聚光灯照亮，在夜色中勾勒出一个巨大的光之“X”。光线的交汇不仅在视觉上极具震撼，更隐喻了多元文化的碰撞。","### Perfect Intersection of Structure and Light
The two intersecting H-shaped structural columns at the entrance are illuminated by extremely narrow beam spotlights from four vertices, outlining a huge 'X' of light in the night. The convergence of light is not only visually stunning but also metaphorically represents the collision of diverse cultures.","### 阳光与人工光的动态日晷
南立面54个矩形灯箱的阴影会随着日照轨迹缓缓变动，如同记录时间的日晷。而到了夜晚，灯箱底部暗藏的微型射灯则在墙面上洗刷出全新的阵列肌理。","### Dynamic Sundial of Sunlight and Artificial Light
The shadows of the 54 rectangular light boxes on the south facade change slowly with the sun's trajectory, like a sundial recording time. At night, miniature spotlights hidden at the bottom of the light boxes wash a brand new array texture on the wall."
beijing-x-museum,4,image_grid,masonry,"https://rdilighting.oss-cn-hongkong.aliyuncs.com/projects/beijing-x-museum/03.webp,https://rdilighting.oss-cn-hongkong.aliyuncs.com/projects/beijing-x-museum/04.webp,https://rdilighting.oss-cn-hongkong.aliyuncs.com/projects/beijing-x-museum/05.webp,https://rdilighting.oss-cn-hongkong.aliyuncs.com/projects/beijing-x-museum/06.webp,https://rdilighting.oss-cn-hongkong.aliyuncs.com/projects/beijing-x-museum/07.webp",,,
beijing-x-museum,5,text_1col,align-left,"### 自由呼吸的室内光环境
为了适应墙面自由悬挂艺术品的特质，展厅顶部的轨道灯系统具备极致的灵活性。天花中轴上的定制条形磨砂玻璃灯，为空间铺设了均匀柔和的环境光。而入口连桥底部的彩色LED洗墙灯，则宛如一条悬浮的彩虹，诱发着人们对艺术的无穷遐想。","### A Freely Breathing Indoor Light Environment
To accommodate the free hanging of art on the walls, the track lighting system on the ceiling offers extreme flexibility. Custom rectangular frosted glass lights on the central axis provide uniform and soft ambient light. The colored LED wash lights under the entrance bridge act like a floating rainbow, inducing endless reverie about art.",,
beijing-x-museum,6,image_grid,masonry,"https://rdilighting.oss-cn-hongkong.aliyuncs.com/projects/beijing-x-museum/08.webp,https://rdilighting.oss-cn-hongkong.aliyuncs.com/projects/beijing-x-museum/09.webp,https://rdilighting.oss-cn-hongkong.aliyuncs.com/projects/beijing-x-museum/10.webp,https://rdilighting.oss-cn-hongkong.aliyuncs.com/projects/beijing-x-museum/11.webp,https://rdilighting.oss-cn-hongkong.aliyuncs.com/projects/beijing-x-museum/12.webp,https://rdilighting.oss-cn-hongkong.aliyuncs.com/projects/beijing-x-museum/13.webp",,,
beijing-x-museum,7,image_full,full-width,https://rdilighting.oss-cn-hongkong.aliyuncs.com/projects/beijing-x-museum/14.webp,,,
beijing-x-museum,8,text_1col,align-center,*在色彩与光影的碰撞中，艺术的未知边界正在被无限延伸。*,"*In the collision of colors and light, the unknown boundaries of art are being infinitely extended.*",,
shenzhen-mercedes-me,1,text_1col,align-center,"### 引擎轰鸣与精酿醇香的光影跨界
坐落于深圳南山万象天地的Mercedes me体验店，是梅赛德斯-奔驰跨界创新的先锋之作。照明设计融合了深圳的老厂房记忆与汽车工业的精密质感，通过光影的高级调度，在餐饮、展陈与精酿空间中打造了一个充满张力与高级感的全景式体验场。","### Light and Shadow Crossover: Engine Roars and Craft Brew Aromas
Located in the MixC, Nanshan, Shenzhen, the Mercedes me experience store is a pioneer of cross-border innovation for Mercedes-Benz. The lighting design fuses the memory of Shenzhen's old factories with the precision texture of the automotive industry. Through advanced light scheduling, it creates a highly tense and premium panoramic experience across dining, exhibition, and brewery spaces.",,
shenzhen-mercedes-me,2,image_full,full-width,https://rdilighting.oss-cn-hongkong.aliyuncs.com/projects/shenzhen-mercedes-me/02.webp,,,
shenzhen-mercedes-me,3,text_2col,50-50,"### 工业质感的光学提取
空间大量使用了金属铜与深色材质，设计团队通过防眩光重点照明，精准打亮金属表面，强烈的明暗对比勾勒出犹如汽车车身般流线且硬朗的工业美感。","### Optical Extraction of Industrial Texture
The space heavily uses copper and dark materials. The design team employed anti-glare accent lighting to precisely illuminate metal surfaces, sketching a streamlined and robust industrial beauty akin to a car body through strong contrast between light and dark.","### 微醺时刻的氛围雕琢
在精酿与吧台区域，低色温的微型洗墙灯从底部向上轻抚吧台肌理，酒架背部的隐藏线型灯光使得酒瓶晶莹剔透，营造出令人彻底放松的微醺光晕。","### Carving the Atmosphere for Tipsy Moments
In the brewery and bar areas, low-color-temperature miniature wall washers gently brush the bar texture from the bottom up. Hidden linear lights behind the wine racks make the bottles crystal clear, creating a completely relaxing, tipsy halo."
shenzhen-mercedes-me,4,image_grid,masonry,"https://rdilighting.oss-cn-hongkong.aliyuncs.com/projects/shenzhen-mercedes-me/03.webp,https://rdilighting.oss-cn-hongkong.aliyuncs.com/projects/shenzhen-mercedes-me/04.webp,https://rdilighting.oss-cn-hongkong.aliyuncs.com/projects/shenzhen-mercedes-me/05.webp,https://rdilighting.oss-cn-hongkong.aliyuncs.com/projects/shenzhen-mercedes-me/06.webp",,,
shenzhen-mercedes-me,5,text_1col,align-left,"### 艺术化装置的吸睛聚焦
天花板上悬挂的由LED灯管拼叠而成的汽车轮廓艺术灯具，成为了空间视觉的绝对核心。结合酿酒设备的底部地埋投光，机械的粗犷与光的柔和在这里达到了奇妙的平衡。","### Eye-Catching Focus of Artistic Installations
The artistic fixture suspended from the ceiling, formed by overlapping LED tubes shaped like a car silhouette, becomes the absolute visual core of the space. Combined with the bottom in-ground lighting of the brewery equipment, the roughness of machinery and the softness of light achieve a wonderful balance here.",,
shenzhen-mercedes-me,6,image_grid,masonry,https://rdilighting.oss-cn-hongkong.aliyuncs.com/projects/shenzhen-mercedes-me/07.webp,,,
shenzhen-mercedes-me,7,image_full,full-width,https://rdilighting.oss-cn-hongkong.aliyuncs.com/projects/shenzhen-mercedes-me/08.webp,,,
shenzhen-mercedes-me,8,text_1col,align-center,*每一束光，都在为你讲述关于速度、品味与享受的故事。*,"*Every beam of light tells you a story of speed, taste, and enjoyment.*",,
shanghai-north-south-elevated-road,1,text_1col,align-center,"### 穿梭城市动脉的流光溢彩
上海南北高架景观照明荣获了第十四届“中照照明奖”工程设计大奖。这项宏伟的城市基础设施照明改造，以极具前瞻性的光影控制技术，将冰冷的混凝土巨龙转化为一条极具动感与科技感的光之纽带，重塑了上海的夜间城市动脉。","### Flowing Colors Through the City's Artery
The Shanghai North-South Elevated Road landscape lighting won the 14th 'Zhongzhao Lighting Award' for engineering design. This grand urban infrastructure lighting renovation uses highly forward-looking light control technology to transform the cold concrete dragon into a dynamic and high-tech light ribbon, reshaping Shanghai's nighttime urban artery.",,
shanghai-north-south-elevated-road,2,image_full,full-width,https://rdilighting.oss-cn-hongkong.aliyuncs.com/projects/shanghai-north-south-elevated-road/02.webp,,,
shanghai-north-south-elevated-road,3,text_2col,50-50,"### 桥梁肌理的光效重塑
由于桥梁本身缺乏装饰性结构，设计团队放弃了传统的高能耗投光模式，转而利用定制的光束设备，在夜幕中打造出独一无二的立体光雕塑效果。","### Reshaping Light Effects of Bridge Texture
Because the bridge itself lacks decorative structures, the design team abandoned traditional high-energy floodlighting, turning instead to custom beam equipment to create a unique three-dimensional light sculpture effect in the night.","### 智能互动的城市画卷
系统能够根据节假日与日常模式自动调整色彩律动，光影沿着车流的方向蜿蜒，极大提升了驾驶者的视觉舒适度与城市的夜间景观魅力。","### Smart Interactive Urban Scroll
The system can automatically adjust color rhythms according to holidays and daily modes. The light trails wind along the direction of traffic flow, greatly enhancing drivers' visual comfort and the city's nighttime landscape charm."
shanghai-north-south-elevated-road,4,image_grid,masonry,"https://rdilighting.oss-cn-hongkong.aliyuncs.com/projects/shanghai-north-south-elevated-road/03.webp,https://rdilighting.oss-cn-hongkong.aliyuncs.com/projects/shanghai-north-south-elevated-road/04.webp",,,
shanghai-north-south-elevated-road,5,text_1col,align-left,"### 创新激光技术的应用
为了实现超远距离的精准投射，照明中引入了定制激光定位系统。防眩光的光罩设计严格控制了光污染，为这条城市大动脉赋予了既环保又惊艳的绿色光环境。","### Application of Innovative Laser Technology
To achieve precise ultra-long-distance projection, a customized laser positioning system was introduced into the lighting. The anti-glare shield design strictly controls light pollution, endowing this main city artery with an environmentally friendly and stunning green light environment.",,
shanghai-north-south-elevated-road,6,image_grid,masonry,https://rdilighting.oss-cn-hongkong.aliyuncs.com/projects/shanghai-north-south-elevated-road/05.webp,,,
shanghai-north-south-elevated-road,7,image_full,full-width,https://rdilighting.oss-cn-hongkong.aliyuncs.com/projects/shanghai-north-south-elevated-road/06.webp,,,
shanghai-north-south-elevated-road,8,text_1col,align-center,*光影川流不息，编织出魔都夜空中最壮丽的血管。*,*Endless streams of light and shadow weave the most magnificent veins in the night sky of the magic city.*,,
shanghai-university-road,1,text_1col,align-center,"### 社区与商业交融的IES获奖之作
上海大学路莫比乌斯环广场照明项目荣获了全球照明界的奥斯卡——IES照明奖。照明设计在这个充满青春活力的街区中，以光为媒介串联起社区与商业活动，营造出一个极具辨识度的视觉中心与温暖的社交聚集地。","### IES Award-Winning Work Blending Community and Commerce
The Shanghai University Road Mobius Ring Square lighting project won the IES Illumination Award, the Oscars of the global lighting industry. In this vibrant and youthful block, the lighting design uses light as a medium to connect community and commercial activities, creating a highly recognizable visual center and a warm social gathering place.",,
shanghai-university-road,2,image_full,full-width,https://rdilighting.oss-cn-hongkong.aliyuncs.com/projects/shanghai-university-road/02.webp,,,
shanghai-university-road,3,text_2col,50-50,"### 莫比乌斯的无尽光环
中心广场上形似“@”符号的巨型艺术装置，被精心布置的灯光赋予了悬浮感。从空中俯瞰，犹如一条充满数字密码的发光丝带，成为街区最闪耀的标志。","### The Endless Halo of Mobius
The giant artistic installation resembling the '@' symbol on the central square is given a sense of suspension by meticulously arranged lighting. Viewed from above, it looks like a glowing ribbon full of digital codes, becoming the brightest landmark of the block.","### 木质格栅的透光之美
装置表面由520片木质格栅拼接而成，设计巧妙地将光源隐藏于内部。夜晚时分，暖黄色的光线从缝隙中均匀透出，散发出柔和且不刺眼的温馨质感。","### The Translucent Beauty of Wooden Grilles
The surface of the installation consists of 520 spliced wooden grilles, with light sources cleverly hidden inside. At night, warm yellow light shines uniformly through the gaps, emitting a soft, non-glaring, and cozy texture."
shanghai-university-road,4,image_grid,masonry,"https://rdilighting.oss-cn-hongkong.aliyuncs.com/projects/shanghai-university-road/03.webp,https://rdilighting.oss-cn-hongkong.aliyuncs.com/projects/shanghai-university-road/04.webp",,,
shanghai-university-road,5,text_1col,align-left,"### 光与人群的互动剧场
广场周边的环境光被刻意压低，将所有的视觉焦点让渡给中心的艺术装置。光不仅照亮了物体本身，更为驻足、闲谈、休憩的人们提供了一个如同舞台聚光灯般的城市剧场。","### An Interactive Theater of Light and Crowd
The ambient light around the square is deliberately kept low, yielding all visual focus to the central artistic installation. The light not only illuminates the object itself but also provides a stage-like urban theater for people stopping, chatting, and resting.",,
shanghai-university-road,6,image_grid,masonry,https://rdilighting.oss-cn-hongkong.aliyuncs.com/projects/shanghai-university-road/05.webp,,,
shanghai-university-road,7,image_full,full-width,https://rdilighting.oss-cn-hongkong.aliyuncs.com/projects/shanghai-university-road/06.webp,,,
shanghai-university-road,8,text_1col,align-center,*流转的不仅是光影，更是这座城市源源不断的创新活力。*,*What flows is not only light and shadow but the continuous innovative vitality of this city.*,,
shanghai-crystal-plaza,1,text_1col,align-center,"### 前滩之晶的光影切割
上海晶耀前滩（Crystal Plaza）位于浦东前滩国际商务区的核心位置。六座晶莹剔透的办公塔楼与商业裙楼相辅相成。照明设计精准捕捉了建筑“水晶”般的多切面肌理，用纯净的白光勾勒出极具现代感与力量感的商业地标。","### Light and Shadow Cutting of the Crystal of Qiantan
Shanghai Crystal Plaza is located at the core of the Qiantan International Business District in Pudong. Six crystal-clear office towers complement the commercial podiums. The lighting design accurately captures the 'crystal'-like multifaceted texture of the architecture, using pure white light to outline a commercial landmark with extreme modernity and power.",,
shanghai-crystal-plaza,2,image_full,full-width,https://rdilighting.oss-cn-hongkong.aliyuncs.com/projects/shanghai-crystal-plaza/02.webp,,,
shanghai-crystal-plaza,3,text_2col,50-50,"### 切割面的立体洗礼
高达15米的商业裙楼底部暗藏了定制的极窄角度线性洗墙灯。灯光顺应玻璃幕墙的倾斜角度，将白色半透明幕墙洗刷得纯净无暇，仿佛内部散发着柔和的光芒。","### Three-Dimensional Baptism of Cut Surfaces
Custom ultra-narrow-angle linear wall washers are hidden at the bottom of the 15-meter-high commercial podiums. The light follows the tilt angle of the glass curtain wall, washing the white translucent curtain wall purely and flawlessly, as if a soft glow is radiating from within.","### 塔冠的高光点缀
办公楼顶部的斜切面被大功率投光灯精心照亮，光影在不同角度的折射下，与裙楼底部的三角发光槽形成呼应，让整个建筑群在夜空中熠熠生辉。","### Highlight Accentuation of the Tower Crown
The beveled cuts at the top of the office buildings are elaborately illuminated by high-power floodlights. The refraction of light at different angles echoes the triangular glowing slots at the bottom of the podiums, making the entire complex sparkle in the night sky."
shanghai-crystal-plaza,4,image_grid,masonry,"https://rdilighting.oss-cn-hongkong.aliyuncs.com/projects/shanghai-crystal-plaza/03.webp,https://rdilighting.oss-cn-hongkong.aliyuncs.com/projects/shanghai-crystal-plaza/04.webp,https://rdilighting.oss-cn-hongkong.aliyuncs.com/projects/shanghai-crystal-plaza/05.webp,https://rdilighting.oss-cn-hongkong.aliyuncs.com/projects/shanghai-crystal-plaza/06.webp,https://rdilighting.oss-cn-hongkong.aliyuncs.com/projects/shanghai-crystal-plaza/07.webp,https://rdilighting.oss-cn-hongkong.aliyuncs.com/projects/shanghai-crystal-plaza/08.webp",,,
shanghai-crystal-plaza,5,text_1col,align-left,"### 室内大堂的水晶质感
办公楼一层大堂内部，通过智能DALI系统控制的洗墙灯与射灯，对高达12-15米的多折面墙体进行了精确的照度计算，营造出如水晶内部般明亮通透的顶级办公氛围。","### Crystal Texture of the Indoor Lobby
Inside the first-floor lobbies of the office buildings, wall washers and spotlights controlled by a smart DALI system provide precise illuminance calculation for the 12 to 15-meter-high multifaceted walls, creating a bright and transparent premium office atmosphere akin to the interior of a crystal.",,
shanghai-crystal-plaza,6,image_grid,masonry,https://rdilighting.oss-cn-hongkong.aliyuncs.com/projects/shanghai-crystal-plaza/09.webp,,,
shanghai-crystal-plaza,7,image_full,full-width,https://rdilighting.oss-cn-hongkong.aliyuncs.com/projects/shanghai-crystal-plaza/10.webp,,,
shanghai-crystal-plaza,8,text_1col,align-center,*每一面折射的光，都是城市晶体最纯粹的跳动。*,*Every refracted beam is the purest heartbeat of the urban crystal.*,,
shenzhen-guangming-art-center,1,text_1col,align-center,"### 艺术与光影的交织协奏
深圳光明艺术中心作为区域内顶级的公共文化设施，承载着展览、演艺等多种功能。照明设计旨在将光线作为隐形的建筑材料，让光影与几何空间完美互嵌，创造出一种极具戏剧张力与视觉震撼力的艺术场域。","### The Interwoven Concerto of Art and Light
As a top-tier public cultural facility in the region, Shenzhen Guangming Art Center serves multiple functions, including exhibitions and performances. The lighting design aims to use light as an invisible building material, perfectly embedding light and geometric space to create an artistic field with extreme dramatic tension and visual impact.",,
shenzhen-guangming-art-center,2,image_full,full-width,https://rdilighting.oss-cn-hongkong.aliyuncs.com/projects/shenzhen-guangming-art-center/02.webp,,,
shenzhen-guangming-art-center,3,text_2col,50-50,"### 空间张力的光源隐匿
通过防眩光的隐蔽式安装，大量定制灯具被完美藏于建筑结构之内，实现了见光不见灯的高级质感，使空间原有的纯粹线条得以彻底释放。","### Source Concealment for Spatial Tension
Through anti-glare concealed installation, a large number of custom fixtures are perfectly hidden within the architectural structure, achieving a premium texture of seeing the light but not the source, thoroughly releasing the original pure lines of the space.","### 剧场般的氛围洗礼
宽阔的公共空间与艺术长廊被重点洗墙灯与柔和的环境光层层渲染，让每一位步入其中的访客，都能感受到如同置身艺术舞台中央的静谧与震撼。","### Theater-Like Atmosphere Baptism
The wide public spaces and art corridors are layered with accent wall washers and soft ambient light, allowing every visitor stepping inside to feel the tranquility and shock of being in the center of an art stage."
shenzhen-guangming-art-center,4,image_grid,masonry,"https://rdilighting.oss-cn-hongkong.aliyuncs.com/projects/shenzhen-guangming-art-center/03.webp,https://rdilighting.oss-cn-hongkong.aliyuncs.com/projects/shenzhen-guangming-art-center/04.webp",,,
shenzhen-guangming-art-center,5,text_1col,align-left,"### 动态与静态的视觉平衡
设计对不同材质的光学反射率进行了深入考量。高显色性的光线打在粗糙与细腻的墙面上，不仅展现了材料的真实肌理，还实现了动静结合的和谐美学体验。","### Visual Balance of Dynamic and Static
The design deeply considered the optical reflectivity of different materials. High-CRI light hitting rough and smooth walls not only reveals the true texture of the materials but also achieves a harmonious aesthetic experience of dynamic and static integration.",,
shenzhen-guangming-art-center,6,image_grid,masonry,https://rdilighting.oss-cn-hongkong.aliyuncs.com/projects/shenzhen-guangming-art-center/05.webp,,,
shenzhen-guangming-art-center,7,image_full,full-width,https://rdilighting.oss-cn-hongkong.aliyuncs.com/projects/shenzhen-guangming-art-center/06.webp,,,
shenzhen-guangming-art-center,8,text_1col,align-center,*光是无声的交响，在静谧的空间里奏响艺术的华章。*,"*Light is a silent symphony, playing the magnificent chapters of art in a quiet space.*",,
shanghai-cifi-tower,1,text_1col,align-center,"### 红色峡谷里的法式浪漫
上海恒基旭辉天地（The Roof）由建筑大师让·努维尔操刀，是马当路上极具辨识度的城市地标。照明设计配合其“红色峡谷”般的半开敞式内街，用光影点燃了繁花似锦的绿植立面，在上海的心脏地带谱写出一曲极具张力与艺术感的夜间探戈。","### French Romance in the Red Canyon
The Roof in Shanghai, designed by master architect Jean Nouvel, is a highly recognizable urban landmark on Madang Road. The lighting design complements its 'Red Canyon'-like semi-open inner street, igniting the flower-filled green facade with light and shadow, composing a highly tense and artistic nighttime tango in the heart of Shanghai.",,
shanghai-cifi-tower,2,image_full,full-width,https://rdilighting.oss-cn-hongkong.aliyuncs.com/projects/shanghai-cifi-tower/02.webp,,,
shanghai-cifi-tower,3,text_2col,50-50,"### 红色肌理的光之唤醒
建筑内街大面积使用了鲜艳的红色墙面与繁盛的垂吊植物。定制的洗墙灯与投光灯以温暖的低色温，精准打亮了立面层次，让那抹经典的“丹霞红”在夜幕中更加深邃诱人。","### Awakening the Red Texture with Light
The inner street of the building heavily uses bright red walls and lush hanging plants. Custom wall washers and floodlights precisely illuminate the facade layers with warm, low-color-temperature light, making that classic 'Danxia Red' even deeper and more alluring at night.","### 内外视角的戏剧反差
外部是沉稳低调的灰色砖墙，而一跨入内街，瞬间被热情奔放的光影峡谷包围。灯光在这一外一内之间，构筑了极具戏剧冲突的视觉体验。","### Dramatic Contrast of Internal and External Perspectives
The exterior features calm and low-profile gray brick walls, but once stepping into the inner street, one is instantly surrounded by a passionate canyon of light and shadow. The lighting constructs a highly dramatic visual experience between the inside and outside."
shanghai-cifi-tower,4,image_grid,masonry,"https://rdilighting.oss-cn-hongkong.aliyuncs.com/projects/shanghai-cifi-tower/03.webp,https://rdilighting.oss-cn-hongkong.aliyuncs.com/projects/shanghai-cifi-tower/04.webp,https://rdilighting.oss-cn-hongkong.aliyuncs.com/projects/shanghai-cifi-tower/05.webp,https://rdilighting.oss-cn-hongkong.aliyuncs.com/projects/shanghai-cifi-tower/06.webp",,,
shanghai-cifi-tower,5,text_1col,align-left,"### 生态绿植的光学呵护
针对密集的立体绿化，照明系统特别考量了植物生长的光学需求。隐藏式的小巧灯具在不破坏绿植自然形态的前提下，如同萤火虫般隐匿于枝叶间，呈现出浪漫的生态夜景。","### Optical Care for Ecological Greenery
For the dense vertical greenery, the lighting system specifically considered the optical needs for plant growth. Tiny, concealed fixtures hide among the branches and leaves like fireflies without disrupting the natural form of the plants, presenting a romantic ecological nightscape.",,
shanghai-cifi-tower,6,image_grid,masonry,"https://rdilighting.oss-cn-hongkong.aliyuncs.com/projects/shanghai-cifi-tower/07.webp,https://rdilighting.oss-cn-hongkong.aliyuncs.com/projects/shanghai-cifi-tower/08.webp",,,
shanghai-cifi-tower,7,image_full,full-width,https://rdilighting.oss-cn-hongkong.aliyuncs.com/projects/shanghai-cifi-tower/09.webp,,,
shanghai-cifi-tower,8,text_1col,align-center,*红与绿的交织，光与影的共舞，城市峡谷里藏着不灭的热情。*,"*The interweaving of red and green, the dance of light and shadow; an inextinguishable passion is hidden in the urban canyon.*",,
shanghai-astronomy-museum,1,text_1col,align-center,"### 探索宇宙的星辰之光
上海天文馆位于临港大道，作为全球最大的天文馆，其智能照明设计结合自然建筑形态，以光环境还原浩瀚星空与宇宙奥秘，为观众打造沉浸式的文化地标体验。","### The Starlight of Cosmic Exploration
Located on Lingang Avenue, the Shanghai Astronomy Museum features an intelligent lighting design that restores the vast starry sky, creating an immersive cultural landmark experience.",,
shanghai-astronomy-museum,2,image_full,full-width,https://rdilighting.oss-cn-hongkong.aliyuncs.com/projects/shanghai-astronomy-museum/02.webp,,,
shanghai-astronomy-museum,3,text_2col,50-50,"### 沉浸式星空体验
家园展区聚焦太阳系，通过隐蔽式灯带与动态光影，让参观者在黑暗中感受悬浮的星球。","### Immersive Starry Experience
The Home zone uses concealed light strips and dynamic shadows to let visitors experience floating planets in the dark.","### 建筑与光影的共生
宇宙展区运用非对称洗墙灯光系统，精确照亮建筑的折线与弧面，使展陈空间与建筑肌理融为一体。","### Symbiosis of Architecture and Light
The Cosmos zone uses an asymmetrical wall-washing system to precisely illuminate the folds and curves of the building."
shanghai-astronomy-museum,4,image_grid,masonry,"https://rdilighting.oss-cn-hongkong.aliyuncs.com/projects/shanghai-astronomy-museum/03.webp,https://rdilighting.oss-cn-hongkong.aliyuncs.com/projects/shanghai-astronomy-museum/04.webp,https://rdilighting.oss-cn-hongkong.aliyuncs.com/projects/shanghai-astronomy-museum/05.webp,https://rdilighting.oss-cn-hongkong.aliyuncs.com/projects/shanghai-astronomy-museum/06.webp",,,
shanghai-astronomy-museum,5,text_1col,align-left,"### 光学级别的展陈保护
照明方案采用高显色性光源与防眩光技术，确保陨石、标本等珍贵展品得到最真实的色彩还原，提供无死角的观展体验。","### Optical-Grade Exhibition Protection
The lighting uses high color rendering and anti-glare technology to ensure the truest color reproduction of precious exhibits.",,
shanghai-astronomy-museum,6,image_grid,masonry,"https://rdilighting.oss-cn-hongkong.aliyuncs.com/projects/shanghai-astronomy-museum/07.webp,https://rdilighting.oss-cn-hongkong.aliyuncs.com/projects/shanghai-astronomy-museum/08.webp,https://rdilighting.oss-cn-hongkong.aliyuncs.com/projects/shanghai-astronomy-museum/09.webp",,,
shanghai-astronomy-museum,7,image_full,full-width,https://rdilighting.oss-cn-hongkong.aliyuncs.com/projects/shanghai-astronomy-museum/10.webp,,,
shanghai-astronomy-museum,8,text_1col,align-center,*每一束光，都是来自亿万光年外的宇宙回响。*,*Every beam of light is a cosmic echo from billions of light-years away.*,,
macau-versace-boutique,1,text_1col,align-center,"### 璀璨奢华的光影盛宴
位于澳门四季酒店的范思哲精品店，照明设计以极具视觉冲击力的灯光，完美呈现品牌经典的奢华质感与高端商业零售空间的时尚基因。","### A Dazzling Feast of Light and Luxury
Located in the Four Seasons Hotel Macau, the Versace boutique uses visually striking illumination to perfectly present the brand's classic luxury texture and fashion DNA.",,
macau-versace-boutique,2,image_full,full-width,https://rdilighting.oss-cn-hongkong.aliyuncs.com/projects/macau-versace-boutique/02.webp,,,
macau-versace-boutique,3,text_2col,50-50,"### 美杜莎的视觉焦点
外立面采用特色金色网格，隐蔽式灯带与上下洗墙灯精准配合，照亮巨大的3D美杜莎Logo，打造出引人注目的品牌视觉中心。","### The Visual Focus of Medusa
The facade features a distinct golden lattice, where concealed light strips and wall washers illuminate the giant 3D Medusa logo.","### 室内空间的高级质感
内部天花板采用向上的间接照明，结合白色涂装反射，营造出明亮开阔的空间感；定制轨道射灯精准突出展示商品。","### High-end Texture of the Interior Space
The interior ceiling utilizes upward indirect lighting combined with a white finish to create a bright and open spatial feel."
macau-versace-boutique,4,image_grid,masonry,"https://rdilighting.oss-cn-hongkong.aliyuncs.com/projects/macau-versace-boutique/03.webp,https://rdilighting.oss-cn-hongkong.aliyuncs.com/projects/macau-versace-boutique/04.webp,https://rdilighting.oss-cn-hongkong.aliyuncs.com/projects/macau-versace-boutique/05.webp,https://rdilighting.oss-cn-hongkong.aliyuncs.com/projects/macau-versace-boutique/06.webp",,,
macau-versace-boutique,5,text_1col,align-left,"### 灵活多变的陈列照明
橱窗区域采用嵌入式轨道灯与LED背光模块，不仅提升了展示面板的立体感，还允许根据不同时尚单品的陈列需求灵活调整灯光角度。","### Flexible Display Lighting
The window area uses recessed track lights and LED backlit modules to enhance the three-dimensionality of display panels and allow for flexible adjustment.",,
macau-versace-boutique,6,image_grid,masonry,"https://rdilighting.oss-cn-hongkong.aliyuncs.com/projects/macau-versace-boutique/07.webp,https://rdilighting.oss-cn-hongkong.aliyuncs.com/projects/macau-versace-boutique/08.webp,https://rdilighting.oss-cn-hongkong.aliyuncs.com/projects/macau-versace-boutique/09.webp",,,
macau-versace-boutique,7,image_full,full-width,https://rdilighting.oss-cn-hongkong.aliyuncs.com/projects/macau-versace-boutique/10.webp,,,
macau-versace-boutique,8,text_1col,align-center,*光影交织间，奢华不仅是物质的呈现，更是精神的共鸣。*,"*Interwoven with light and shadow, luxury is not only a material presentation but also a spiritual resonance.*",,
beijing-x-museum,1,text_1col,align-center,"### 先锋艺术的沉浸表达
北京X美术馆通过定制化轨道射灯与洗墙灯的巧妙结合，为先锋当代艺术创造了极具包容性的沉浸式展陈空间，树立了城市文化地标的新标杆。","### Immersive Expression of Avant-garde Art
The Beijing X Museum creates a highly inclusive immersive exhibition space for avant-garde contemporary art through customized track spotlights and wall washers.",,
beijing-x-museum,2,image_full,full-width,https://rdilighting.oss-cn-hongkong.aliyuncs.com/projects/beijing-x-museum/02.webp,,,
beijing-x-museum,3,text_2col,50-50,"### 动态色彩与装置交互
大胆引入流动的彩色光影与艺术装置相结合，创造出具有互动性的光环境，打破了传统画廊的单调感。","### Dynamic Color and Installation Interaction
Flowing colored lights are boldly introduced and combined with art installations to create an interactive light environment.","### 标志性的立面X元素
外立面的结构交汇处形成巨大的X符号，通过底部的LED洗墙灯进行精准渲染，赋予建筑强烈的科技与未知感。","### Iconic Facade X Element
The structural intersection on the facade forms a giant X, which is precisely rendered by bottom LED wall washers."
beijing-x-museum,4,image_grid,masonry,"https://rdilighting.oss-cn-hongkong.aliyuncs.com/projects/beijing-x-museum/03.webp,https://rdilighting.oss-cn-hongkong.aliyuncs.com/projects/beijing-x-museum/04.webp,https://rdilighting.oss-cn-hongkong.aliyuncs.com/projects/beijing-x-museum/05.webp,https://rdilighting.oss-cn-hongkong.aliyuncs.com/projects/beijing-x-museum/06.webp",,,
beijing-x-museum,5,text_1col,align-left,"### 灵活多维的光学控制
展厅配备了多维度调节的照明系统，能够根据声音、影像等复合媒介艺术作品的特殊需求，进行明暗与色温的深度定制。","### Flexible Multi-dimensional Optical Control
The exhibition hall is equipped with a multi-dimensional lighting system to deeply customize brightness and color temperature for complex media artworks.",,
beijing-x-museum,6,image_grid,masonry,"https://rdilighting.oss-cn-hongkong.aliyuncs.com/projects/beijing-x-museum/07.webp,https://rdilighting.oss-cn-hongkong.aliyuncs.com/projects/beijing-x-museum/08.webp,https://rdilighting.oss-cn-hongkong.aliyuncs.com/projects/beijing-x-museum/09.webp",,,
beijing-x-museum,7,image_full,full-width,https://rdilighting.oss-cn-hongkong.aliyuncs.com/projects/beijing-x-museum/10.webp,,,
beijing-x-museum,8,text_1col,align-center,*在未知的几何里，光线雕刻出未来的轮廓。*,"*In unknown geometries, light carves the contours of the future.*",,
suzhou-wuzhong-museum,1,text_1col,align-center,"### 姑苏文脉的光影低语
吴中博物馆坐落于苏州大运河畔，照明设计将古典意境与现代博物馆技术相融，完美呈现千年文物的厚重与雅致，打造苏州文化的新枢纽。","### Light Whispers of Gusu Heritage
Situated by the Grand Canal in Suzhou, Wuzhong Museum blends classical aesthetics with modern museum technology to perfectly present the elegance of millennia-old artifacts.",,
suzhou-wuzhong-museum,2,image_full,full-width,https://rdilighting.oss-cn-hongkong.aliyuncs.com/projects/suzhou-wuzhong-museum/02.webp,,,
suzhou-wuzhong-museum,3,text_2col,50-50,"### 展陈文物的精准呵护
针对脆弱的历史文物，采用无紫外线的高显色LED聚光灯，通过精细的光束角控制突出藏品质感，避免眩光。","### Precise Care for Exhibits
For fragile historical artifacts, UV-free high color rendering LED spotlights with precise beam control are used to highlight textures and avoid glare.","### 建筑内外的视觉延伸
自然光与人工照明巧妙结合，使中庭的自然采光与展厅的柔和灯光形成过渡，引导观众进行时空穿越般的探索。","### Visual Extension Inside and Out
Natural light and artificial illumination are cleverly combined to create a transition from the atrium's daylight to the exhibition hall's soft light."
suzhou-wuzhong-museum,4,image_grid,masonry,"https://rdilighting.oss-cn-hongkong.aliyuncs.com/projects/suzhou-wuzhong-museum/03.webp,https://rdilighting.oss-cn-hongkong.aliyuncs.com/projects/suzhou-wuzhong-museum/04.webp,https://rdilighting.oss-cn-hongkong.aliyuncs.com/projects/suzhou-wuzhong-museum/05.webp,https://rdilighting.oss-cn-hongkong.aliyuncs.com/projects/suzhou-wuzhong-museum/06.webp",,,
suzhou-wuzhong-museum,5,text_1col,align-left,"### 沉浸式情境照明
在重点展览板块，照明不仅照亮展品，更通过墙面投射与暗场环境的对比，渲染出如诗如画的历史故事场景。","### Immersive Scenario Lighting
In key exhibition sections, lighting not only illuminates exhibits but also renders picturesque historical scenes through wall projection and dark-field contrast.",,
suzhou-wuzhong-museum,6,image_grid,masonry,"https://rdilighting.oss-cn-hongkong.aliyuncs.com/projects/suzhou-wuzhong-museum/07.webp,https://rdilighting.oss-cn-hongkong.aliyuncs.com/projects/suzhou-wuzhong-museum/08.webp,https://rdilighting.oss-cn-hongkong.aliyuncs.com/projects/suzhou-wuzhong-museum/09.webp",,,
suzhou-wuzhong-museum,7,image_full,full-width,https://rdilighting.oss-cn-hongkong.aliyuncs.com/projects/suzhou-wuzhong-museum/10.webp,,,
suzhou-wuzhong-museum,8,text_1col,align-center,*历史在幽光中苏醒，静默诉说着千年的吴地风华。*,"*History awakens in the dim light, silently recounting the millennia of Wu's elegance.*",,
shanghai-west-bund-museum,1,text_1col,align-center,"### 理性与感性的光影对白
西岸美术馆由David Chipperfield设计，照明方案精准呼应了建筑的极简美学。光线在此被克制地使用，旨在将视觉焦点完全让渡给黄浦江畔的当代艺术。","### Dialogue of Light Between Reason and Emotion
Designed by David Chipperfield, the West Bund Museum's lighting perfectly echoes the architecture's minimalist aesthetics, ceding the visual focus entirely to contemporary art.",,
shanghai-west-bund-museum,2,image_full,full-width,https://rdilighting.oss-cn-hongkong.aliyuncs.com/projects/shanghai-west-bund-museum/02.webp,,,
shanghai-west-bund-museum,3,text_2col,50-50,"### 纯粹空间的匀质光
展厅顶部大面积采用匀质发光天棚，模拟自然天光，消解了人工光源的存在感，为大型装置艺术提供纯净的背景。","### Homogeneous Light in Pure Spaces
The exhibition halls heavily utilize homogeneous luminous ceilings to simulate natural daylight, dissolving the presence of artificial sources.","### 极简立面的隐匿之光
外观照明克制而内敛，灯具完全隐藏于建筑肌理之中，在夜幕下仅用温润的洗墙光勾勒出半透明玻璃的质感。","### Concealed Light on Minimalist Facades
Exterior lighting is restrained and introverted, with fixtures hidden to merely outline the translucent glass texture with warm wall washing at night."
shanghai-west-bund-museum,4,image_grid,masonry,"https://rdilighting.oss-cn-hongkong.aliyuncs.com/projects/shanghai-west-bund-museum/03.webp,https://rdilighting.oss-cn-hongkong.aliyuncs.com/projects/shanghai-west-bund-museum/04.webp,https://rdilighting.oss-cn-hongkong.aliyuncs.com/projects/shanghai-west-bund-museum/05.webp,https://rdilighting.oss-cn-hongkong.aliyuncs.com/projects/shanghai-west-bund-museum/06.webp",,,
shanghai-west-bund-museum,5,text_1col,align-left,"### 灵动轨道与智能控制
针对不同布展需求，定制的轨道灯系统与智能化控制网络相连，可在极短时间内完成从高亮度全景到局部微光的场景切换。","### Dynamic Tracks and Smart Control
Tailored for different exhibitions, the custom track system connects to smart networks, allowing rapid scene switching from bright panoramas to localized dim lighting.",,
shanghai-west-bund-museum,6,image_grid,masonry,"https://rdilighting.oss-cn-hongkong.aliyuncs.com/projects/shanghai-west-bund-museum/07.webp,https://rdilighting.oss-cn-hongkong.aliyuncs.com/projects/shanghai-west-bund-museum/08.webp,https://rdilighting.oss-cn-hongkong.aliyuncs.com/projects/shanghai-west-bund-museum/09.webp",,,
shanghai-west-bund-museum,7,image_full,full-width,https://rdilighting.oss-cn-hongkong.aliyuncs.com/projects/shanghai-west-bund-museum/10.webp,,,
shanghai-west-bund-museum,8,text_1col,align-center,*越是纯粹的光，越能映射艺术原本的灵魂。*,"*The purer the light, the more it reflects the original soul of the art.*",,
wuyi-shimao-resort,1,text_1col,align-center,"### 宋代极简的美学再现
位于南平武夷山的世茂御榕度假酒店，以宋代美学为灵魂。照明设计通过隐匿而富有诗意的景观与立面灯光，将现代奢华度假空间与自然山水无缝交织。","### Reproduction of Song Dynasty Minimalist Aesthetics
Located in Wuyishan, the Shimao Yulong Resort Hotel uses poetic landscape lighting to seamlessly intertwine modern luxury resort spaces with natural landscapes.",,
wuyi-shimao-resort,2,image_full,full-width,https://rdilighting.oss-cn-hongkong.aliyuncs.com/projects/wuyi-shimao-resort/02.webp,,,
wuyi-shimao-resort,3,text_2col,50-50,"### 山水间的泛光意境
建筑外墙通过温和的泛光照明，在夜幕下勾勒出宋式建筑的飞檐与层次，与倒影水池相映成趣。","### Floodlighting Conception Among Mountains and Waters
The exterior walls use gentle floodlighting to outline the cornices of Song-style architecture at night, contrasting beautifully with reflection pools.","### 沉浸式景观夜游
园林内部以低色温的地埋灯与矮柱灯为主，避免强烈直射光，营造出一种曲径通幽、静谧放松的避世体验。","### Immersive Landscape Night Tour
The gardens predominantly use low color temperature inground and bollard lights to avoid glare, creating a tranquil and relaxing escapist experience."
wuyi-shimao-resort,4,image_grid,masonry,"https://rdilighting.oss-cn-hongkong.aliyuncs.com/projects/wuyi-shimao-resort/03.webp,https://rdilighting.oss-cn-hongkong.aliyuncs.com/projects/wuyi-shimao-resort/04.webp,https://rdilighting.oss-cn-hongkong.aliyuncs.com/projects/wuyi-shimao-resort/05.webp,https://rdilighting.oss-cn-hongkong.aliyuncs.com/projects/wuyi-shimao-resort/06.webp",,,
wuyi-shimao-resort,5,text_1col,align-left,"### 尊重生态的光学尺度
为了保护武夷山当地的自然生态，所有户外照明均严格控制上射眩光，采用符合LEED标准的节能LED灯具，让光线如月光般温柔洒落。","### Ecological Respect in Optical Scale
To protect Wuyishan's local ecology, all outdoor lighting strictly controls upward glare, utilizing LEED-compliant energy-saving LEDs that fall as gently as moonlight.",,
wuyi-shimao-resort,6,image_grid,masonry,"https://rdilighting.oss-cn-hongkong.aliyuncs.com/projects/wuyi-shimao-resort/07.webp,https://rdilighting.oss-cn-hongkong.aliyuncs.com/projects/wuyi-shimao-resort/08.webp,https://rdilighting.oss-cn-hongkong.aliyuncs.com/projects/wuyi-shimao-resort/09.webp",,,
wuyi-shimao-resort,7,image_full,full-width,https://rdilighting.oss-cn-hongkong.aliyuncs.com/projects/wuyi-shimao-resort/10.webp,,,
wuyi-shimao-resort,8,text_1col,align-center,*灯火阑珊处，隐入画中游。*,"*Where the lights wane, one vanishes into a wandering painting.*",,
guangzhou-intenlight-installation,1,text_1col,align-center,"### 律动光影的艺术对话
广州INTENLIGHT光艺术装置以互动智能照明技术为核心，在临时展览空间中构建了光、声、人的多感官交流场域，呈现出极具未来感的先锋气质。","### Artistic Dialogue of Rhythmic Light
The Guangzhou INTENLIGHT art installation uses interactive lighting to build a multi-sensory communication field of light, sound, and people, presenting an ultimate futuristic feel.",,
guangzhou-intenlight-installation,2,image_full,full-width,https://rdilighting.oss-cn-hongkong.aliyuncs.com/projects/guangzhou-intenlight-installation/02.webp,,,
guangzhou-intenlight-installation,3,text_2col,50-50,"### 动态矩阵编程
由数百个LED节点组成的立体矩阵，通过复杂的DMX编程与感应器联动，能够根据观众的移动实时改变色彩与闪烁频率。","### Dynamic Matrix Programming
A 3D matrix of hundreds of LED nodes links with sensors via complex DMX programming to change colors and frequencies in real-time based on audience movement.","### 虚实交叠的空间
强烈的几何光束切分了原本空旷的展区，利用光影在墙面与地面上制造出一种突破物理边界的错觉。","### Space of Overlapping Reality and Illusion
Strong geometric beams slice through the open exhibition area, creating an illusion of breaking physical boundaries using light on walls and floors."
guangzhou-intenlight-installation,4,image_grid,masonry,"https://rdilighting.oss-cn-hongkong.aliyuncs.com/projects/guangzhou-intenlight-installation/03.webp,https://rdilighting.oss-cn-hongkong.aliyuncs.com/projects/guangzhou-intenlight-installation/04.webp,https://rdilighting.oss-cn-hongkong.aliyuncs.com/projects/guangzhou-intenlight-installation/05.webp,https://rdilighting.oss-cn-hongkong.aliyuncs.com/projects/guangzhou-intenlight-installation/06.webp",,,
guangzhou-intenlight-installation,5,text_1col,align-left,"### 模块化快闪结构
为了适应临时展览的特性，灯具与支撑框架被设计为高度模块化，在确保光学精度的同时实现了快速拆装，兼顾了艺术表现与工程效率。","### Modular Pop-up Structure
To adapt to temporary exhibitions, fixtures and frames were designed to be highly modular, ensuring optical precision while enabling rapid assembly and disassembly.",,
guangzhou-intenlight-installation,6,image_grid,masonry,"https://rdilighting.oss-cn-hongkong.aliyuncs.com/projects/guangzhou-intenlight-installation/07.webp,https://rdilighting.oss-cn-hongkong.aliyuncs.com/projects/guangzhou-intenlight-installation/08.webp,https://rdilighting.oss-cn-hongkong.aliyuncs.com/projects/guangzhou-intenlight-installation/09.webp",,,
guangzhou-intenlight-installation,7,image_full,full-width,https://rdilighting.oss-cn-hongkong.aliyuncs.com/projects/guangzhou-intenlight-installation/10.webp,,,
guangzhou-intenlight-installation,8,text_1col,align-center,*当光拥有了心跳，空间便成为有温度的生命体。*,"*When light gains a heartbeat, space becomes a living entity with warmth.*",,
beijing-lg-twin-towers,1,text_1col,align-center,"### 城市地标的活力焕新
北京LG双子座城市更新项目，在办公与公共空间的室内照明上引入极具前瞻性的设计，为这座都市核心商业地标注入了舒适、高效与科技活力。","### Vibrant Renewal of an Urban Landmark
The Beijing LG Twin Towers urban renewal project introduces forward-looking interior lighting, injecting comfortable and cutting-edge tech vitality into the core business district.",,
beijing-lg-twin-towers,2,image_full,full-width,https://rdilighting.oss-cn-hongkong.aliyuncs.com/projects/beijing-lg-twin-towers/02.webp,,,
beijing-lg-twin-towers,3,text_2col,50-50,"### 仿自然天光系统
大堂区域植入了先进的仿自然光天窗系统，模拟出白昼的变化，让人在封闭的高层建筑中依然能感受到户外的自然气息。","### Natural Skylight Simulation
The lobby embeds an advanced skylight system imitating natural light, simulating daytime changes so people can feel the outdoors within a closed skyscraper.","### 高效的绿色办公光
办公区大量采用均匀防眩的线性灯具，不仅满足了LEED认证的苛刻节能标准，更极大缓解了现代办公人群的视觉疲劳。","### Efficient Green Office Light
The office area widely uses uniform anti-glare linear fixtures, meeting strict LEED energy-saving standards while alleviating visual fatigue for workers."
beijing-lg-twin-towers,4,image_grid,masonry,"https://rdilighting.oss-cn-hongkong.aliyuncs.com/projects/beijing-lg-twin-towers/03.webp,https://rdilighting.oss-cn-hongkong.aliyuncs.com/projects/beijing-lg-twin-towers/04.webp,https://rdilighting.oss-cn-hongkong.aliyuncs.com/projects/beijing-lg-twin-towers/05.webp,https://rdilighting.oss-cn-hongkong.aliyuncs.com/projects/beijing-lg-twin-towers/06.webp",,,
beijing-lg-twin-towers,5,text_1col,align-left,"### 细部节点的无缝融合
所有的照明灯槽都经过极简化的隐藏式设计，与建筑的金属天花板和石材立面完美拼接，真正实现了见光不见灯的视觉纯洁性。","### Seamless Integration of Details
All lighting coves undergo minimalist concealed design, perfectly splicing with the building's metal ceilings and stone facades to achieve true visual purity without seeing the fixtures.",,
beijing-lg-twin-towers,6,image_grid,masonry,"https://rdilighting.oss-cn-hongkong.aliyuncs.com/projects/beijing-lg-twin-towers/07.webp,https://rdilighting.oss-cn-hongkong.aliyuncs.com/projects/beijing-lg-twin-towers/08.webp,https://rdilighting.oss-cn-hongkong.aliyuncs.com/projects/beijing-lg-twin-towers/09.webp",,,
beijing-lg-twin-towers,7,image_full,full-width,https://rdilighting.oss-cn-hongkong.aliyuncs.com/projects/beijing-lg-twin-towers/10.webp,,,
beijing-lg-twin-towers,8,text_1col,align-center,*旧时代的轮廓中，光线雕刻出了新生的脉络。*,"*Within the contours of the old era, light carves the veins of rebirth.*",,
shenzhen-mocape,1,text_1col,align-center,"### 解构主义的光影重塑
深圳市当代艺术与城市规划馆（MOCAPE），通过复杂的室内外智能照明系统，完美呼应了解构主义建筑的巨大体量感，打造出大湾区先锋的艺术展览空间。","### Light Reshaping of Deconstructivism
The MOCAPE in Shenzhen perfectly echoes the massive volumetric sense of deconstructivist architecture through a complex lighting system, creating an avant-garde exhibition space.",,
shenzhen-mocape,2,image_full,full-width,https://rdilighting.oss-cn-hongkong.aliyuncs.com/projects/shenzhen-mocape/02.webp,,,
shenzhen-mocape,3,text_2col,50-50,"### 云中心的震撼雕塑
建筑内部的核心“云”雕塑表面，被无数精准投射的隐蔽灯光渲染，在夜间犹如悬浮在空中的银色机械生命体。","### Stunning Sculpture of the Cloud Center
The core 'Cloud' sculpture's surface is rendered by numerous precisely projected concealed lights, resembling a hovering silver mechanical lifeform at night.","### 穿透表皮的呼吸光
巨大的金属穿孔板幕墙背后，动态线性光带缓缓明灭，既展现了建筑的通透性，又赋予了冰冷金属以温润的情感。","### Breathing Light Piercing the Skin
Behind the giant perforated metal facade, dynamic linear light strips slowly flicker, showcasing transparency while giving warm emotion to cold metal."
shenzhen-mocape,4,image_grid,masonry,"https://rdilighting.oss-cn-hongkong.aliyuncs.com/projects/shenzhen-mocape/03.webp,https://rdilighting.oss-cn-hongkong.aliyuncs.com/projects/shenzhen-mocape/04.webp,https://rdilighting.oss-cn-hongkong.aliyuncs.com/projects/shenzhen-mocape/05.webp,https://rdilighting.oss-cn-hongkong.aliyuncs.com/projects/shenzhen-mocape/06.webp",,,
shenzhen-mocape,5,text_1col,align-left,"### 漫反射与直接照明的平衡
为了应对极为复杂的空间转角与挑高，设计团队大量采用漫反射技术与重点光照相结合的方式，确保了庞大公共空间的视觉层次与游览安全性。","### Balance of Diffuse and Direct Lighting
To tackle highly complex corners and heights, the design heavily employs diffuse reflection combined with accent lighting, ensuring visual hierarchy and safety in the vast public space.",,
shenzhen-mocape,6,image_grid,masonry,"https://rdilighting.oss-cn-hongkong.aliyuncs.com/projects/shenzhen-mocape/07.webp,https://rdilighting.oss-cn-hongkong.aliyuncs.com/projects/shenzhen-mocape/08.webp,https://rdilighting.oss-cn-hongkong.aliyuncs.com/projects/shenzhen-mocape/09.webp",,,
shenzhen-mocape,7,image_full,full-width,https://rdilighting.oss-cn-hongkong.aliyuncs.com/projects/shenzhen-mocape/10.webp,,,
shenzhen-mocape,8,text_1col,align-center,*光是建筑的第四维度，将静止的钢铁化作流动的乐章。*,"*Light is the fourth dimension of architecture, turning static steel into a flowing movement.*",,
shanghai-meilanhu,1,text_1col,align-center,"### 极简建筑的水畔光影
位于上海的美兰湖高尔夫展览中心，以极简主义现代建筑为基底。照明设计巧妙结合入口反射池与建筑立面，营造出宁静、高端的商业空间体验。","### Waterside Light of Minimalist Architecture
Located in Shanghai, the Meilan Lake Golf Exhibition Center blends minimalist modern architecture with reflection pools, creating a tranquil and high-end commercial experience.",,
shanghai-meilanhu,2,image_full,full-width,https://rdilighting.oss-cn-hongkong.aliyuncs.com/projects/shanghai-meilanhu/02.webp,,,
shanghai-meilanhu,3,text_2col,50-50,"### 迎宾之光
入口处的雨棚采用线性灯光与洗地灯结合，温暖的灯光倒影在水面上，形成极具吸引力的视觉引导。","### Welcoming Light
The entrance canopy combines linear lights with floor washers, forming an attractive visual guide reflected on the water.","### 动态立面韵律
建筑外墙通过微小的垂直凹槽内嵌线条灯，结合泛光照明，使建筑在夜间呈现出柔和而通透的质感。","### Dynamic Facade Rhythm
The exterior walls feature linear lights embedded in vertical grooves, creating a soft and translucent texture at night."
shanghai-meilanhu,4,image_grid,masonry,"https://rdilighting.oss-cn-hongkong.aliyuncs.com/projects/shanghai-meilanhu/03.webp,https://rdilighting.oss-cn-hongkong.aliyuncs.com/projects/shanghai-meilanhu/04.webp,https://rdilighting.oss-cn-hongkong.aliyuncs.com/projects/shanghai-meilanhu/05.webp,https://rdilighting.oss-cn-hongkong.aliyuncs.com/projects/shanghai-meilanhu/06.webp",,,
shanghai-meilanhu,5,text_1col,align-left,"### 隐匿式的景观照明
水池底部随机布置了星空点光源，配合隐藏于步道边缘的柔性灯带，不仅避免了眩光，更让整体景观如星光般闪烁。","### Concealed Landscape Lighting
Star-like point light sources are randomly placed underwater, paired with flexible light strips hidden at the edge of the path, avoiding glare and shimmering like starlight.",,
shanghai-meilanhu,6,image_grid,masonry,"https://rdilighting.oss-cn-hongkong.aliyuncs.com/projects/shanghai-meilanhu/07.webp,https://rdilighting.oss-cn-hongkong.aliyuncs.com/projects/shanghai-meilanhu/08.webp,https://rdilighting.oss-cn-hongkong.aliyuncs.com/projects/shanghai-meilanhu/09.webp",,,
shanghai-meilanhu,7,image_full,full-width,https://rdilighting.oss-cn-hongkong.aliyuncs.com/projects/shanghai-meilanhu/10.webp,,,
shanghai-meilanhu,8,text_1col,align-center,*光影沉浮于水面，建筑在此刻呼吸。*,"*Light and shadow drift on the water, as the architecture breathes.*",,
shanghai-ucca-edge,1,text_1col,align-center,"### 艺术边缘的极致光影
上海 UCCA Edge 坐落于盈凯文创广场，照明设计以克制而精准的光学控制，为当代艺术展览构建了极具包容性与呼吸感的视觉空间，让艺术回归最纯粹的表达。","### Ultimate Light at the Edge of Art
Located in EDGE Plaza, UCCA Edge Shanghai utilizes restrained and precise optical control to build a highly inclusive and breathing visual space for contemporary art exhibitions.",,
shanghai-ucca-edge,2,image_full,full-width,https://rdilighting.oss-cn-hongkong.aliyuncs.com/projects/shanghai-ucca-edge/02.webp,,,
shanghai-ucca-edge,3,text_2col,50-50,"### 展陈空间的匀质洗礼
在展厅内部，精心布置的轨道灯系统与自然光巧妙结合，为每一件艺术品提供均匀而无死角的照度，凸显材质本身的肌理。","### Homogeneous Baptism of Exhibition Space
Inside the gallery, carefully arranged track systems blend with natural light to provide uniform illumination for artworks, highlighting their textures.","### 环绕式户外露台
针对户外露台，采用隐藏式的低眩光地埋灯与扶手洗墙灯，在夜色中勾勒出建筑的轮廓，营造出静谧的观景氛围。","### Wrap-around Outdoor Terrace
For the terrace, concealed low-glare inground and handrail lights are used to outline the architecture at night, creating a tranquil viewing atmosphere."
shanghai-ucca-edge,4,image_grid,masonry,"https://rdilighting.oss-cn-hongkong.aliyuncs.com/projects/shanghai-ucca-edge/03.webp,https://rdilighting.oss-cn-hongkong.aliyuncs.com/projects/shanghai-ucca-edge/04.webp,https://rdilighting.oss-cn-hongkong.aliyuncs.com/projects/shanghai-ucca-edge/05.webp,https://rdilighting.oss-cn-hongkong.aliyuncs.com/projects/shanghai-ucca-edge/06.webp",,,
shanghai-ucca-edge,5,text_1col,align-left,"### 光学维度的无缝切换
通过智能控制系统，展厅可根据展品对光线的敏感度进行深度调节，无论是巨幅油画还是精密的影像装置，都能获得最匹配的光学参数。","### Seamless Switching in Optical Dimensions
Through smart control, the gallery deep-adjusts according to light sensitivity, ensuring matching optical parameters for huge paintings or delicate video installations.",,
shanghai-ucca-edge,6,image_grid,masonry,"https://rdilighting.oss-cn-hongkong.aliyuncs.com/projects/shanghai-ucca-edge/07.webp,https://rdilighting.oss-cn-hongkong.aliyuncs.com/projects/shanghai-ucca-edge/08.webp,https://rdilighting.oss-cn-hongkong.aliyuncs.com/projects/shanghai-ucca-edge/09.webp",,,
shanghai-ucca-edge,7,image_full,full-width,https://rdilighting.oss-cn-hongkong.aliyuncs.com/projects/shanghai-ucca-edge/10.webp,,,
shanghai-ucca-edge,8,text_1col,align-center,*光在边缘停驻，艺术于此无界蔓延。*,"*Light pauses at the edge, where art spreads boundlessly.*",,
shenzhen-guangming-art-center,1,text_1col,align-center,"### 寻光之韵：光明艺术中心的文化灯塔
位于深圳光明新区，光明艺术中心以“光”为灵魂，集演艺中心、美术馆等功能于一体。智能照明设计不仅凸显了岭南特色的建筑肌理，更为大湾区打造了一座融合文化与科技的璀璨新地标。","### The Rhythm of Light: A Cultural Lighthouse
Located in Guangming New District of Shenzhen, the Guangming Art Center takes ""light"" as its soul, integrating functions such as a performing arts center and an art museum. The intelligent lighting design not only highlights the architectural texture of Lingnan characteristics but also creates a brilliant new landmark integrating culture and technology for the Greater Bay Area.",,
shenzhen-guangming-art-center,2,image_full,full-width,https://rdilighting.oss-cn-hongkong.aliyuncs.com/projects/shenzhen-guangming-art-center/02.webp,,,
shenzhen-guangming-art-center,3,text_2col,50-50,"### 岭南元素的现代演绎
照明设计结合建筑表皮的百叶结构，以洗墙灯精细勾勒出传统岭南建筑的叠院形态。","### Modern Interpretation of Lingnan Elements
The lighting design perfectly combines with the louver structure of the architectural skin, finely outlining the stacked courtyard form of traditional Lingnan architecture using wall washers.","### 演艺中心的光影张力
剧院内采用防眩光系统与智能调光，确保观演体验的纯粹性，同时外立面以动态光影呼应“光明之眼”的主题。","### Light and Shadow Tension in the Performing Arts Center
The theater adopts an anti-glare system and intelligent dimming to ensure the purity of the viewing experience, while the facade echoes the theme of ""Eye of Guangming"" with dynamic light."
shenzhen-guangming-art-center,4,image_grid,masonry,"https://rdilighting.oss-cn-hongkong.aliyuncs.com/projects/shenzhen-guangming-art-center/03.webp,https://rdilighting.oss-cn-hongkong.aliyuncs.com/projects/shenzhen-guangming-art-center/04.webp,https://rdilighting.oss-cn-hongkong.aliyuncs.com/projects/shenzhen-guangming-art-center/05.webp,https://rdilighting.oss-cn-hongkong.aliyuncs.com/projects/shenzhen-guangming-art-center/06.webp",,,
shenzhen-guangming-art-center,5,text_1col,align-left,"### 沉浸式文化漫步
广场与水景区域采用低照度的景观照明，星点灯光倒映于水面，为市民提供宁静舒适的夜间游园体验。","### Immersive Cultural Stroll
The plaza and waterscape areas adopt low-illumination landscape lighting. Star-like lights are reflected on the water surface, providing citizens with a peaceful and comfortable nighttime experience.",,
shenzhen-guangming-art-center,6,image_grid,masonry,"https://rdilighting.oss-cn-hongkong.aliyuncs.com/projects/shenzhen-guangming-art-center/07.webp,https://rdilighting.oss-cn-hongkong.aliyuncs.com/projects/shenzhen-guangming-art-center/08.webp,https://rdilighting.oss-cn-hongkong.aliyuncs.com/projects/shenzhen-guangming-art-center/09.webp",,,
shenzhen-guangming-art-center,7,image_full,full-width,https://rdilighting.oss-cn-hongkong.aliyuncs.com/projects/shenzhen-guangming-art-center/10.webp,,,
shenzhen-guangming-art-center,8,text_1col,align-center,*光与影的交响，奏响城市文化的崭新乐章。*,*The symphony of light and shadow plays a new movement of urban culture.*,,
shanghai-ucca-edge,1,text_1col,align-center,"### 极简边界内的当代先锋
位于上海静安区的UCCA Edge，照明设计以极简主义手法介入，为这座当代艺术地标提供专业级的光学支持，精准呈现先锋艺术作品的视觉张力。","### Contemporary Avant-garde within Minimalist Boundaries
Located in Jing'an District, Shanghai, UCCA Edge's lighting design intervenes with a minimalist approach, providing professional-grade optical support for this contemporary art landmark and accurately presenting the visual tension of avant-garde artworks.",,
shanghai-ucca-edge,2,image_full,full-width,https://rdilighting.oss-cn-hongkong.aliyuncs.com/projects/shanghai-ucca-edge/02.webp,,,
shanghai-ucca-edge,3,text_2col,50-50,"### 展陈级别的精准控光
展厅采用高显色性定制灯槽与轨道系统，实现极致防眩与无级调光，满足各类复合媒介艺术品的苛刻要求。","### Exhibition-grade Precise Light Control
The exhibition hall adopts custom high-color-rendering light coves and track systems to achieve extreme anti-glare and stepless dimming, meeting the demanding requirements of various mixed-media artworks.","### 连续流动的空间视觉
走廊与公共区域使用柔和的间接照明，与户外露台的自然光无缝过渡，模糊了室内外的边界。","### Continuously Flowing Spatial Vision
Corridors and public areas use soft indirect lighting that seamlessly transitions with natural light from the outdoor terrace, blurring the boundary between indoors and outdoors."
shanghai-ucca-edge,4,image_grid,masonry,"https://rdilighting.oss-cn-hongkong.aliyuncs.com/projects/shanghai-ucca-edge/03.webp,https://rdilighting.oss-cn-hongkong.aliyuncs.com/projects/shanghai-ucca-edge/04.webp,https://rdilighting.oss-cn-hongkong.aliyuncs.com/projects/shanghai-ucca-edge/05.webp,https://rdilighting.oss-cn-hongkong.aliyuncs.com/projects/shanghai-ucca-edge/06.webp",,,
shanghai-ucca-edge,5,text_1col,align-left,"### 结构交汇处的暗藏之光
在建筑内部巨大的结构梁处，洗墙灯被巧妙隐藏，用漫反射光线消除空间压抑感，营造轻盈的悬浮感。","### Concealed Light at Structural Intersections
At the massive structural beams inside the building, wall washers are cleverly hidden, using diffuse reflection to eliminate spatial oppression and create a light, hovering sensation.",,
shanghai-ucca-edge,6,image_grid,masonry,"https://rdilighting.oss-cn-hongkong.aliyuncs.com/projects/shanghai-ucca-edge/07.webp,https://rdilighting.oss-cn-hongkong.aliyuncs.com/projects/shanghai-ucca-edge/08.webp,https://rdilighting.oss-cn-hongkong.aliyuncs.com/projects/shanghai-ucca-edge/09.webp",,,
shanghai-ucca-edge,7,image_full,full-width,https://rdilighting.oss-cn-hongkong.aliyuncs.com/projects/shanghai-ucca-edge/10.webp,,,
shanghai-ucca-edge,8,text_1col,align-center,*在光芒退让的边缘，艺术得以最真实地呼吸。*,"*At the edge where light retreats, art breathes most truly.*",,
shanghai-crossover-installation,1,text_1col,align-center,"### 城市街头的未来图腾
亮相于上海新天地设计节的“CROSSOVER”光影装置，以X型几何结构与红色亚克力管相得益彰，通过定制动态灯光在城市公共空间中创造出迷幻的互动体验。","### Future Totem on City Streets
The ""CROSSOVER"" light and shadow installation, unveiled at the Design Shanghai @ Xintiandi Design Festival, complements the X-shaped geometric structure with red acrylic tubes, creating a psychedelic interactive experience in urban public spaces through custom dynamic lighting.",,
shanghai-crossover-installation,2,image_full,full-width,https://rdilighting.oss-cn-hongkong.aliyuncs.com/projects/shanghai-crossover-installation/02.webp,,,
shanghai-crossover-installation,3,text_2col,50-50,"### 几何结构的灯光重塑
装置内部嵌入的LED线性灯完美贴合60根亚克力管的走向，将静态的建筑体化作有生命的能量场。","### Light Reshaping of Geometric Structures
LED linear lights embedded inside the installation perfectly match the alignment of the 60 acrylic tubes, transforming a static architectural body into a living energy field.","### 日夜交替的视觉双重奏
白天，红蓝色彩在阳光下闪烁；夜晚，灯光亮起，内部形成具有极强纵深感的红色穿越隧道。","### Visual Duet Alternating Day and Night
During the day, red and blue colors shimmer in the sunlight; at night, the lights turn on, forming a red traversal tunnel with a strong sense of depth inside."
shanghai-crossover-installation,4,image_grid,masonry,"https://rdilighting.oss-cn-hongkong.aliyuncs.com/projects/shanghai-crossover-installation/03.webp,https://rdilighting.oss-cn-hongkong.aliyuncs.com/projects/shanghai-crossover-installation/04.webp,https://rdilighting.oss-cn-hongkong.aliyuncs.com/projects/shanghai-crossover-installation/05.webp,https://rdilighting.oss-cn-hongkong.aliyuncs.com/projects/shanghai-crossover-installation/06.webp",,,
shanghai-crossover-installation,5,text_1col,align-left,"### 沉浸式互动体验
观众穿梭于装置之中，周围的光线随着视角的变化产生奇妙的折射与反射，营造出打破常规的视觉幻境。","### Immersive Interactive Experience
As visitors shuttle through the installation, the surrounding light produces wonderful refractions and reflections with the change of viewing angle, creating an unconventional visual illusion.",,
shanghai-crossover-installation,6,image_grid,masonry,"https://rdilighting.oss-cn-hongkong.aliyuncs.com/projects/shanghai-crossover-installation/07.webp,https://rdilighting.oss-cn-hongkong.aliyuncs.com/projects/shanghai-crossover-installation/08.webp,https://rdilighting.oss-cn-hongkong.aliyuncs.com/projects/shanghai-crossover-installation/09.webp",,,
shanghai-crossover-installation,7,image_full,full-width,https://rdilighting.oss-cn-hongkong.aliyuncs.com/projects/shanghai-crossover-installation/10.webp,,,
shanghai-crossover-installation,8,text_1col,align-center,*在光线的纵横交错中，跨越现实与想象的边界。*,"*In the crisscross of light, cross the boundary between reality and imagination.*",,
shanghai-capital-dragon-dream,1,text_1col,align-center,"### 数字立面的商业复兴
上海莘庄凯德龙之梦十周年更新项目，照明设计以极具未来感的参数化数字灯光语言，为这座200米高的区域商业地标注入全新活力与动感。","### Commercial Revival of Digital Facade
For the 10th-anniversary renewal project of Shanghai Xinzhuang CapitaMall Dragon Dream, the lighting design injects new vitality and dynamism into this 200-meter-high regional commercial landmark with a highly futuristic parametric digital lighting language.",,
shanghai-capital-dragon-dream,2,image_full,full-width,https://rdilighting.oss-cn-hongkong.aliyuncs.com/projects/shanghai-capital-dragon-dream/02.webp,,,
shanghai-capital-dragon-dream,3,text_2col,50-50,"### 星火燎原的动态趋势
立面节点灯具通过智能控制，呈现出从星星点点到汇聚成流的动态视觉，隐喻商业的繁荣与汇聚。","### Dynamic Trend of a Single Spark
The facade node fixtures, through intelligent control, present a dynamic vision from scattered stars to a converging stream, metaphorizing commercial prosperity and convergence.","### 顶部的数字化视窗
建筑顶部的高精度LED像素灯组，在保持与整体立面和谐联动的同时，承担了项目十周年庆典的节日宣发功能。","### Digital Window at the Top
The high-precision LED pixel light group at the top of the building, while maintaining harmonious linkage with the overall facade, undertakes the holiday promotional function for the project's 10th-anniversary celebration."
shanghai-capital-dragon-dream,4,image_grid,masonry,"https://rdilighting.oss-cn-hongkong.aliyuncs.com/projects/shanghai-capital-dragon-dream/03.webp,https://rdilighting.oss-cn-hongkong.aliyuncs.com/projects/shanghai-capital-dragon-dream/04.webp,https://rdilighting.oss-cn-hongkong.aliyuncs.com/projects/shanghai-capital-dragon-dream/05.webp,https://rdilighting.oss-cn-hongkong.aliyuncs.com/projects/shanghai-capital-dragon-dream/06.webp",,,
shanghai-capital-dragon-dream,5,text_1col,align-left,"### 建筑结构的隐性表达
照明设计克服了现有幕墙结构的局限性，在不破坏白天建筑外观的前提下，巧妙隐藏灯具，实现夜间的惊艳蜕变。","### Implicit Expression of Architectural Structure
The lighting design overcomes the limitations of the existing curtain wall structure. Under the premise of not destroying the daytime appearance, fixtures are cleverly hidden to achieve a stunning night transformation.",,
shanghai-capital-dragon-dream,6,image_grid,masonry,"https://rdilighting.oss-cn-hongkong.aliyuncs.com/projects/shanghai-capital-dragon-dream/07.webp,https://rdilighting.oss-cn-hongkong.aliyuncs.com/projects/shanghai-capital-dragon-dream/08.webp,https://rdilighting.oss-cn-hongkong.aliyuncs.com/projects/shanghai-capital-dragon-dream/09.webp",,,
shanghai-capital-dragon-dream,7,image_full,full-width,https://rdilighting.oss-cn-hongkong.aliyuncs.com/projects/shanghai-capital-dragon-dream/10.webp,,,
shanghai-capital-dragon-dream,8,text_1col,align-center,*光点如繁星汇聚，点亮城市向上的力量。*,"*Light spots gather like stars, illuminating the city's upward power.*",,
xiamen-renaissance-hotel,1,text_1col,align-center,"### 滨海度假的奢华幻境
厦门万丽度假酒店以独特的滨海风情为基调，照明设计巧妙融合现代建筑学与自然光影，为宾客打造兼具国际视野与在地文化的顶级奢华度假体验。","### Luxurious Illusion of Coastal Resort
Based on a unique coastal style, Xiamen Renaissance Hotel perfectly blends modern architecture with natural light and shadow through its lighting design, creating a top-tier luxury resort experience for guests with both international vision and local culture.",,
xiamen-renaissance-hotel,2,image_full,full-width,https://rdilighting.oss-cn-hongkong.aliyuncs.com/projects/xiamen-renaissance-hotel/02.webp,,,
xiamen-renaissance-hotel,3,text_2col,50-50,"### 立面光影的潮汐律动
建筑外墙的灯光模拟海浪的起伏与退散，用柔和的洗墙泛光强化了酒店层叠退台的结构美感。","### Tidal Rhythm of Facade Light and Shadow
The exterior wall lighting simulates the undulating and retreating waves, using soft wall-washing floodlights to enhance the structural beauty of the hotel's cascading terraces.","### 热带景观的沉浸夜游
户外园林采用低色温的防眩光庭院灯与地埋灯，将视觉焦点让给热带植物与清澈水系，营造静谧的避世氛围。","### Immersive Night Tour in Tropical Landscapes
The outdoor gardens use low-color-temperature, anti-glare courtyard lights and inground lights, yielding the visual focus to tropical plants and clear water systems, creating a tranquil escapist atmosphere."
xiamen-renaissance-hotel,4,image_grid,masonry,"https://rdilighting.oss-cn-hongkong.aliyuncs.com/projects/xiamen-renaissance-hotel/03.webp,https://rdilighting.oss-cn-hongkong.aliyuncs.com/projects/xiamen-renaissance-hotel/04.webp,https://rdilighting.oss-cn-hongkong.aliyuncs.com/projects/xiamen-renaissance-hotel/05.webp,https://rdilighting.oss-cn-hongkong.aliyuncs.com/projects/xiamen-renaissance-hotel/06.webp",,,
xiamen-renaissance-hotel,5,text_1col,align-left,"### 室内空间的温润包裹
大堂与公共区域大面积使用间接照明和智能调光系统，让光线如晨曦般柔和地洒在木质与大理石纹理上。","### Warm Wrapping of Interior Space
The lobby and public areas extensively use indirect lighting and smart dimming systems, allowing light to fall softly on wood and marble textures like the morning dawn.",,
xiamen-renaissance-hotel,6,image_grid,masonry,"https://rdilighting.oss-cn-hongkong.aliyuncs.com/projects/xiamen-renaissance-hotel/07.webp,https://rdilighting.oss-cn-hongkong.aliyuncs.com/projects/xiamen-renaissance-hotel/08.webp,https://rdilighting.oss-cn-hongkong.aliyuncs.com/projects/xiamen-renaissance-hotel/09.webp",,,
xiamen-renaissance-hotel,7,image_full,full-width,https://rdilighting.oss-cn-hongkong.aliyuncs.com/projects/xiamen-renaissance-hotel/10.webp,,,
xiamen-renaissance-hotel,8,text_1col,align-center,*随着潮落的余音，光与海在夜色中温柔拥吻。*,"*With the lingering sound of the ebb tide, light and sea gently kiss in the night.*",,
shanghai-golden-eagle,1,text_1col,align-center,"### 商业入口的空间重构
上海金鹰国际购物中心入口改造项目，通过极具视觉张力的阵列式照明设计，打破了原有建筑的高低局限，在南京西路商圈重塑了极具辨识度的商业门头。","### Spatial Reconstruction of Commercial Entrance
The entrance renovation project of Shanghai Golden Eagle International Shopping Center breaks the original height limitations of the building through a visually striking array lighting design, reshaping a highly recognizable commercial facade in the Nanjing West Road business district.",,
shanghai-golden-eagle,2,image_full,full-width,https://rdilighting.oss-cn-hongkong.aliyuncs.com/projects/shanghai-golden-eagle/02.webp,,,
shanghai-golden-eagle,3,text_2col,50-50,"### 阵列方管的光学奇观
入口顶部由无数不同长度的方管阵列组成，灯光隐藏于缝隙中，随着深度的变化营造出强烈的星空包裹感。","### Optical Spectacle of Arrayed Square Tubes
The top of the entrance is composed of an array of square tubes of varying lengths. Lights are hidden in the gaps, creating a strong starry wrapping sensation as the depth changes.","### 垂直尺度的视觉拉伸
巧用高功率LED洗墙灯将内侧玻璃幕墙提亮，使原本单层的入口空间在视觉上获得了高达五层的拔高效果。","### Visual Stretching of Vertical Scale
High-power LED wall washers are cleverly used to brighten the inner glass curtain wall, allowing the originally single-story entrance space to visually gain a five-story elevation effect."
shanghai-golden-eagle,4,image_grid,masonry,"https://rdilighting.oss-cn-hongkong.aliyuncs.com/projects/shanghai-golden-eagle/03.webp,https://rdilighting.oss-cn-hongkong.aliyuncs.com/projects/shanghai-golden-eagle/04.webp,https://rdilighting.oss-cn-hongkong.aliyuncs.com/projects/shanghai-golden-eagle/05.webp,https://rdilighting.oss-cn-hongkong.aliyuncs.com/projects/shanghai-golden-eagle/06.webp",,,
shanghai-golden-eagle,5,text_1col,align-left,"### 透明与实体的对比平衡
设计师在外部金属与内部玻璃之间建立光效对比，既凸显了改造后的现代商业质感，又保留了建筑原有的呼吸感。","### Contrast and Balance Between Transparency and Solidity
The designer established a light effect contrast between the external metal and internal glass, which not only highlights the modernized commercial texture but also retains the building's original sense of breath.",,
shanghai-golden-eagle,6,image_grid,masonry,"https://rdilighting.oss-cn-hongkong.aliyuncs.com/projects/shanghai-golden-eagle/07.webp,https://rdilighting.oss-cn-hongkong.aliyuncs.com/projects/shanghai-golden-eagle/08.webp,https://rdilighting.oss-cn-hongkong.aliyuncs.com/projects/shanghai-golden-eagle/09.webp",,,
shanghai-golden-eagle,7,image_full,full-width,https://rdilighting.oss-cn-hongkong.aliyuncs.com/projects/shanghai-golden-eagle/10.webp,,,
shanghai-golden-eagle,8,text_1col,align-center,*光线重塑了空间的尺度，让古老的街角重焕新生。*,"*Light reshapes the scale of space, giving ancient street corners a new lease on life.*",,
hongkong-tai-kwun-exhibition,1,text_1col,align-center,"### 港式烟火的时光回溯
香港大馆“100面”展览，照明设计巧妙还原了老香港中环的市井风貌与茶餐厅氛围，用怀旧的光影语言带领观众踏上一段充满温情的历史漫步。","### Time Reversion of Hong Kong-style Fireworks
The ""100 Faces of Tai Kwun"" exhibition in Hong Kong ingeniously restores the civic style and Cha Chaan Teng atmosphere of old Central through lighting design, leading the audience on a warm historical stroll with nostalgic language of light and shadow.",,
hongkong-tai-kwun-exhibition,2,image_full,full-width,https://rdilighting.oss-cn-hongkong.aliyuncs.com/projects/hongkong-tai-kwun-exhibition/02.webp,,,
hongkong-tai-kwun-exhibition,3,text_2col,50-50,"### 霓虹闪烁的街头记忆
主展区运用侧发光亚克力与镭射雕刻技术复刻经典路牌，配合本土艺术家的霓虹灯定制装置，唤醒强烈的地域情感。","### Neon-flashing Street Memories
The main exhibition area uses edge-lit acrylic and laser engraving to replicate classic street signs, pairing with custom neon installations by local artists to awaken strong regional emotions.","### 舞台感的叙事照明
针对人物故事与童年记忆展品，大量采用防眩光轨道射灯进行精准勾勒，使每一处微小的陈列都如戏剧般动人。","### Theatrical Narrative Lighting
For character stories and childhood memory exhibits, anti-glare track spotlights are extensively used for precise outlining, making every tiny display as touching as a drama."
hongkong-tai-kwun-exhibition,4,image_grid,masonry,"https://rdilighting.oss-cn-hongkong.aliyuncs.com/projects/hongkong-tai-kwun-exhibition/03.webp,https://rdilighting.oss-cn-hongkong.aliyuncs.com/projects/hongkong-tai-kwun-exhibition/04.webp,https://rdilighting.oss-cn-hongkong.aliyuncs.com/projects/hongkong-tai-kwun-exhibition/05.webp,https://rdilighting.oss-cn-hongkong.aliyuncs.com/projects/hongkong-tai-kwun-exhibition/06.webp",,,
hongkong-tai-kwun-exhibition,5,text_1col,align-left,"### 阁楼茶餐厅的怀旧微光
上层空间复刻了传统“茶餐厅”，故意压低了整体基础照度，仅通过桌面局部的暖光点缀，还原记忆中的温暖氛围。","### Nostalgic Glimmer of the Attic Cha Chaan Teng
The upper space replicates a traditional ""Cha Chaan Teng,"" intentionally lowering the overall basic illumination and restoring the warm atmosphere in memories only through localized warm light embellishments on the tabletops.",,
hongkong-tai-kwun-exhibition,6,image_grid,masonry,"https://rdilighting.oss-cn-hongkong.aliyuncs.com/projects/hongkong-tai-kwun-exhibition/07.webp,https://rdilighting.oss-cn-hongkong.aliyuncs.com/projects/hongkong-tai-kwun-exhibition/08.webp,https://rdilighting.oss-cn-hongkong.aliyuncs.com/projects/hongkong-tai-kwun-exhibition/09.webp",,,
hongkong-tai-kwun-exhibition,7,image_full,full-width,https://rdilighting.oss-cn-hongkong.aliyuncs.com/projects/hongkong-tai-kwun-exhibition/10.webp,,,
hongkong-tai-kwun-exhibition,8,text_1col,align-center,*在微黄的旧梦里，时间慢下了脚步。*,"*In the yellowish old dream, time slows down its pace.*",,
shenyang-red-plum-park,1,text_1col,align-center,"### 工业遗迹的艺术涅槃
位于沈阳的红梅文创园由拥有80年历史的老味精厂改造而成。照明设计在尊重工业粗野之美的同时，赋予其现代美术馆与演艺中心的灵动生命力。","### Artistic Nirvana of Industrial Heritage
Located in Shenyang, the Red Plum Culture and Creative Park is transformed from an 80-year-old MSG factory. While respecting the rough beauty of industry, the lighting design endows it with the agile vitality of a modern art museum and performing arts center.",,
shenyang-red-plum-park,2,image_full,full-width,https://rdilighting.oss-cn-hongkong.aliyuncs.com/projects/shenyang-red-plum-park/02.webp,,,
shenyang-red-plum-park,3,text_2col,50-50,"### 原始肌理的洗礼之光
对于斑驳的石墙与混凝土拱顶，采用从底部向上的线性洗墙灯进行渲染，让历史的痕迹在光影中充满史诗感。","### Baptismal Light of Original Texture
For the mottled stone walls and concrete vaults, linear wall washers from bottom to top are used for rendering, making the traces of history full of epic feeling in the light and shadow.","### 发酵罐的焦点重塑
巨大的工业料仓被重点照亮，作为空间的视觉核心，新置入的轨道展陈灯光系统则为其功能转换提供了灵活支持。","### Focus Reshaping of Fermentation Tanks
The massive industrial silos are prominently illuminated as the visual core of the space, while the newly inserted track exhibition lighting system provides flexible support for its functional conversion."
shenyang-red-plum-park,4,image_grid,masonry,"https://rdilighting.oss-cn-hongkong.aliyuncs.com/projects/shenyang-red-plum-park/03.webp,https://rdilighting.oss-cn-hongkong.aliyuncs.com/projects/shenyang-red-plum-park/04.webp,https://rdilighting.oss-cn-hongkong.aliyuncs.com/projects/shenyang-red-plum-park/05.webp,https://rdilighting.oss-cn-hongkong.aliyuncs.com/projects/shenyang-red-plum-park/06.webp",,,
shenyang-red-plum-park,5,text_1col,align-left,"### 人工天光的柔和干预
顶部原有天窗被封闭改造，取而代之的是精心设计的发光灯箱，完美模拟了日间温和的自然天光，消解了地下空间的压抑感。","### Gentle Intervention of Artificial Skylight
The original skylight at the top was sealed and transformed, replaced by a meticulously designed luminous light box that perfectly simulates the mild natural daylight, dissolving the oppressive feeling of the underground space.",,
shenyang-red-plum-park,6,image_grid,masonry,"https://rdilighting.oss-cn-hongkong.aliyuncs.com/projects/shenyang-red-plum-park/07.webp,https://rdilighting.oss-cn-hongkong.aliyuncs.com/projects/shenyang-red-plum-park/08.webp,https://rdilighting.oss-cn-hongkong.aliyuncs.com/projects/shenyang-red-plum-park/09.webp",,,
shenyang-red-plum-park,7,image_full,full-width,https://rdilighting.oss-cn-hongkong.aliyuncs.com/projects/shenyang-red-plum-park/10.webp,,,
shenyang-red-plum-park,8,text_1col,align-center,*昔日的炉火化作艺术的微光，照亮重生的废墟。*,"*The former furnace fire turns into the glimmer of art, illuminating the reborn ruins.*",,
shenzhen-mercedes-me,1,text_1col,align-center,"### 重塑工业与潮流的跨界社交
位于深圳南山区的Mercedes me体验店，照明设计延续品牌基因，在粗犷与精致的工业风之间取得完美平衡，打造集高端餐饮与品牌体验于一体的先锋社交聚落。","### Reshaping Crossover Socializing of Industry and Trend
Located in Nanshan District, Shenzhen, the Mercedes me store's lighting design continues the brand's DNA, striking a perfect balance between rough and refined industrial styles to create an avant-garde social gathering place integrating high-end dining and brand experience.",,
shenzhen-mercedes-me,2,image_full,full-width,https://rdilighting.oss-cn-hongkong.aliyuncs.com/projects/shenzhen-mercedes-me/02.webp,,,
shenzhen-mercedes-me,3,text_2col,50-50,"### 精准的工业聚焦
核心展车区采用高精度定制轨道射灯，以利落的光束角雕刻出车身的金属线条；酿酒桶区则通过地埋灯与顶部射灯结合，凸显机械装置的力量感。","### Precise Industrial Focus
The core car display area uses high-precision custom track spotlights to carve the car's metal lines with sharp beam angles; the brewery still area combines inground and top spotlights to highlight the mechanical power.","### 吧台的微醺光影
波浪形金属天花与吧台立面通过隐蔽式泛光与小型地埋灯进行渲染，配合车身轮廓的定制艺术吊灯，营造出放松的潮流夜生活氛围。","### Tipsy Light and Shadow at the Bar
The wavy metal ceiling and bar facade are rendered by concealed floodlights and small inground lights, pairing with a custom car-outline chandelier to create a relaxed trendy nightlife vibe."
shenzhen-mercedes-me,4,image_grid,masonry,"https://rdilighting.oss-cn-hongkong.aliyuncs.com/projects/shenzhen-mercedes-me/03.webp,https://rdilighting.oss-cn-hongkong.aliyuncs.com/projects/shenzhen-mercedes-me/04.webp,https://rdilighting.oss-cn-hongkong.aliyuncs.com/projects/shenzhen-mercedes-me/05.webp,https://rdilighting.oss-cn-hongkong.aliyuncs.com/projects/shenzhen-mercedes-me/06.webp",,,
shenzhen-mercedes-me,5,text_1col,align-left,"### 复古与现代的材质对话
空间中大量暴露的黄铜管道通过巧妙隐藏的大功率洗墙灯进行向上提亮，将冰冷的金属管道转化为温暖复古的空间视觉主轴。","### Material Dialogue Between Retro and Modern
The extensively exposed brass pipes are uplit by cleverly hidden high-power wall washers, transforming cold metal into a warm, retro visual axis of the space.",,
shenzhen-mercedes-me,6,image_grid,masonry,"https://rdilighting.oss-cn-hongkong.aliyuncs.com/projects/shenzhen-mercedes-me/07.webp,https://rdilighting.oss-cn-hongkong.aliyuncs.com/projects/shenzhen-mercedes-me/08.webp,https://rdilighting.oss-cn-hongkong.aliyuncs.com/projects/shenzhen-mercedes-me/09.webp",,,
shenzhen-mercedes-me,7,image_full,full-width,https://rdilighting.oss-cn-hongkong.aliyuncs.com/projects/shenzhen-mercedes-me/10.webp,,,
shenzhen-mercedes-me,8,text_1col,align-center,*在金属与光影的交响中，每一次相聚都如引擎般澎湃。*,"*In the symphony of metal and light, every gathering is as surging as an engine.*",,
beijing-ucca-zeng-fanzhi,1,text_1col,align-center,"### 光影里的安藤建筑与当代艺术
位于北京798尤伦斯当代艺术中心（UCCA），曾凡志“散步”大型个展的照明方案由RDI精心打造。光线与安藤忠雄设计的暗色调极简展厅深度融合，为这趟艺术漫步提供了完美的视觉指引。","### Ando Architecture and Contemporary Art in Light
Located at UCCA in Beijing 798, the lighting for Zeng Fanzhi's ""Parcours"" exhibition was meticulously crafted by RDI. The light deeply integrates with Tadao Ando's dark-toned minimalist exhibition hall, providing perfect visual guidance for this artistic stroll.",,
beijing-ucca-zeng-fanzhi,2,image_full,full-width,https://rdilighting.oss-cn-hongkong.aliyuncs.com/projects/beijing-ucca-zeng-fanzhi/02.webp,,,
beijing-ucca-zeng-fanzhi,3,text_2col,50-50,"### 幽暗空间的精准克制
展厅采用深灰色墙面以营造独立冥想的空间感，照明设计大量运用专业级洗墙灯与切光灯，在极低的背景环境光中精准锁定画作。","### Precise Restraint in Dark Spaces
The gallery uses dark gray walls to create a space for independent meditation. The lighting extensively uses professional wall washers and framing projectors to precisely lock onto paintings in a very low ambient background.","### 建筑语汇的无缝隐匿
所有的照明轨道与灯具都被巧妙地隐藏在建筑师安藤忠雄特别设计的平屋顶长条形开槽中，实现了见光不见灯的纯粹观展体验。","### Seamless Concealment of Architectural Vocabulary
All lighting tracks and fixtures are cleverly hidden in the slotted flat ceilings specially designed by architect Tadao Ando, achieving a pure viewing experience where light is seen but not the fixtures."
beijing-ucca-zeng-fanzhi,4,image_grid,masonry,"https://rdilighting.oss-cn-hongkong.aliyuncs.com/projects/beijing-ucca-zeng-fanzhi/03.webp,https://rdilighting.oss-cn-hongkong.aliyuncs.com/projects/beijing-ucca-zeng-fanzhi/04.webp,https://rdilighting.oss-cn-hongkong.aliyuncs.com/projects/beijing-ucca-zeng-fanzhi/05.webp,https://rdilighting.oss-cn-hongkong.aliyuncs.com/projects/beijing-ucca-zeng-fanzhi/06.webp",,,
beijing-ucca-zeng-fanzhi,5,text_1col,align-left,"### 高显色的光学保护
为确保艺术家巨幅油画中细腻的笔触与色彩得到最真实的还原，方案采用了最高显色指数的LED光源，并严格控制眩光，保护观众的沉浸感不受打扰。","### High Color Rendering Optical Protection
To ensure the most authentic restoration of the delicate brushstrokes and colors in the artist's massive oil paintings, the scheme adopted LED sources with the highest color rendering index and strictly controlled glare.",,
beijing-ucca-zeng-fanzhi,6,image_grid,masonry,"https://rdilighting.oss-cn-hongkong.aliyuncs.com/projects/beijing-ucca-zeng-fanzhi/07.webp,https://rdilighting.oss-cn-hongkong.aliyuncs.com/projects/beijing-ucca-zeng-fanzhi/08.webp,https://rdilighting.oss-cn-hongkong.aliyuncs.com/projects/beijing-ucca-zeng-fanzhi/09.webp",,,
beijing-ucca-zeng-fanzhi,7,image_full,full-width,https://rdilighting.oss-cn-hongkong.aliyuncs.com/projects/beijing-ucca-zeng-fanzhi/10.webp,,,
beijing-ucca-zeng-fanzhi,8,text_1col,align-center,*在深邃的灰度里，光线牵引着灵魂进行一场无声的散步。*,"*In the profound grayscale, light guides the soul on a silent stroll.*",,
suzhou-lake-geneve,1,text_1col,align-center,"### 湖畔的现代古典私邸
坐落于风景如画的苏州金鸡湖畔，湖滨别墅项目的照明设计以克制而优雅的手法，将现代古典主义的室内美学与自然水景完美融合，打造出极具奢华感与生活温度的私密居住空间。","### Modern Classical Private Residence by the Lake
Situated by the picturesque Jinji Lake in Suzhou, the lighting design for the Lake Genève villa uses a restrained and elegant approach to perfectly blend modern classical interior aesthetics with natural waterscapes, creating a highly luxurious and warm private living space.",,
suzhou-lake-geneve,2,image_full,full-width,https://rdilighting.oss-cn-hongkong.aliyuncs.com/projects/suzhou-lake-geneve/02.webp,,,
suzhou-lake-geneve,3,text_2col,50-50,"### 归家礼序与视觉焦点
挑高的入口门厅悬挂着华丽的螺旋吊灯，配合天花的圆形暗藏灯槽与楼梯侧边的精巧引路灯，营造出充满仪式感的归家体验。","### Ritual of Homecoming and Visual Focus
The double-height entrance hall features a gorgeous spiral chandelier, complemented by circular concealed ceiling coves and delicate step lights, creating a highly ritualistic homecoming experience.","### 灵活的情境空间
客餐厅通过智能控制系统将基础间接照明与重点射灯完美结合，可根据日常起居、宴客等不同生活场景一键切换光影氛围。","### Flexible Scenario Spaces
The living and dining rooms perfectly combine basic indirect lighting and accent spotlights via a smart control system, allowing one-touch switching of light atmospheres for daily living or hosting guests."
suzhou-lake-geneve,4,image_grid,masonry,"https://rdilighting.oss-cn-hongkong.aliyuncs.com/projects/suzhou-lake-geneve/03.webp,https://rdilighting.oss-cn-hongkong.aliyuncs.com/projects/suzhou-lake-geneve/04.webp,https://rdilighting.oss-cn-hongkong.aliyuncs.com/projects/suzhou-lake-geneve/05.webp,https://rdilighting.oss-cn-hongkong.aliyuncs.com/projects/suzhou-lake-geneve/06.webp",,,
suzhou-lake-geneve,5,text_1col,align-left,"### 隐匿于自然的景观之光
户外景观延续了极简设计理念，通过将水下地埋灯与洗墙灯巧妙隐藏在水池与步道边缘，让雕塑与建筑立面在夜色中仿佛悬浮于水面之上。","### Landscape Light Concealed in Nature
The outdoor landscape continues the minimalist design concept. By cleverly hiding underwater inground lights and wall washers at the edges of pools and paths, sculptures and facades appear to float on the water at night.",,
suzhou-lake-geneve,6,image_grid,masonry,"https://rdilighting.oss-cn-hongkong.aliyuncs.com/projects/suzhou-lake-geneve/07.webp,https://rdilighting.oss-cn-hongkong.aliyuncs.com/projects/suzhou-lake-geneve/08.webp,https://rdilighting.oss-cn-hongkong.aliyuncs.com/projects/suzhou-lake-geneve/09.webp",,,
suzhou-lake-geneve,7,image_full,full-width,https://rdilighting.oss-cn-hongkong.aliyuncs.com/projects/suzhou-lake-geneve/10.webp,,,
suzhou-lake-geneve,8,text_1col,align-center,*光影融入日常，让每一寸空间都写满岁月的静好。*,"*Light and shadow blend into the daily routine, filling every inch of space with the tranquility of time.*",,
taizhou-mixc,1,text_1col,align-center,"### 商业综合体的夜间律动
泰州华润万象城建筑外立面照明设计，通过动态光影赋予现代商业街区强烈的视觉张力，以光为媒介重塑城市中心的高端零售体验。","### Night Rhythm of the Commercial Complex
The facade lighting design of Taizhou MixC endows the modern commercial block with strong visual tension through dynamic light and shadow, reshaping the high-end retail experience in the city center.",,
taizhou-mixc,2,image_full,full-width,https://rdilighting.oss-cn-hongkong.aliyuncs.com/projects/taizhou-mixc/02.webp,,,
taizhou-mixc,3,text_2col,50-50,"### 建筑肌理表达
精细的光束角控制使建筑外立面的材质细节得以完美展现，形成统一而富有节奏的视觉面貌。","### Architectural Texture Expression
Precise beam angle control perfectly reveals the material details of the facade, forming a unified and rhythmic visual appearance.","### 智能光影变幻
隐藏式LED线条灯结合智能控制，让巨大的幕墙在夜间呈现出如呼吸般的灵动光影。","### Intelligent Light Changes
Concealed LED linear lights combined with intelligent control make the massive curtain wall present dynamic, breathing-like light and shadows at night."
taizhou-mixc,4,image_grid,masonry,"https://rdilighting.oss-cn-hongkong.aliyuncs.com/projects/taizhou-mixc/03.webp,https://rdilighting.oss-cn-hongkong.aliyuncs.com/projects/taizhou-mixc/04.webp,https://rdilighting.oss-cn-hongkong.aliyuncs.com/projects/taizhou-mixc/05.webp,https://rdilighting.oss-cn-hongkong.aliyuncs.com/projects/taizhou-mixc/06.webp",,,
taizhou-mixc,5,text_1col,align-left,"### 沉浸式环境照明
不仅关注建筑本身的标识度，更通过漫反射处理削弱眩光，为行人打造惬意的夜游购物空间。","### Immersive Ambient Lighting
Focusing not only on the building's identity but also reducing glare through diffuse reflection, creating a cozy night-shopping space for pedestrians.",,
taizhou-mixc,6,image_grid,masonry,"https://rdilighting.oss-cn-hongkong.aliyuncs.com/projects/taizhou-mixc/07.webp,https://rdilighting.oss-cn-hongkong.aliyuncs.com/projects/taizhou-mixc/08.webp,https://rdilighting.oss-cn-hongkong.aliyuncs.com/projects/taizhou-mixc/09.webp",,,
taizhou-mixc,7,image_full,full-width,https://rdilighting.oss-cn-hongkong.aliyuncs.com/projects/taizhou-mixc/10.webp,,,
taizhou-mixc,8,text_1col,align-center,*繁华之中，光影是城市的脉搏。*,"*Amidst the bustle, light and shadow are the pulse of the city.*",,
beijing-fengtai-joy-breeze,1,text_1col,align-center,"### 会呼吸的光影幕墙
北京丰台大悦春风里的照明设计通过丰富的灯光层次与材质的交互，为这座TOD商业综合体注入源源不断的生机，打造出充满活力的城市微度假目的地。","### The Breathing Light Curtain Wall
The lighting design of Beijing Fengtai Joy Breeze injects continuous vitality into this TOD commercial complex through rich lighting layers and material interactions, creating a vibrant urban micro-vacation destination.",,
beijing-fengtai-joy-breeze,2,image_full,full-width,https://rdilighting.oss-cn-hongkong.aliyuncs.com/projects/beijing-fengtai-joy-breeze/02.webp,,,
beijing-fengtai-joy-breeze,3,text_2col,50-50,"### 动感风动鳞片
风动片幕墙背后隐藏的光源，随着风的吹拂产生波光粼粼的视觉效果，仿佛建筑拥有了生命。","### Dynamic Wind-driven Scales
The light sources hidden behind the wind-driven curtain wall create a sparkling visual effect with the breeze, as if the building has a life of its own.","### 虚实交融之境
石材与玻璃材质的碰撞在光的勾勒下更加鲜明，使得整体空间充满高级感与层次感。","### Blending of Virtual and Real
The collision of stone and glass materials becomes more distinct under the outline of light, filling the overall space with a sense of luxury and depth."
beijing-fengtai-joy-breeze,4,image_grid,masonry,"https://rdilighting.oss-cn-hongkong.aliyuncs.com/projects/beijing-fengtai-joy-breeze/03.webp,https://rdilighting.oss-cn-hongkong.aliyuncs.com/projects/beijing-fengtai-joy-breeze/04.webp,https://rdilighting.oss-cn-hongkong.aliyuncs.com/projects/beijing-fengtai-joy-breeze/05.webp,https://rdilighting.oss-cn-hongkong.aliyuncs.com/projects/beijing-fengtai-joy-breeze/06.webp",,,
beijing-fengtai-joy-breeze,5,text_1col,align-left,"### 光与自然的无缝衔接
顶部的自然采光与室内的人工照明实现了完美的色温过渡，让顾客仿佛置身于充满阳光的春日花园。","### Seamless Connection of Light and Nature
The natural daylight at the top and the indoor artificial lighting achieve a perfect color temperature transition, making customers feel as if they are in a sunny spring garden.",,
beijing-fengtai-joy-breeze,6,image_grid,masonry,"https://rdilighting.oss-cn-hongkong.aliyuncs.com/projects/beijing-fengtai-joy-breeze/07.webp,https://rdilighting.oss-cn-hongkong.aliyuncs.com/projects/beijing-fengtai-joy-breeze/08.webp,https://rdilighting.oss-cn-hongkong.aliyuncs.com/projects/beijing-fengtai-joy-breeze/09.webp",,,
beijing-fengtai-joy-breeze,7,image_full,full-width,https://rdilighting.oss-cn-hongkong.aliyuncs.com/projects/beijing-fengtai-joy-breeze/10.webp,,,
beijing-fengtai-joy-breeze,8,text_1col,align-center,*如春风拂面，光是空间最温柔的问候。*,"*Like a spring breeze, light is the gentlest greeting of the space.*",,
nanchang-vanke-times-of-light,1,text_1col,align-center,"### 时代之光的多维折射
南昌万科时代之光以前卫的照明设计理念，通过不规则幕墙与灯光的结合，打造出现代办公与商业交融的璀璨地标，展现城市向上的力量。","### Multidimensional Refraction of the Times of Light
Nanchang Vanke Times of Light uses avant-garde lighting design concepts, combining irregular curtain walls with lighting to create a dazzling landmark where modern office and commerce blend, demonstrating the upward power of the city.",,
nanchang-vanke-times-of-light,2,image_full,full-width,https://rdilighting.oss-cn-hongkong.aliyuncs.com/projects/nanchang-vanke-times-of-light/02.webp,,,
nanchang-vanke-times-of-light,3,text_2col,50-50,"### 钻石般的立面切割
利用隐藏式洗墙灯与重点投光，完美强调了建筑表皮的钻石切面，夜幕下熠熠生辉。","### Diamond-like Facade Cutting
Concealed wall washers and accent lighting perfectly emphasize the diamond facets of the building's skin, shining brilliantly under the night sky.","### 内外通透的光环境
室内暖光与室外冷调泛光形成对比，赋予建筑如灯笼般的通透感与层次感。","### Transparent Light Environment Inside and Out
The indoor warm light contrasts with the outdoor cool floodlight, giving the building a transparent and layered feel like a lantern."
nanchang-vanke-times-of-light,4,image_grid,masonry,"https://rdilighting.oss-cn-hongkong.aliyuncs.com/projects/nanchang-vanke-times-of-light/03.webp,https://rdilighting.oss-cn-hongkong.aliyuncs.com/projects/nanchang-vanke-times-of-light/04.webp,https://rdilighting.oss-cn-hongkong.aliyuncs.com/projects/nanchang-vanke-times-of-light/05.webp,https://rdilighting.oss-cn-hongkong.aliyuncs.com/projects/nanchang-vanke-times-of-light/06.webp",,,
nanchang-vanke-times-of-light,5,text_1col,align-left,"### 极致的控眩防光污染处理
所有灯具经过严密的定制与光学计算，确保行人视角无眩光，在繁华中保留了一份宁静的光学关怀。","### Ultimate Glare Control and Anti-light Pollution Processing
All fixtures undergo strict customization and optical calculations to ensure no glare from the pedestrian's perspective, retaining a sense of optical care amidst the prosperity.",,
nanchang-vanke-times-of-light,6,image_grid,masonry,"https://rdilighting.oss-cn-hongkong.aliyuncs.com/projects/nanchang-vanke-times-of-light/07.webp,https://rdilighting.oss-cn-hongkong.aliyuncs.com/projects/nanchang-vanke-times-of-light/08.webp,https://rdilighting.oss-cn-hongkong.aliyuncs.com/projects/nanchang-vanke-times-of-light/09.webp",,,
nanchang-vanke-times-of-light,7,image_full,full-width,https://rdilighting.oss-cn-hongkong.aliyuncs.com/projects/nanchang-vanke-times-of-light/10.webp,,,
nanchang-vanke-times-of-light,8,text_1col,align-center,*每一道光的折射，都是城市精神的闪耀。*,*Every refraction of light is the shining of the city's spirit.*,,
nanjing-heimoying,1,text_1col,align-center,"### 历史与现代的时空交响
南京黑墨营以起承转合的空间序列，通过极简的照明语言唤醒历史建筑的深沉底蕴。在光与影的引导下，参观者仿佛穿梭于古今交汇的静谧庭院。","### Spatiotemporal Symphony of History and Modernity
Nanjing Heimoying awakens the profound heritage of historical buildings through a minimalist lighting language with an opening, developing, changing, and concluding spatial sequence. Guided by light and shadow, visitors seem to travel through a tranquil courtyard where ancient and modern meet.",,
nanjing-heimoying,2,image_full,full-width,https://rdilighting.oss-cn-hongkong.aliyuncs.com/projects/nanjing-heimoying/02.webp,,,
nanjing-heimoying,3,text_2col,50-50,"### 游园式的光影引导
以低亮度的地埋灯与景观照明作为动线指引，营造出深邃、内敛的东方古典游园意境。","### Garden-style Light and Shadow Guidance
Low-brightness underground lights and landscape lighting serve as dynamic guides, creating a profound and introverted Oriental classical garden mood.","### 材质的温润对话
暖色调的灯光打在青砖与木饰面上，赋予冰冷材质以温度，呈现出岁月沉淀的厚重感。","### Warm Dialogue of Materials
Warm-toned lights cast on grey bricks and wood veneers give warmth to cold materials, presenting a profound sense of accumulated time."
nanjing-heimoying,4,image_grid,masonry,"https://rdilighting.oss-cn-hongkong.aliyuncs.com/projects/nanjing-heimoying/03.webp,https://rdilighting.oss-cn-hongkong.aliyuncs.com/projects/nanjing-heimoying/04.webp,https://rdilighting.oss-cn-hongkong.aliyuncs.com/projects/nanjing-heimoying/05.webp,https://rdilighting.oss-cn-hongkong.aliyuncs.com/projects/nanjing-heimoying/06.webp",,,
nanjing-heimoying,5,text_1col,align-left,"### 留白的光学艺术
设计中大量采用“见光不见灯”的克制手法，将空间大面积留给黑暗，仅在关键的视觉节点施以微光，极大地提升了空间的禅意与静谧感。","### The Optical Art of Blank Space
The design widely uses the restrained technique of ""seeing the light but not the fixture,"" leaving a large area of the space to darkness and only applying faint light at key visual nodes, greatly enhancing the Zen and tranquility of the space.",,
nanjing-heimoying,6,image_grid,masonry,"https://rdilighting.oss-cn-hongkong.aliyuncs.com/projects/nanjing-heimoying/07.webp,https://rdilighting.oss-cn-hongkong.aliyuncs.com/projects/nanjing-heimoying/08.webp,https://rdilighting.oss-cn-hongkong.aliyuncs.com/projects/nanjing-heimoying/09.webp",,,
nanjing-heimoying,7,image_full,full-width,https://rdilighting.oss-cn-hongkong.aliyuncs.com/projects/nanjing-heimoying/10.webp,,,
nanjing-heimoying,8,text_1col,align-center,*在幽暗中寻找光明，是对历史最深情的凝望。*,*Seeking light in the gloom is the most affectionate gaze at history.*,,
beijing-798-song-art-museum,1,text_1col,align-center,"### 包豪斯建筑的光影重生
北京798颂美术馆的照明设计巧妙地将现代画廊照明体系与1950年代的包豪斯红砖建筑相融合。通过精准的投光与氛围渲染，让艺术品与历史空间产生跨越时空的对话。","### Rebirth of Light and Shadow in Bauhaus Architecture
The lighting design of Beijing 798 Song Art Museum ingeniously integrates a modern gallery lighting system with the 1950s Bauhaus red brick architecture. Through precise projection and ambient rendering, artworks and historical spaces engage in a dialogue across time and space.",,
beijing-798-song-art-museum,2,image_full,full-width,https://rdilighting.oss-cn-hongkong.aliyuncs.com/projects/beijing-798-song-art-museum/02.webp,,,
beijing-798-song-art-museum,3,text_2col,50-50,"### 红砖墙的洗礼
定制的洗墙灯从底部将标志性的红砖墙均匀照亮，赋予粗犷工业肌理以现代艺术的纯粹感。","### Baptism of the Red Brick Wall
Customized wall washers evenly illuminate the iconic red brick wall from the bottom, endowing the rough industrial texture with the purity of modern art.","### 博物馆级展陈光环境
高显色指数的轨道射灯精准聚焦展品，光束边缘柔和过渡，确保每一件艺术品都能展现最真实的色彩与细节。","### Museum-grade Exhibition Light Environment
Track spotlights with a high color rendering index precisely focus on exhibits with soft beam edges, ensuring every artwork shows its truest colors and details."
beijing-798-song-art-museum,4,image_grid,masonry,"https://rdilighting.oss-cn-hongkong.aliyuncs.com/projects/beijing-798-song-art-museum/03.webp,https://rdilighting.oss-cn-hongkong.aliyuncs.com/projects/beijing-798-song-art-museum/04.webp,https://rdilighting.oss-cn-hongkong.aliyuncs.com/projects/beijing-798-song-art-museum/05.webp,https://rdilighting.oss-cn-hongkong.aliyuncs.com/projects/beijing-798-song-art-museum/06.webp",,,
beijing-798-song-art-museum,5,text_1col,align-left,"### 顶部结构的隐秘表达
尊重原有的拱形屋顶结构，所有的线缆与轨道系统均进行了隐藏处理，使得整体空间开阔、整洁，完全服务于艺术的展示。","### Secret Expression of the Top Structure
Respecting the original arched roof structure, all cables and track systems are hidden, making the overall space open, neat, and completely serving the exhibition of art.",,
beijing-798-song-art-museum,6,image_grid,masonry,"https://rdilighting.oss-cn-hongkong.aliyuncs.com/projects/beijing-798-song-art-museum/07.webp,https://rdilighting.oss-cn-hongkong.aliyuncs.com/projects/beijing-798-song-art-museum/08.webp,https://rdilighting.oss-cn-hongkong.aliyuncs.com/projects/beijing-798-song-art-museum/09.webp",,,
beijing-798-song-art-museum,7,image_full,full-width,https://rdilighting.oss-cn-hongkong.aliyuncs.com/projects/beijing-798-song-art-museum/10.webp,,,
beijing-798-song-art-museum,8,text_1col,align-center,*艺术在光中苏醒，历史在影中永恒。*,"*Art awakens in the light, and history becomes eternal in the shadow.*",,
xiamen-powerlong-one,1,text_1col,align-center,"### 海岛之城的璀璨商业核心
厦门宝龙一城的照明设计依托其得天独厚的自然环境，通过高雅内敛的灯光层次，打造出一个融商业、办公与奢华居住为一体的地标性城市夜景。","### Dazzling Commercial Core of the Island City
Relying on its unique natural environment, the lighting design of Xiamen Powerlong One creates a landmark urban nightscape integrating commerce, office, and luxury living through elegant and introverted lighting layers.",,
xiamen-powerlong-one,2,image_full,full-width,https://rdilighting.oss-cn-hongkong.aliyuncs.com/projects/xiamen-powerlong-one/02.webp,,,
xiamen-powerlong-one,3,text_2col,50-50,"### 细腻的水景倒影
灯光与跌水景观完美结合，水面波光粼粼的倒影为硬朗的建筑注入了灵动与柔和的自然气息。","### Delicate Waterscape Reflections
Lighting perfectly combines with the cascading waterscape. The sparkling reflections inject a dynamic and soft natural breath into the rigid architecture.","### 幕墙的流光溢彩
在夜幕下，建筑外立面通过隐藏式LED灯带勾勒出修长挺拔的轮廓，展现出高端商业街区的极致魅力。","### Radiant Curtain Wall
Under the night sky, the facade outlines a slender and tall contour through hidden LED strips, showing the ultimate charm of the high-end commercial block."
xiamen-powerlong-one,4,image_grid,masonry,"https://rdilighting.oss-cn-hongkong.aliyuncs.com/projects/xiamen-powerlong-one/03.webp,https://rdilighting.oss-cn-hongkong.aliyuncs.com/projects/xiamen-powerlong-one/04.webp,https://rdilighting.oss-cn-hongkong.aliyuncs.com/projects/xiamen-powerlong-one/05.webp,https://rdilighting.oss-cn-hongkong.aliyuncs.com/projects/xiamen-powerlong-one/06.webp",,,
xiamen-powerlong-one,5,text_1col,align-left,"### 色温与材质的精准匹配
设计中特意为石材与金属幕墙选配了不同色温的光源，从而在视觉上拉开了建筑的远近透视感，增强了立面的立体感。","### Precise Matching of Color Temperature and Material
The design specifically matches light sources of different color temperatures for stone and metal curtain walls, thereby visually expanding the perspective of the building and enhancing the 3D effect of the facade.",,
xiamen-powerlong-one,6,image_grid,masonry,"https://rdilighting.oss-cn-hongkong.aliyuncs.com/projects/xiamen-powerlong-one/07.webp,https://rdilighting.oss-cn-hongkong.aliyuncs.com/projects/xiamen-powerlong-one/08.webp,https://rdilighting.oss-cn-hongkong.aliyuncs.com/projects/xiamen-powerlong-one/09.webp",,,
xiamen-powerlong-one,7,image_full,full-width,https://rdilighting.oss-cn-hongkong.aliyuncs.com/projects/xiamen-powerlong-one/10.webp,,,
xiamen-powerlong-one,8,text_1col,align-center,*海风沉醉的夜晚，光是城市最美的首饰。*,"*On nights intoxicated by the sea breeze, light is the city's most beautiful jewelry.*",,
venice-biennale,1,text_1col,align-center,"### 威尼斯双年展的东方意境
在这场全球瞩目的艺术盛会中，中国馆“元境”的灯光设计通过科技与自然元素的融合，在古老的展馆内重塑了充满诗意的元宇宙山水画卷。","### Oriental Mood of the Venice Biennale
In this globally anticipated art event, the lighting design of the China Pavilion ""Meta-Scape"" reshapes a poetic metaverse landscape painting inside the ancient pavilion through the integration of technology and natural elements.",,
venice-biennale,2,image_full,full-width,https://rdilighting.oss-cn-hongkong.aliyuncs.com/projects/venice-biennale/02.webp,,,
venice-biennale,3,text_2col,50-50,"### 展陈空间的沉浸式构建
利用极低照度的基础照明与高对比度的重点照明，将观众的视线紧紧吸附于艺术装置本身。","### Immersive Construction of Exhibition Space
Utilizing extremely low-illuminance basic lighting and high-contrast accent lighting, it firmly draws the audience's gaze to the art installations themselves.","### 虚实共生的光影装置
灯光与投影、激光技术相辅相成，在墙面与地面投射出流动的东方意象，让观者仿佛步入画中。","### Symbiotic Light and Shadow Installations
Lighting complements projection and laser technology, casting flowing Oriental imagery on walls and floors, making viewers feel as if they have stepped into a painting."
venice-biennale,4,image_grid,masonry,"https://rdilighting.oss-cn-hongkong.aliyuncs.com/projects/venice-biennale/03.webp,https://rdilighting.oss-cn-hongkong.aliyuncs.com/projects/venice-biennale/04.webp,https://rdilighting.oss-cn-hongkong.aliyuncs.com/projects/venice-biennale/05.webp,https://rdilighting.oss-cn-hongkong.aliyuncs.com/projects/venice-biennale/06.webp",,,
venice-biennale,5,text_1col,align-left,"### 历史建筑的光学保护
在布展过程中，严格遵循对威尼斯百年古建筑的无损保护原则，所有灯具均采用独立支架与柔性布线系统，实现了技术与历史的完美妥协。","### Optical Protection of Historical Architecture
During the exhibition setup, the principle of non-destructive protection for Venice's century-old buildings was strictly followed. All fixtures used independent brackets and flexible wiring systems, achieving a perfect compromise between tech and history.",,
venice-biennale,6,image_grid,masonry,"https://rdilighting.oss-cn-hongkong.aliyuncs.com/projects/venice-biennale/07.webp,https://rdilighting.oss-cn-hongkong.aliyuncs.com/projects/venice-biennale/08.webp,https://rdilighting.oss-cn-hongkong.aliyuncs.com/projects/venice-biennale/09.webp",,,
venice-biennale,7,image_full,full-width,https://rdilighting.oss-cn-hongkong.aliyuncs.com/projects/venice-biennale/10.webp,,,
venice-biennale,8,text_1col,align-center,*以光为墨，绘就跨越国界的山水长卷。*,*Using light as ink to paint a long scroll of landscapes that cross borders.*,,
jinmao-fangdao,1,text_1col,align-center,"### 森林与城市的自然过渡
金茂方岛示范区的照明设计以“生态之岛”为核心理念，用柔和的环境光与灵动的景观照明，在都市边缘刻画出一片静谧、高级的自然栖居地。","### Natural Transition Between Forest and City
The lighting design of Jinmao Fangdao Demonstration Zone takes ""Ecological Island"" as its core concept. With soft ambient light and dynamic landscape lighting, it portrays a tranquil and high-end natural habitat on the edge of the city.",,
jinmao-fangdao,2,image_full,full-width,https://rdilighting.oss-cn-hongkong.aliyuncs.com/projects/jinmao-fangdao/02.webp,,,
jinmao-fangdao,3,text_2col,50-50,"### 建筑语言的延伸
顶部的暖色泛光顺应了建筑大挑檐的结构，让整体建筑在夜色中呈现出轻盈漂浮的视觉奇观。","### Extension of Architectural Language
The warm floodlight at the top conforms to the structure of the building's large overhanging eaves, making the overall architecture present a light, floating visual spectacle in the night.","### 园林景观的氛围渲染
草坪灯与照树灯的光线被精心控制，不仅没有破坏夜晚的黑，反而增强了植物的层次与空间的深邃感。","### Atmosphere Rendering of Landscape Architecture
The light from lawn lamps and tree uplights is carefully controlled. Instead of destroying the darkness of the night, it enhances the layers of plants and the depth of the space."
jinmao-fangdao,4,image_grid,masonry,"https://rdilighting.oss-cn-hongkong.aliyuncs.com/projects/jinmao-fangdao/03.webp,https://rdilighting.oss-cn-hongkong.aliyuncs.com/projects/jinmao-fangdao/04.webp,https://rdilighting.oss-cn-hongkong.aliyuncs.com/projects/jinmao-fangdao/05.webp,https://rdilighting.oss-cn-hongkong.aliyuncs.com/projects/jinmao-fangdao/06.webp",,,
jinmao-fangdao,5,text_1col,align-left,"### 玻璃幕墙的内透之美
由于采用了高透玻璃幕墙，设计团队将照明重点放在了室内顶面的照亮上，由内而外散发的暖光成为了最好的外立面装饰。","### The Beauty of Inner Permeability of Glass Curtain Walls
Due to the use of high-transparency glass curtain walls, the design team focused on illuminating the indoor ceiling. The warm light radiating from the inside out became the best facade decoration.",,
jinmao-fangdao,6,image_grid,masonry,"https://rdilighting.oss-cn-hongkong.aliyuncs.com/projects/jinmao-fangdao/07.webp,https://rdilighting.oss-cn-hongkong.aliyuncs.com/projects/jinmao-fangdao/08.webp,https://rdilighting.oss-cn-hongkong.aliyuncs.com/projects/jinmao-fangdao/09.webp",,,
jinmao-fangdao,7,image_full,full-width,https://rdilighting.oss-cn-hongkong.aliyuncs.com/projects/jinmao-fangdao/10.webp,,,
jinmao-fangdao,8,text_1col,align-center,*每一次归家，都是一场向着自然深处的巡游。*,*Every return home is a cruise deep into nature.*,,
shanghai-taopu-604,1,text_1col,align-center,"### 英雄天地的工业记忆
桃浦智创城英雄天地照明设计在保留场地工业风貌与历史底蕴的同时，融入了极具现代科技感的线性光影，实现了新旧时代的完美共生。","### Industrial Memory of Hero Tiandi
The lighting design of Hero Tiandi in Taopu Smart Innovation City preserves the industrial style and historical heritage of the site while integrating highly modern and technological linear light and shadow, achieving a perfect symbiosis of the old and new eras.",,
shanghai-taopu-604,2,image_full,full-width,https://rdilighting.oss-cn-hongkong.aliyuncs.com/projects/shanghai-taopu-604/02.webp,,,
shanghai-taopu-604,3,text_2col,50-50,"### 工业风骨的重塑
红砖与钢铁在定制洗墙灯的勾勒下，展现出粗犷又不失细腻的质感，重焕老厂房的生机。","### Reshaping Industrial Character
Red bricks and steel show a rough yet delicate texture under the outline of customized wall washers, reviving the vitality of the old factory.","### 极简科技光带
穿插于建筑体块间的极简冷白光带，不仅提供了充足的功能照明，更赋予园区面向未来的前卫感。","### Minimalist Tech Light Strips
The minimalist cool white light strips interspersed among the building blocks not only provide sufficient functional lighting but also endow the park with a forward-looking avant-garde feel."
shanghai-taopu-604,4,image_grid,masonry,"https://rdilighting.oss-cn-hongkong.aliyuncs.com/projects/shanghai-taopu-604/03.webp,https://rdilighting.oss-cn-hongkong.aliyuncs.com/projects/shanghai-taopu-604/04.webp,https://rdilighting.oss-cn-hongkong.aliyuncs.com/projects/shanghai-taopu-604/05.webp,https://rdilighting.oss-cn-hongkong.aliyuncs.com/projects/shanghai-taopu-604/06.webp",,,
shanghai-taopu-604,5,text_1col,align-left,"### 节点定制化处理
针对不同材质和特殊结构点位，团队精心计算了每一颗灯珠的安装角度，确保在不破坏外立面白天美感的前提下达到极致夜景。","### Customized Node Processing
For different materials and special structure points, the team meticulously calculated the installation angle of each LED bead, ensuring an ultimate night view without destroying the daytime aesthetics of the facade.",,
shanghai-taopu-604,6,image_grid,masonry,"https://rdilighting.oss-cn-hongkong.aliyuncs.com/projects/shanghai-taopu-604/07.webp,https://rdilighting.oss-cn-hongkong.aliyuncs.com/projects/shanghai-taopu-604/08.webp,https://rdilighting.oss-cn-hongkong.aliyuncs.com/projects/shanghai-taopu-604/09.webp",,,
shanghai-taopu-604,7,image_full,full-width,https://rdilighting.oss-cn-hongkong.aliyuncs.com/projects/shanghai-taopu-604/10.webp,,,
shanghai-taopu-604,8,text_1col,align-center,*旧时光的铁迹斑驳，在光影里焕发新纪元的脉动。*,*The mottled iron traces of the old days pulsate with a new era in the light and shadow.*,,
jiaxing-cr-land-xiuhu,1,text_1col,align-center,"### 滨水之畔的艺术方舟
华润秀湖西示范区照明设计以湖光水色为灵感，利用纯粹、通透的光环境语言，将建筑化作一座停泊在湖畔的发光艺术方舟。","### The Art Ark by the Waterfront
The lighting design of CR Land Xiuhu West Demonstration Zone takes inspiration from the lake and water, using pure and transparent light environment language to turn the building into a glowing art ark moored by the lake.",,
jiaxing-cr-land-xiuhu,2,image_full,full-width,https://rdilighting.oss-cn-hongkong.aliyuncs.com/projects/jiaxing-cr-land-xiuhu/02.webp,,,
jiaxing-cr-land-xiuhu,3,text_2col,50-50,"### 悬浮的视觉中心
隐藏于建筑底部的连续灯带，在水景的倒影下，让整个玻璃主体产生强烈的悬浮感。","### Suspended Visual Center
Continuous light strips hidden at the bottom of the building create a strong sense of suspension for the entire glass main body under the reflection of the waterscape.","### 院落空间的序列之光
从入口到庭院，照度被精心编排，用光的明暗节奏引导访客步入宁静深邃的室内展示空间。","### Sequence Light of Courtyard Space
From the entrance to the courtyard, illuminance is carefully arranged, using the rhythm of light and dark to guide visitors into a tranquil and profound indoor exhibition space."
jiaxing-cr-land-xiuhu,4,image_grid,masonry,"https://rdilighting.oss-cn-hongkong.aliyuncs.com/projects/jiaxing-cr-land-xiuhu/03.webp,https://rdilighting.oss-cn-hongkong.aliyuncs.com/projects/jiaxing-cr-land-xiuhu/04.webp,https://rdilighting.oss-cn-hongkong.aliyuncs.com/projects/jiaxing-cr-land-xiuhu/05.webp,https://rdilighting.oss-cn-hongkong.aliyuncs.com/projects/jiaxing-cr-land-xiuhu/06.webp",,,
jiaxing-cr-land-xiuhu,5,text_1col,align-left,"### 无界限的室内外照明
打破传统室内外灯光壁垒，使得建筑顶部的照明延伸至户外挑檐，形成了浑然一体的视觉体验与空间张力。","### Boundaryless Indoor and Outdoor Lighting
Breaking the traditional barriers between indoor and outdoor lighting, the lighting at the top of the building extends to the outdoor eaves, forming an integrated visual experience and spatial tension.",,
jiaxing-cr-land-xiuhu,6,image_grid,masonry,"https://rdilighting.oss-cn-hongkong.aliyuncs.com/projects/jiaxing-cr-land-xiuhu/07.webp,https://rdilighting.oss-cn-hongkong.aliyuncs.com/projects/jiaxing-cr-land-xiuhu/08.webp,https://rdilighting.oss-cn-hongkong.aliyuncs.com/projects/jiaxing-cr-land-xiuhu/09.webp",,,
jiaxing-cr-land-xiuhu,7,image_full,full-width,https://rdilighting.oss-cn-hongkong.aliyuncs.com/projects/jiaxing-cr-land-xiuhu/10.webp,,,
jiaxing-cr-land-xiuhu,8,text_1col,align-center,*当水波倒映星光，建筑便拥有了空灵的灵魂。*,"*When water waves reflect starlight, architecture possesses an ethereal soul.*",,
weihai-gemdale-huafa,1,text_1col,align-center,"### 海湾之畔的光影诗篇
金地华发威海·峯范展示中心照明设计深谙东方禅意与现代极简美学，通过极具温润感的光源，与建筑的木质肌理和水景产生深层次的情感共鸣。","### A Light and Shadow Poem by the Bay
The lighting design of Weihai Gemdale Huafa Fengfan Exhibition Center profoundly understands Oriental Zen and modern minimalist aesthetics. Through a highly warm light source, it produces a deep emotional resonance with the building's wood texture and waterscape.",,
weihai-gemdale-huafa,2,image_full,full-width,https://rdilighting.oss-cn-hongkong.aliyuncs.com/projects/weihai-gemdale-huafa/02.webp,,,
weihai-gemdale-huafa,3,text_2col,50-50,"### 格栅背后的隐秘之光
光线透过木质格栅渗出，形成柔和且富有律动感的韵律，完美诠释了东方设计的含蓄之美。","### Secret Light Behind the Grille
Light seeps through the wooden grille, forming a soft and rhythmic rhythm, perfectly interpreting the implicit beauty of Oriental design.","### 倒影中的对称美学
水景边缘的极简地埋灯，进一步强化了建筑与水面倒影的镜像美学，让夜色更加空灵。","### Symmetrical Aesthetics in Reflection
Minimalist underground lights at the edge of the waterscape further strengthen the mirror aesthetics of the building and water reflection, making the night more ethereal."
weihai-gemdale-huafa,4,image_grid,masonry,"https://rdilighting.oss-cn-hongkong.aliyuncs.com/projects/weihai-gemdale-huafa/03.webp,https://rdilighting.oss-cn-hongkong.aliyuncs.com/projects/weihai-gemdale-huafa/04.webp,https://rdilighting.oss-cn-hongkong.aliyuncs.com/projects/weihai-gemdale-huafa/05.webp,https://rdilighting.oss-cn-hongkong.aliyuncs.com/projects/weihai-gemdale-huafa/06.webp",,,
weihai-gemdale-huafa,5,text_1col,align-left,"### 与自然同频的色温设定
全场景采用低色温定制光源，旨在模拟黄昏时分温暖而治愈的自然光感，抚平城市生活的喧嚣。","### Color Temperature Setting Synchronized with Nature
Low color temperature customized light sources are used in the whole scene, aiming to simulate the warm and healing natural light sense at dusk, smoothing the hustle and bustle of city life.",,
weihai-gemdale-huafa,6,image_grid,masonry,"https://rdilighting.oss-cn-hongkong.aliyuncs.com/projects/weihai-gemdale-huafa/07.webp,https://rdilighting.oss-cn-hongkong.aliyuncs.com/projects/weihai-gemdale-huafa/08.webp,https://rdilighting.oss-cn-hongkong.aliyuncs.com/projects/weihai-gemdale-huafa/09.webp",,,
weihai-gemdale-huafa,7,image_full,full-width,https://rdilighting.oss-cn-hongkong.aliyuncs.com/projects/weihai-gemdale-huafa/10.webp,,,
weihai-gemdale-huafa,8,text_1col,align-center,*每一缕穿透格栅的光，都在诉说着静谧的东方故事。*,*Every ray of light penetrating the grille is telling a quiet Oriental story.*,,
shanghai-citic-square,1,text_1col,align-center,"### 顶级商圈的奢华光场
上海中信泰富广场室内照明设计，通过高级的材质反光与见光不见灯的照明策略，为南京西路商圈注入了令人瞩目的奢华购物体验与空间质感。","### Luxury Light Field in Top Commercial Circle
The indoor lighting design of Shanghai CITIC Square injects an eye-catching luxury shopping experience and spatial texture into the Nanjing West Road commercial circle through advanced material reflections and a ""light visible, fixture invisible"" lighting strategy.",,
shanghai-citic-square,2,image_full,full-width,https://rdilighting.oss-cn-hongkong.aliyuncs.com/projects/shanghai-citic-square/02.webp,,,
shanghai-citic-square,3,text_2col,50-50,"### 穹顶流光
中庭顶部的多媒体灯光系统，犹如璀璨星河，不仅提供了基础照明，更成为吸引人流的核心视觉焦点。","### Streaming Light of the Dome
The multimedia lighting system at the top of the atrium, like a bright galaxy, not only provides basic lighting but also becomes the core visual focus to attract crowds.","### 商业氛围的高级刻画
精准的防眩光筒灯与洗墙系统配合，让每一个名品店铺的立面与室内材质展现出最真实的奢华色泽。","### High-end Depiction of Commercial Atmosphere
Precise anti-glare downlights cooperate with the wall washing system to allow the facade and interior materials of every designer store to show the truest luxury color."
shanghai-citic-square,4,image_grid,masonry,"https://rdilighting.oss-cn-hongkong.aliyuncs.com/projects/shanghai-citic-square/03.webp,https://rdilighting.oss-cn-hongkong.aliyuncs.com/projects/shanghai-citic-square/04.webp,https://rdilighting.oss-cn-hongkong.aliyuncs.com/projects/shanghai-citic-square/05.webp,https://rdilighting.oss-cn-hongkong.aliyuncs.com/projects/shanghai-citic-square/06.webp",,,
shanghai-citic-square,5,text_1col,align-left,"### 空间结构的重塑
利用线型灯光强化了商场流畅的圆弧形动线结构，使得复杂的室内空间变得清晰、开阔且具有强烈的未来感。","### Reshaping of Spatial Structure
Linear lighting is used to strengthen the mall's smooth arc-shaped circulation structure, making the complex indoor space clear, open, and strongly futuristic.",,
shanghai-citic-square,6,image_grid,masonry,"https://rdilighting.oss-cn-hongkong.aliyuncs.com/projects/shanghai-citic-square/07.webp,https://rdilighting.oss-cn-hongkong.aliyuncs.com/projects/shanghai-citic-square/08.webp,https://rdilighting.oss-cn-hongkong.aliyuncs.com/projects/shanghai-citic-square/09.webp",,,
shanghai-citic-square,7,image_full,full-width,https://rdilighting.oss-cn-hongkong.aliyuncs.com/projects/shanghai-citic-square/10.webp,,,
shanghai-citic-square,8,text_1col,align-center,*光影交叠之间，品味都市最前沿的时尚脉搏。*,"*Amidst overlapping light and shadow, taste the most cutting-edge fashion pulse of the city.*",,
jianfa-manyun,1,text_1col,align-center,"### 海派风格的静谧演绎
建发·缦云示范区照明设计汲取了中国传统水墨画的晕染意境，用极其克制的用光手法，在繁华都市中勾勒出一处高雅、避世的海派居住样本。","### Tranquil Interpretation of Haipai Style
The lighting design of Jianfa Manyun Demonstration Zone absorbs the smudging mood of traditional Chinese ink painting, using extremely restrained lighting techniques to outline an elegant, world-escaping Haipai residential sample in the bustling city.",,
jianfa-manyun,2,image_full,full-width,https://rdilighting.oss-cn-hongkong.aliyuncs.com/projects/jianfa-manyun/02.webp,,,
jianfa-manyun,3,text_2col,50-50,"### 归家序列的光学铺陈
入口处威严的大门被柔和均匀的泛光照亮，凸显出尊贵、庄重的仪式感，迎接每一位归者。","### Optical Layout of Homecoming Sequence
The majestic gate at the entrance is illuminated by soft and even floodlight, highlighting a noble and solemn sense of ceremony to welcome every returnee.","### 庭院水墨微光
极微弱的景观地埋灯只负责勾勒青砖白墙与植物的轮廓，如同水墨画中的点睛之笔，留足了遐想空间。","### Courtyard Ink Shimmer
Extremely faint landscape underground lights are only responsible for outlining the contours of blue bricks, white walls, and plants, acting as the finishing touch in an ink painting, leaving ample room for imagination."
jianfa-manyun,4,image_grid,masonry,"https://rdilighting.oss-cn-hongkong.aliyuncs.com/projects/jianfa-manyun/03.webp,https://rdilighting.oss-cn-hongkong.aliyuncs.com/projects/jianfa-manyun/04.webp,https://rdilighting.oss-cn-hongkong.aliyuncs.com/projects/jianfa-manyun/05.webp,https://rdilighting.oss-cn-hongkong.aliyuncs.com/projects/jianfa-manyun/06.webp",,,
jianfa-manyun,5,text_1col,align-left,"### 古典与现代的光学融合
设计完美地规避了所有灯具的外露，通过定制化的安装节点让灯光仿佛从建筑肌理内部自然生长而出。","### Optical Fusion of Classic and Modern
The design perfectly avoids the exposure of all fixtures, making the light seem to grow naturally from within the architectural texture through customized installation nodes.",,
jianfa-manyun,6,image_grid,masonry,"https://rdilighting.oss-cn-hongkong.aliyuncs.com/projects/jianfa-manyun/07.webp,https://rdilighting.oss-cn-hongkong.aliyuncs.com/projects/jianfa-manyun/08.webp,https://rdilighting.oss-cn-hongkong.aliyuncs.com/projects/jianfa-manyun/09.webp",,,
jianfa-manyun,7,image_full,full-width,https://rdilighting.oss-cn-hongkong.aliyuncs.com/projects/jianfa-manyun/10.webp,,,
jianfa-manyun,8,text_1col,align-center,*浓墨重彩化作一缕微光，点亮归心的路。*,"*Heavy ink and rich colors turn into a shimmer, lighting the way home to the heart.*",,
shanghai-cifi-tower,1,text_1col,align-center,"### 城市绿洲的光影呼吸
长寿路CIFI TOWER项目以现代科技的动态照明，赋予建筑如生命般的呼吸感。在繁杂的城市肌理中，创造出一座充满生态感与呼吸感的商业绿洲。","### Light and Shadow Breathing of Urban Oasis
The Changshou Road CIFI TOWER project endows the building with a life-like breathing sense through modern technological dynamic lighting. In the complex urban texture, it creates a commercial oasis full of ecological and breathing sense.",,
shanghai-cifi-tower,2,image_full,full-width,https://rdilighting.oss-cn-hongkong.aliyuncs.com/projects/shanghai-cifi-tower/02.webp,,,
shanghai-cifi-tower,3,text_2col,50-50,"### 会呼吸的立面线条
外立面纵向布置的灯带具备缓慢的呼吸渐变功能，使得庞大的商业体量在夜间展现出温和的生命力。","### Breathing Facade Lines
The longitudinally arranged light strips on the facade have a slow breathing gradient function, making the huge commercial volume show gentle vitality at night.","### 互动景观庭院
底层的商业开放空间通过照树灯与互动地面灯光的结合，极大地吸引了行人的驻足与探索。","### Interactive Landscape Courtyard
The ground-floor commercial open space greatly attracts pedestrians to stop and explore through the combination of tree uplights and interactive ground lighting."
shanghai-cifi-tower,4,image_grid,masonry,"https://rdilighting.oss-cn-hongkong.aliyuncs.com/projects/shanghai-cifi-tower/03.webp,https://rdilighting.oss-cn-hongkong.aliyuncs.com/projects/shanghai-cifi-tower/04.webp,https://rdilighting.oss-cn-hongkong.aliyuncs.com/projects/shanghai-cifi-tower/05.webp,https://rdilighting.oss-cn-hongkong.aliyuncs.com/projects/shanghai-cifi-tower/06.webp",,,
shanghai-cifi-tower,5,text_1col,align-left,"### 严谨的环境光学控制
严格遵循绿色建筑评价标准，所有的外延灯具都设置了防眩遮光罩，既保证了视觉美感，也避免了对周边居民区的光污染。","### Rigorous Environmental Optical Control
Strictly following green building evaluation standards, all extension fixtures are equipped with anti-glare hoods, ensuring visual beauty while avoiding light pollution to surrounding residential areas.",,
shanghai-cifi-tower,6,image_grid,masonry,"https://rdilighting.oss-cn-hongkong.aliyuncs.com/projects/shanghai-cifi-tower/07.webp,https://rdilighting.oss-cn-hongkong.aliyuncs.com/projects/shanghai-cifi-tower/08.webp,https://rdilighting.oss-cn-hongkong.aliyuncs.com/projects/shanghai-cifi-tower/09.webp",,,
shanghai-cifi-tower,7,image_full,full-width,https://rdilighting.oss-cn-hongkong.aliyuncs.com/projects/shanghai-cifi-tower/10.webp,,,
shanghai-cifi-tower,8,text_1col,align-center,*当光芒如植物般生长，建筑便成了城市的绿洲。*,"*When the light grows like a plant, the architecture becomes the oasis of the city.*",,
shanghai-xintiandi-art,1,text_1col,align-center,"### 脉冲交响：互动艺术的光学狂欢
2022上海新天地X PULSE创意互动艺术装置，通过声光电多维度的精密联动，将传统的公共广场转化为充满节日狂欢感与科技魅力的艺术场域。","### Pulse Symphony: Optical Carnival of Interactive Art
The 2022 Shanghai Xintiandi X PULSE creative interactive art installation transforms the traditional public square into an art field full of festival carnival and technological charm through multi-dimensional precise linkage of sound, light, and electricity.",,
shanghai-xintiandi-art,2,image_full,full-width,https://rdilighting.oss-cn-hongkong.aliyuncs.com/projects/shanghai-xintiandi-art/02.webp,,,
shanghai-xintiandi-art,3,text_2col,50-50,"### 实时动态光效反馈
装置内置的传感器能够敏锐捕捉行人的动作与环境声音，以极高帧率反馈为跳跃闪烁的光影阵列。","### Real-time Dynamic Light Feedback
Sensors built into the installation can keenly capture pedestrians' movements and environmental sounds, feeding back as jumping and flashing light arrays at an extremely high frame rate.","### 超高亮度矩阵呈现
数以千计的定制LED灯珠被编织成巨型发光矩阵，在夜晚的繁华街区形成不可忽视的视觉核心。","### Ultra-high Brightness Matrix Presentation
Thousands of customized LED beads are woven into a giant luminous matrix, forming a visual core that cannot be ignored in the bustling neighborhood at night."
shanghai-xintiandi-art,4,image_grid,masonry,"https://rdilighting.oss-cn-hongkong.aliyuncs.com/projects/shanghai-xintiandi-art/03.webp,https://rdilighting.oss-cn-hongkong.aliyuncs.com/projects/shanghai-xintiandi-art/04.webp,https://rdilighting.oss-cn-hongkong.aliyuncs.com/projects/shanghai-xintiandi-art/05.webp,https://rdilighting.oss-cn-hongkong.aliyuncs.com/projects/shanghai-xintiandi-art/06.webp",,,
shanghai-xintiandi-art,5,text_1col,align-left,"### 户外安全与散热的极致考量
面临巨大的功率与复杂的交互逻辑，设计在底部巧妙植入了隐藏式散热与防水系统，确保艺术装置在户外极端天气下的长久稳定运行。","### Ultimate Consideration for Outdoor Safety and Heat Dissipation
Facing huge power and complex interactive logic, the design ingeniously embedded a hidden heat dissipation and waterproof system at the bottom, ensuring the long-term stable operation of the art installation in extreme outdoor weather.",,
shanghai-xintiandi-art,6,image_grid,masonry,"https://rdilighting.oss-cn-hongkong.aliyuncs.com/projects/shanghai-xintiandi-art/07.webp,https://rdilighting.oss-cn-hongkong.aliyuncs.com/projects/shanghai-xintiandi-art/08.webp,https://rdilighting.oss-cn-hongkong.aliyuncs.com/projects/shanghai-xintiandi-art/09.webp",,,
shanghai-xintiandi-art,7,image_full,full-width,https://rdilighting.oss-cn-hongkong.aliyuncs.com/projects/shanghai-xintiandi-art/10.webp,,,
shanghai-xintiandi-art,8,text_1col,align-center,*每一次触碰，都在唤醒这颗跳动的心脏。*,*Every touch awakens this beating heart.*,,
shenzhen-oct-b10,1,text_1col,align-center,"### 工业时代的赛博重生
深圳华侨城B10旧改项目通过极其硬朗且充满赛博朋克风格的照明设计，将曾经的废旧工业厂房爆改为充满前沿文化气息的艺术展演聚集地。","### Cyber Rebirth of the Industrial Age
Shenzhen OCT B10 renovation project transforms former abandoned industrial factories into a cutting-edge art and performance gathering place through an extremely tough and cyberpunk-style lighting design.",,
shenzhen-oct-b10,2,image_full,full-width,https://rdilighting.oss-cn-hongkong.aliyuncs.com/projects/shenzhen-oct-b10/02.webp,,,
shenzhen-oct-b10,3,text_2col,50-50,"### 鲜艳的视觉撞色
极具侵略性的霓虹色彩光源被大胆运用在冷峻的钢结构上，形成视觉上的强烈冲击与颠覆感。","### Vivid Visual Color Clashing
Highly aggressive neon color light sources are boldly used on cold steel structures, forming a strong visual impact and subversive feeling.","### 舞台级的户外光场
将剧场照明概念延伸至建筑外部空间，创造出充满戏剧感与舞台感的户外活动广场。","### Stage-level Outdoor Light Field
Extending the concept of theater lighting to the outdoor space of the building, creating an outdoor event square full of drama and stage feeling."
shenzhen-oct-b10,4,image_grid,masonry,"https://rdilighting.oss-cn-hongkong.aliyuncs.com/projects/shenzhen-oct-b10/03.webp,https://rdilighting.oss-cn-hongkong.aliyuncs.com/projects/shenzhen-oct-b10/04.webp,https://rdilighting.oss-cn-hongkong.aliyuncs.com/projects/shenzhen-oct-b10/05.webp,https://rdilighting.oss-cn-hongkong.aliyuncs.com/projects/shenzhen-oct-b10/06.webp",,,
shenzhen-oct-b10,5,text_1col,align-left,"### 历史肌理的光学修补
在强烈的光影下，原有建筑的斑驳墙面与剥落痕迹被精准照亮，不仅没有被掩盖，反而成为了不可复制的岁月图腾。","### Optical Repair of Historical Texture
Under strong light and shadows, the mottled walls and peeling marks of the original building are precisely illuminated. Instead of being covered, they become an unreplicable totem of time.",,
shenzhen-oct-b10,6,image_grid,masonry,"https://rdilighting.oss-cn-hongkong.aliyuncs.com/projects/shenzhen-oct-b10/07.webp,https://rdilighting.oss-cn-hongkong.aliyuncs.com/projects/shenzhen-oct-b10/08.webp,https://rdilighting.oss-cn-hongkong.aliyuncs.com/projects/shenzhen-oct-b10/09.webp",,,
shenzhen-oct-b10,7,image_full,full-width,https://rdilighting.oss-cn-hongkong.aliyuncs.com/projects/shenzhen-oct-b10/10.webp,,,
shenzhen-oct-b10,8,text_1col,align-center,*霓虹之下，废墟也是狂欢的殿堂。*,"*Under the neon lights, even ruins are palaces of carnival.*",,
shanghai-chuangjing-technology-center,1,text_1col,align-center,"### 晶体折射的未来之光
上海创晶科技城以“发光的水晶”为照明灵感，通过对玻璃幕墙光环境的极致控制，打造出临港新片区最具科技感与商务活力的超级总部地标。","### The Future Light of Crystal Refraction
Inspired by ""luminous crystals,"" the lighting design of Shanghai Chuangjing Technology Center creates the most tech-savvy and commercially vibrant super headquarters landmark in the Lingang New Area through ultimate control of the glass curtain wall's light environment.",,
shanghai-chuangjing-technology-center,2,image_full,full-width,https://rdilighting.oss-cn-hongkong.aliyuncs.com/projects/shanghai-chuangjing-technology-center/02.webp,,,
shanghai-chuangjing-technology-center,3,text_2col,50-50,"### 冰冷白光的科技语境
主体建筑采用冷白调的高流明洗墙灯，在夜幕中如同发光的巨大冰晶，释放出理性的科技魅力。","### Technological Context of Cold White Light
The main building uses cold white high-lumen wall washers, acting like a giant glowing ice crystal in the night, releasing rational technological charm.","### 底部暖光的空间支撑
大楼裙房及入口区域则切换为高显色的暖调光，为庞大的冷调体量提供了温润稳固的视觉支撑。","### Space Support of Bottom Warm Light
The podium and entrance area of the building switch to high color-rendering warm light, providing warm and stable visual support for the huge cold-toned volume."
shanghai-chuangjing-technology-center,4,image_grid,masonry,"https://rdilighting.oss-cn-hongkong.aliyuncs.com/projects/shanghai-chuangjing-technology-center/03.webp,https://rdilighting.oss-cn-hongkong.aliyuncs.com/projects/shanghai-chuangjing-technology-center/04.webp,https://rdilighting.oss-cn-hongkong.aliyuncs.com/projects/shanghai-chuangjing-technology-center/05.webp,https://rdilighting.oss-cn-hongkong.aliyuncs.com/projects/shanghai-chuangjing-technology-center/06.webp",,,
shanghai-chuangjing-technology-center,5,text_1col,align-left,"### 幕墙节点的创新应用
灯具被完美隐藏于复杂交错的铝板与玻璃幕墙之间，经过无数次计算确保发光面均匀无断点，实现了“见光不见灯”的建筑级照明标准。","### Innovative Application of Curtain Wall Nodes
The fixtures are perfectly hidden between the complex staggered aluminum panels and glass curtain walls. Countless calculations ensure that the luminous surface is uniform without breakpoints, achieving the architectural-level lighting standard of ""seeing the light but not the fixture.""",,
shanghai-chuangjing-technology-center,6,image_grid,masonry,"https://rdilighting.oss-cn-hongkong.aliyuncs.com/projects/shanghai-chuangjing-technology-center/07.webp,https://rdilighting.oss-cn-hongkong.aliyuncs.com/projects/shanghai-chuangjing-technology-center/08.webp,https://rdilighting.oss-cn-hongkong.aliyuncs.com/projects/shanghai-chuangjing-technology-center/09.webp",,,
shanghai-chuangjing-technology-center,7,image_full,full-width,https://rdilighting.oss-cn-hongkong.aliyuncs.com/projects/shanghai-chuangjing-technology-center/10.webp,,,
shanghai-chuangjing-technology-center,8,text_1col,align-center,*锋芒毕露的不仅是建筑，更是通往未来的野心。*,"*What shows its edge is not just the architecture, but the ambition leading to the future.*",,
guangzhou-yuexiu-commercial-complex,1,text_1col,align-center,"### 岭南商脉的光影新生
广州越秀商业综合体照明设计通过现代与传统的融合，用灵动多变的光效激活了古老商圈的夜间活力，打造出一处无与伦比的都会休闲新地标。","### Rebirth of Light and Shadow in Lingnan Commercial Vein
The lighting design of Guangzhou Yuexiu Commercial Complex activates the nighttime vitality of the ancient commercial district with dynamic and versatile light effects through the fusion of modern and traditional, creating an unparalleled new landmark for metropolitan leisure.",,
guangzhou-yuexiu-commercial-complex,2,image_full,full-width,https://rdilighting.oss-cn-hongkong.aliyuncs.com/projects/guangzhou-yuexiu-commercial-complex/02.webp,,,
guangzhou-yuexiu-commercial-complex,3,text_2col,50-50,"### 商业活力的动感点缀
在入口及主要人流动线区，配置了高亮度的动态变色灯光，完美烘托出大都会购物中心的繁华气息。","### Dynamic Embellishment of Commercial Vitality
High-brightness dynamic color-changing lights are configured at the entrance and main pedestrian circulation areas to perfectly enhance the bustling atmosphere of the metropolitan shopping center.","### 柔和景观的视觉中和
在户外休息区与绿植空间，使用漫反射与低矮步道灯，巧妙中和了主立面的强烈视觉刺激，营造出静谧的氛围。","### Visual Neutralization of Soft Landscapes
In the outdoor rest areas and green spaces, diffuse reflection and low trail lights are used to ingeniously neutralize the strong visual stimulation of the main facade, creating a tranquil atmosphere."
guangzhou-yuexiu-commercial-complex,4,image_grid,masonry,"https://rdilighting.oss-cn-hongkong.aliyuncs.com/projects/guangzhou-yuexiu-commercial-complex/03.webp,https://rdilighting.oss-cn-hongkong.aliyuncs.com/projects/guangzhou-yuexiu-commercial-complex/04.webp,https://rdilighting.oss-cn-hongkong.aliyuncs.com/projects/guangzhou-yuexiu-commercial-complex/05.webp,https://rdilighting.oss-cn-hongkong.aliyuncs.com/projects/guangzhou-yuexiu-commercial-complex/06.webp",,,
guangzhou-yuexiu-commercial-complex,5,text_1col,align-left,"### 适应性场景控制
通过最先进的光环境智能系统，商场的灯光能够在平日、周末以及大型节庆日之间实现毫秒级的场景切换，大幅提升运营价值。","### Adaptive Scene Control
Through the most advanced smart light environment system, the mall's lighting can achieve millisecond-level scene switching among weekdays, weekends, and major festivals, significantly enhancing operational value.",,
guangzhou-yuexiu-commercial-complex,6,image_grid,masonry,"https://rdilighting.oss-cn-hongkong.aliyuncs.com/projects/guangzhou-yuexiu-commercial-complex/07.webp,https://rdilighting.oss-cn-hongkong.aliyuncs.com/projects/guangzhou-yuexiu-commercial-complex/08.webp,https://rdilighting.oss-cn-hongkong.aliyuncs.com/projects/guangzhou-yuexiu-commercial-complex/09.webp",,,
guangzhou-yuexiu-commercial-complex,7,image_full,full-width,https://rdilighting.oss-cn-hongkong.aliyuncs.com/projects/guangzhou-yuexiu-commercial-complex/10.webp,,,
guangzhou-yuexiu-commercial-complex,8,text_1col,align-center,*每一束光，都在勾勒城市永不落幕的繁华。*,*Every beam of light is outlining the city's never-ending prosperity.*,,
fusion-gym-oa,1,text_1col,align-center,"### 运动能量的光学释放
FUSION GYM 深圳卓越中心店室内照明设计以“激发潜能”为核心，通过精准的无主灯设计与极具冲击力的色彩控制，打造出兼具高端质感与运动激情的空间。","### Optical Release of Athletic Energy
The interior lighting design of FUSION GYM Shenzhen One Avenue centers on ""inspiring potential,"" creating a space with both high-end texture and athletic passion through precise non-main-light design and impactful color control.",,
fusion-gym-oa,2,image_full,full-width,https://rdilighting.oss-cn-hongkong.aliyuncs.com/projects/fusion-gym-oa/02.webp,,,
fusion-gym-oa,3,text_2col,50-50,"### 激发肾上腺素的红
在特定训练区域运用强烈的红色线性灯带，不仅强调了空间的几何力量感，更在心理学上刺激了使用者的运动热情。","### Adrenaline-pumping Red
The use of strong red linear light strips in specific training areas not only emphasizes the geometric power of the space but also psychologically stimulates the users' passion for sports.","### 专注力量的暗场
力量训练区采用大面积的暗环境搭配精准的顶部防眩光射灯，将光线完美汇聚于器械与肌肉线条之上。","### Dark Field for Focused Power
The strength training area uses a large dark environment paired with precise top anti-glare spotlights, perfectly gathering light on the equipment and muscle lines."
fusion-gym-oa,4,image_grid,masonry,"https://rdilighting.oss-cn-hongkong.aliyuncs.com/projects/fusion-gym-oa/03.webp,https://rdilighting.oss-cn-hongkong.aliyuncs.com/projects/fusion-gym-oa/04.webp,https://rdilighting.oss-cn-hongkong.aliyuncs.com/projects/fusion-gym-oa/05.webp,https://rdilighting.oss-cn-hongkong.aliyuncs.com/projects/fusion-gym-oa/06.webp",,,
fusion-gym-oa,5,text_1col,align-left,"### 模拟天光的光幕
在泳池与舒缓区，设计了大面积的高透光幕天花，以最接近自然日光的色温与均匀度，为高强度的运动后提供完美的放松体验。","### Light Screen Simulating Daylight
In the swimming pool and soothing areas, large high-transmission light screen ceilings are designed. With color temperatures and uniformity closest to natural daylight, they provide a perfect relaxing experience after high-intensity exercise.",,
fusion-gym-oa,6,image_grid,masonry,"https://rdilighting.oss-cn-hongkong.aliyuncs.com/projects/fusion-gym-oa/07.webp,https://rdilighting.oss-cn-hongkong.aliyuncs.com/projects/fusion-gym-oa/08.webp,https://rdilighting.oss-cn-hongkong.aliyuncs.com/projects/fusion-gym-oa/09.webp",,,
fusion-gym-oa,7,image_full,full-width,https://rdilighting.oss-cn-hongkong.aliyuncs.com/projects/fusion-gym-oa/10.webp,,,
fusion-gym-oa,8,text_1col,align-center,*在光影的每一次律动中，感受力量的纯粹。*,"*In every rhythm of light and shadow, feel the purity of power.*",,
shanghai-artificial-sun-art-installation,1,text_1col,align-center,"### 捕捉瑞利散射的艺术
人造太阳艺术装置通过极端复杂的定制光学系统，在室内完美重现了天空的“瑞利散射”现象。这不仅是一场灯光秀，更是对自然现象的致敬与解构。","### The Art of Capturing Rayleigh Scattering
The artificial sun art installation perfectly reproduces the ""Rayleigh scattering"" phenomenon of the sky indoors through an extremely complex customized optical system. This is not just a light show, but a tribute to and deconstruction of natural phenomena.",,
shanghai-artificial-sun-art-installation,2,image_full,full-width,https://rdilighting.oss-cn-hongkong.aliyuncs.com/projects/shanghai-artificial-sun-art-installation/02.webp,,,
shanghai-artificial-sun-art-installation,3,text_2col,50-50,"### 模拟真实的苍穹
通过无数次实验调整纳米级扩散材料，使得照射出的光线拥有真实的蓝天纵深感与太阳的刺目辉度。","### Simulating the Real Firmament
Through countless experiments adjusting nano-level diffusion materials, the emitted light possesses the real depth of a blue sky and the blinding brilliance of the sun.","### 光谱的动态演绎
随着时间的推移，装置会自动改变色温与角度，将清晨的蔚蓝过渡到黄昏的橘红，带来强烈的情感震撼。","### Dynamic Deduction of the Spectrum
As time passes, the installation automatically changes its color temperature and angle, transitioning from morning blue to dusk orange, bringing strong emotional shock."
shanghai-artificial-sun-art-installation,4,image_grid,masonry,"https://rdilighting.oss-cn-hongkong.aliyuncs.com/projects/shanghai-artificial-sun-art-installation/03.webp,https://rdilighting.oss-cn-hongkong.aliyuncs.com/projects/shanghai-artificial-sun-art-installation/04.webp,https://rdilighting.oss-cn-hongkong.aliyuncs.com/projects/shanghai-artificial-sun-art-installation/05.webp,https://rdilighting.oss-cn-hongkong.aliyuncs.com/projects/shanghai-artificial-sun-art-installation/06.webp",,,
shanghai-artificial-sun-art-installation,5,text_1col,align-left,"### 极致的展陈控制
为了不让多余的杂光破坏沉浸感，周围空间被严格控制在极低的照度，让这轮“人造太阳”成为唯一的视觉与精神核心。","### Ultimate Exhibition Control
In order not to let redundant stray light destroy the immersion, the surrounding space is strictly controlled to extremely low illuminance, making this ""artificial sun"" the only visual and spiritual core.",,
shanghai-artificial-sun-art-installation,6,image_grid,masonry,"https://rdilighting.oss-cn-hongkong.aliyuncs.com/projects/shanghai-artificial-sun-art-installation/07.webp,https://rdilighting.oss-cn-hongkong.aliyuncs.com/projects/shanghai-artificial-sun-art-installation/08.webp,https://rdilighting.oss-cn-hongkong.aliyuncs.com/projects/shanghai-artificial-sun-art-installation/09.webp",,,
shanghai-artificial-sun-art-installation,7,image_full,full-width,https://rdilighting.oss-cn-hongkong.aliyuncs.com/projects/shanghai-artificial-sun-art-installation/10.webp,,,
shanghai-artificial-sun-art-installation,8,text_1col,align-center,*我们在密闭的空间里，依然渴望一抬头就能看见天空。*,"*In a confined space, we still yearn to see the sky the moment we look up.*",,
fusion-gym-donghai,1,text_1col,align-center,"### 极致纯粹的健身光环境
FUSION GYM 东海店的照明设计主打清新、简约的现代质感。通过隐藏式间接照明与柔和的防眩光处理，让空间不仅适合专业训练，更成为极佳的视觉打卡地。","### Extremely Pure Fitness Light Environment
The lighting design of FUSION GYM Donghai focuses on a fresh and simple modern texture. Through concealed indirect lighting and soft anti-glare processing, the space is not only suitable for professional training but also becomes an excellent visual check-in spot.",,
fusion-gym-donghai,2,image_full,full-width,https://rdilighting.oss-cn-hongkong.aliyuncs.com/projects/fusion-gym-donghai/02.webp,,,
fusion-gym-donghai,3,text_2col,50-50,"### 摄影友好的柔光镜面
在所有力量区的镜面周围均设置了漫反射侧光，犹如摄影棚的柔光箱，完美修饰了会员的面部与身形轮廓。","### Photography-friendly Soft Light Mirrors
Diffuse side lights are set around the mirrors in all strength areas, acting like softboxes in a photography studio, perfectly retouching members' facial and body contours.","### 导向性的光缝设计
走廊顶部连续的黑色光槽中内嵌射灯，结合墙面优美的弧线灯带，引导着动线向深处延伸。","### Directional Light Slit Design
Spotlights embedded in the continuous black light slots at the top of the corridor, combined with the beautiful curved light strips on the wall, guide the circulation to extend deeper."
fusion-gym-donghai,4,image_grid,masonry,"https://rdilighting.oss-cn-hongkong.aliyuncs.com/projects/fusion-gym-donghai/03.webp,https://rdilighting.oss-cn-hongkong.aliyuncs.com/projects/fusion-gym-donghai/04.webp,https://rdilighting.oss-cn-hongkong.aliyuncs.com/projects/fusion-gym-donghai/05.webp,https://rdilighting.oss-cn-hongkong.aliyuncs.com/projects/fusion-gym-donghai/06.webp",,,
fusion-gym-donghai,5,text_1col,align-left,"### 工业与现代的碰撞
在拳击区保留了硬朗的工业风天花，但在中央沙袋上方配置了高亮度的环形灯箱，用极致的现代几何光影统摄了粗犷的环境。","### Collision of Industry and Modernity
The tough industrial style ceiling is retained in the boxing area, but a high-brightness circular light box is configured above the central sandbag, dominating the rough environment with ultimate modern geometric light and shadow.",,
fusion-gym-donghai,6,image_grid,masonry,"https://rdilighting.oss-cn-hongkong.aliyuncs.com/projects/fusion-gym-donghai/07.webp,https://rdilighting.oss-cn-hongkong.aliyuncs.com/projects/fusion-gym-donghai/08.webp,https://rdilighting.oss-cn-hongkong.aliyuncs.com/projects/fusion-gym-donghai/09.webp",,,
fusion-gym-donghai,7,image_full,full-width,https://rdilighting.oss-cn-hongkong.aliyuncs.com/projects/fusion-gym-donghai/10.webp,,,
fusion-gym-donghai,8,text_1col,align-center,*用纯粹的光，雕刻最真实的自我。*,*Carving the truest self with pure light.*,,
