列号,A,B,C,D,E,F,G,H,I,J,K,L,M,N,O,P,Q,R,S,,,,,,
字段名 (填在第一行),no,id,title_cn,title_en,location_cn,location_en,tags_cn,tags_en,image,aspect,span,completion,hero_media,designer_cn,designer_en,credits_cn,credits_en,image_alt,keyword,,,,,,
填写说明与示例,唯一的数字编号指示符,(极其重要) 填入项目的英文缩写。例如：shanghai-ins。?? 必须与 OSS 里的文件夹名称完全一模一样。,中文项目名。例如：上海复兴公园 INS 场地光影改造,英文项目名。例如：Shanghai Fuxing Park INS Lighting,项目所在的地理位置中文,项目所在的地理位置英文,"中文标签（多个用英文逗号隔开）。例如：互动装置, 生成式艺术","英文标签。例如：Interactive Installation, Generative Art",封面大图,"九宫格单元视觉比例 (如 aspect-square, aspect-video)",九宫格网格跨越比 (如 md:col-span-2 或空),项目完成年份,填入 OSS 中的首屏主干素材链接。例如：https://你的域名/projects/shanghai-ins/hero-video.mp4,设计人员中文,设计人员英文,"格式要求：团队类型 : 团队名称（中间用冒号,不同团队用英文逗号隔开）。","格式要求：团队类型 : 团队名称（中间用冒号,不同团队用英文逗号隔开）。",图片Alt文案,SEO关键词,,,,,,
网页排版作用,,用于生成网页专属链接 (如 rdilighting.com/shanghai-ins)。,生成网页中文大标题。SEO网页中文标题,"生成网页英文副标题,AI 会自动处理中英文字体的优雅组合。SEO英文网页标题",,,网页顶部的中文分类筛选器。,网页顶部的英文分类筛选器。,,,,,"代码会自动识别后缀是 .mp4 还是 .jpg,自动渲染为全屏动态视频背景或满屏静帧大图。",,,"代码会自动切分这段文字,在详情页首屏下方生成多行、整齐的杂志风“团队鸣谢 (Meta Info)”网格。","代码会自动切分这段文字,在详情页首屏下方生成多行、整齐的杂志风“团队鸣谢 (Meta Info)”网格。",自动生成,"自动生成SEO 关键词词库（直接复制用）
上海室内设计、商业展厅设计、办公空间设计、文旅空间设计、灯光艺术设计、极简空间设计、高端会所设计、设计作品集",,,,,,
是否选填,必填,必填,必填,必填,选填,选填,选填,选填,必填,选填,选填,必填,必填,必填,必填,,,,,,,,,,
,1,shanghai-psa,上海当代艺术博物馆,Power Station of Art Shanghai,上海,Shanghai,"展厅照明, 博物馆照明,室内照明","Exhibition Lighting, Museum Lighting,Indoor Lighting", https://rdilighting.oss-cn-hongkong.aliyuncs.com/projects/shanghai-psa/01.webp,aspect-[4/4] md:aspect-auto h-full min-h-[300px],md:col-span-1 md:row-span-2,2012, https://rdilighting.oss-cn-hongkong.aliyuncs.com/projects/shanghai-psa/01.webp,胡国剑,Guojian Hu,"业主: 上海世博土地控股有限公司/上海当代艺术博物馆, 建筑设计: 同济大学建筑设计研究院, 主建筑师: 章明, 照明供应商:上海傲特盛照明电器有限公司,  施工单位: 上海建工二建集团有限公司","Client: Shanghai World Expo Land Holding Co., Ltd/Power Station of Art.; Architectural Design: Tongji University Architectural Design & Research Institute; Principal Architect: Zhang Ming; Lighting Supplier: Shanghai Aotesheng Lighting & Electric Co., Ltd.; Construction Unit: Shanghai Construction Group No. 2 Co., Ltd.",上海当代艺术博物馆照明设计，在保留工业遗迹原始韵味的同时，利用现代科技实现灵活展陈照明，图片呈现出艺术与历史的对话。,"上海,当代艺术博物馆,博物馆照明,室内照明,工业建筑,照明设计,灯光设计,RDI照明",,,,,,
,2,nanjing-baiyunting,南京白云亭文化艺术中心一期改建,Nanjing Baiyunting Cultural and Art Center Renovation Phase I ,南京,Nanjing,"旧建筑改造,公共建筑,室内照明","Renovation, Public Building, Interior Lighting",https://rdilighting.oss-cn-hongkong.aliyuncs.com/projects/nanjing-baiyunting/01.webp,aspect-[4/4] md:aspect-auto h-full min-h-[300px],md:col-span-1 md:row-span-2,2014,https://rdilighting.oss-cn-hongkong.aliyuncs.com/projects/nanjing-baiyunting/01.webp,胡国剑,Guojian Hu,"业主:南京白云亭文化艺术中心,建筑设计:上海都设建筑设计有限公司,摄影:苏圣亮、胡国剑","Client: Nanjing Baiyunting Cultural and Art Center; Architects: Shanghai Dushe Architectural Design Co., Ltd.; Photography: Su Shenliang, Hu Guojian",南京白云亭改造照明设计，通过智能照明系统唤醒工业仓储空间的时代记忆，图片展示了建筑外立面与光的柔和结合。,"南京,旧建筑,改造,公共建筑,照明设计,灯光设计,立面照明,RDI照明",,,,,,
,3,shanghai-nhm,上海自然博物馆室内展陈,Shanghai Natural History Museum Interior Exhibition,上海,Shanghai,"展陈照明, 自然采光, 博物馆照明","Exhibition Lighting, Daylighting, Indoor Lighting", https://rdilighting.oss-cn-hongkong.aliyuncs.com/projects/shanghai-nhm/01.webp,aspect-[4/4] md:aspect-auto h-full min-h-[300px],md:col-span-1 md:row-span-2,2012, https://rdilighting.oss-cn-hongkong.aliyuncs.com/projects/shanghai-nhm/01.webp,胡国剑,Guojian Hu,"业主:上海自然博物馆, 建筑设计:Perkins&Will","Owner:Shanghai Natural History Museum, Architects:Perkins&Will",上海自然博物馆室内展陈照明设计，通过精准的显色性控制与光束角，呈现珍稀自然标本的原始生态之美，图片展示了自然氛围的深度营造。,"上海,博物馆,室内照明,照明设计,灯光设计,展陈照明,自然博物馆,智能照明,RDI照明",,,,,,
,4,zhengzhou-greenland,郑州绿地中心——千禧广场,Zhengzhou Greenland Center - Millennium Plaza,郑州,Zhengzhou,"超高层建筑照明, 建筑照明,地标建筑照明","Supertall Building Lighting, Architectural Lighting,Landmark Architecture Lighting", https://rdilighting.oss-cn-hongkong.aliyuncs.com/projects/zhengzhou-greenland/01.webp,aspect-[4/4] md:aspect-auto h-full min-h-[300px],md:col-span-1 md:row-span-2,2012, https://rdilighting.oss-cn-hongkong.aliyuncs.com/projects/zhengzhou-greenland/01.webp,胡国剑,Guojian Hu,建筑设计: 美国SOM设计事务所/上海华东建筑设计研究院,Architects: SOM/Shanghai East China Architectural Design & Research Institute,郑州绿地千玺广场照明设计，独特的泛光技术勾勒出高塔的玲珑轮廓，图片展示了中原大地的核心地标夜空景象。,"郑州,绿地千玺广场,超高层建筑,地标建筑,照明设计,灯光设计,泛光照明,建筑外景",,,,,,
,5,chengdu-greenland,成都绿地·航校售楼部,Chengdu Greenland Hangxiao Sales Department,成都,Chengdu,"售楼部照明,建筑照明,景观照明","Sales Department Lighting, Architectural Lighting, Landscape Lighting", https://rdilighting.oss-cn-hongkong.aliyuncs.com/projects/chengdu-greenland/01.webp,aspect-[4/4] md:aspect-auto h-full min-h-[300px],md:col-span-1 md:row-span-2,2012, https://rdilighting.oss-cn-hongkong.aliyuncs.com/projects/chengdu-greenland/01.webp,胡国剑,Guojian Hu,建筑设计: UA建筑设计有限公司,Architects:UA,成都绿地蜀峰照明设计，精准控制投光灯勾勒出折线幕墙的立体肌理，图片展示了夜空下如冰川般闪耀的建筑立面。,"成都,绿地蜀峰,超高层建筑,立面照明,照明设计,灯光设计,地标建筑,幕墙照明",,,,,,
,6,wujiang-hotel-phase2,吴江宾馆二期改扩建,Wujiang Hotel Phase II Renovation and Expansion,苏州,Suzhou,"酒店照明,古典建筑照明,景观照明,园林照明","Hotel Lighting, Classical Architecture Lighting, Landscape Lighting, Garden Lighting", https://rdilighting.oss-cn-hongkong.aliyuncs.com/projects/wujiang-hotel-phase2/01.webp,aspect-[4/4] md:aspect-auto h-full min-h-[300px],md:col-span-1 md:row-span-2,2015, https://rdilighting.oss-cn-hongkong.aliyuncs.com/projects/wujiang-hotel/01.webp,胡国剑,Guojian Hu,业主: 吴江宾馆,Client: Wujiang Hotel,吴江宾馆二期照明设计，结合江南水乡特色呈现古典与现代融合的夜间氛围，图片展示了倒影与灯光交织的园林庭院。,"苏州,吴江,酒店,园林景观,照明设计,灯光设计,酒店外景,氛围营造",,,,,,
,7,boshi-art-museum,卜石艺术馆,Boshi Art Museum,上海,Shanghai,"艺术馆照明,展陈照明,室内照明","Art Museum Lighting, Exhibition Lighting, Interior Lighting", https://rdilighting.oss-cn-hongkong.aliyuncs.com/projects/boshi-art-museum/01.webp,aspect-[4/4] md:aspect-auto h-full min-h-[300px],md:col-span-1 md:row-span-2,2012, https://rdilighting.oss-cn-hongkong.aliyuncs.com/projects/boshi-art/01.webp,胡国剑,Guojian Hu,"业主:卜石艺术馆,建筑设计:创盟国际",Client: Bu Shi Art Museum; Architects: Archi-Union,卜石艺术馆照明设计，在保留原有建筑结构的同时通过光影赋予空间现代几何感，图片展示了艺术与光线的完美交融。,"上海,艺术馆,展览空间,照明设计,灯光设计,室内照明,文化建筑,RDI照明",,,,,,
,8,zibo-mixc,淄博万象汇,Zibo MixC,淄博,Zibo,"商业综合体照明,商场照明,室内照明,公共空间照明","Commercial Complex Lighting, Mall Lighting, Interior Lighting, Public Space Lighting", https://rdilighting.oss-cn-hongkong.aliyuncs.com/projects/zibo-mixc/01.webp,aspect-[4/4] md:aspect-auto h-full min-h-[300px],md:col-span-1 md:row-span-2,2015, https://rdilighting.oss-cn-hongkong.aliyuncs.com/projects/zibo-mixc/01.webp,胡国剑,Guojian Hu,业主: 华润置地,Client: China Resources Land,淄博万象汇照明设计，以均匀舒适的光环境提升商业购物体验，图片展示了购物中心外立面与室内结合的动态光影效果。,"淄博,购物中心,商业空间,照明设计,灯光设计,商业照明,氛围灯光,万象汇",,,,,,
,9,jinan-longfor-mall,济南龙湖西城天街,Jinan Longfor Xicheng Paradise Walk,济南,Jinan,"商业空间照明,购物中心照明, 商业综合体照明","Commercial Space Lighting, Shopping Mall Lighting, Commercial Complex Lighting",https://rdilighting.oss-cn-hongkong.aliyuncs.com/projects/jinan-longfor-mall/01.webp,aspect-[4/4] md:aspect-auto h-full min-h-[300px],md:col-span-1 md:row-span-2,2025,https://rdilighting.oss-cn-hongkong.aliyuncs.com/projects/jinan-longfor-mall/01.webp,胡国剑,Guojian Hu,"业主:龙湖集团,建筑设计:上海天华建筑设计有限公司,室内设计:派沃设计","Client: Longfor Group; Architects: Shanghai Tianhua Architectural Design Co., Ltd.; Interior Design: Pivot Design",济南龙湖西城天街照明设计，以动态光影系统打造城市夜曲，图片展示了天街商业空间的柔和氛围光，体现了自然与商业共生的照明理念。,"济南,购物中心,照明设计,灯光设计,商业照明,智能照明,氛围灯光,天街,RDI照明",,,,,,
,10,nanjing-changlefang,南京金陵长乐坊,Nanjing Jinling Changlefang,南京,Nanjing,"文化街区照明, 沉浸式商业照明","Cultural District Lighting, Immersive Commercial Lighting",https://rdilighting.oss-cn-hongkong.aliyuncs.com/projects/nanjing-changlefang/01.webp,aspect-[4/4] md:aspect-auto h-full min-h-[300px],md:col-span-1 md:row-span-2,2014,https://rdilighting.oss-cn-hongkong.aliyuncs.com/projects/nanjing-changlefang/01.webp,胡国剑,Guojian Hu,"业主:南京长乐坊, 建筑设计:FKL, 室内设计:FKL",,"Owner:Nanjing Changlefang, Architects:FKL, Interior Design:FKL",,南京金陵长乐坊照明设计，利用温润红光重塑明代风情，图片展示了宫灯与光影交织的沉浸式文化空间，体现了历史街区的现代光环境重现。,"南京,文化街区,照明设计,灯光设计,沉浸式照明,历史街区,古建筑灯光,智能照明,RDI照明",,,,
,11,hangzhou-city-balcony,杭州城市阳台光影装置,Hangzhou City Balcony Light and Shadow Installation,杭州,Hangzhou,"景观照明, 户外照明,艺术装置, 光影秀","Landscape lighting, outdoor lighting, art installations, light shows",https://rdilighting.oss-cn-hongkong.aliyuncs.com/projects/hangzhou-city-balcony/01.webp,aspect-[4/4] md:aspect-auto h-full min-h-[300px],md:col-span-1 md:row-span-2,2025,https://rdilighting.oss-cn-hongkong.aliyuncs.com/projects/hangzhou-city-balcony/01.webp,胡国剑,Guojian Hu,业主:钱江新城,Owner:Qianjiang New City,杭州城市阳台景观照明设计，采用智能动感灯光勾勒钱塘江夜色，图片呈现了光影织就的山水夜曲，展现了现代城市的流光溢彩。,"杭州,城市阳台,景观照明,户外照明,照明设计,灯光设计,夜景灯光,智能控制,RDI照明",,,,,,
,12,midea-science-center,美的科学中心,Midea Science Center,顺德,Shunde,"公共建筑照明,室内照明, 展厅照明,办公照明,智能照明","Public Building Lighting, Indoor Lighting,  Interior Lighting, Public Space Lighting",https://rdilighting.oss-cn-hongkong.aliyuncs.com/projects/midea-science-center/01.webp,aspect-[4/4] md:aspect-auto h-full min-h-[300px],md:col-span-1 md:row-span-2,2025,https://rdilighting.oss-cn-hongkong.aliyuncs.com/projects/midea-science-center/01.webp,"胡国剑,金绮樱,马艳,李郁松","Guojian Hu, Qiying Jin, Yan Ma, Yusong Li","业主单位:美的集团,建筑设计:北京市建筑设计研究院马泷工作室、复杂结构研究院、第四建筑设计院、建筑与环艺设计院,建筑设计负责人:马泷、王欢欢","Client: Midea Group, Architectural Design: Ma Long Studio, Complex Structure Research Institute, Fourth Architectural Design Institute, Architecture and Environmental Art Design Institute of Beijing Institute of Architectural Design, Architectural Design Principal: Ma Long, Wang Huanhuan, Lighting Design: RDI International Lighting Design, Chief Architect: Ma Long",Owner:Midea Group,Architectural Design:Tadao Ando Architect & Associates,美的科学中心照明设计，通过多层次氛围照明营造科技与自然的共生空间，图片展现了光影作为空间隐形装饰的艺术感。,"顺德,公共建筑,室内照明,照明设计,灯光设计,科技中心,办公照明,智能照明,RDI照明",,,,
,13,xian-poly-tianrui,西安保利天瑞,Xi'an Poly Tianrui,西安,Xi'an,"住宅照明, 高端住宅, 奢华住宅, 样板间照明","Residential lighting, high-end residences, luxury residences, Showroom Lighting",https://rdilighting.oss-cn-hongkong.aliyuncs.com/projects/xian-poly-tianrui/01.webp,aspect-[4/4] md:aspect-auto h-full min-h-[300px],md:col-span-1 md:row-span-2,2025,https://rdilighting.oss-cn-hongkong.aliyuncs.com/projects/xian-poly-tianrui/01.webp,胡国剑,Guojian Hu,业主:保利集团,Owner:Poly Group,西安保利天瑞住宅照明设计，以礼序与自然为核心，通过细腻的灯光层级重现东方雅致，图片展示了高品质住宅的静谧意境。,"西安,住宅,样板间,照明设计,灯光设计,氛围灯光,高端住宅,RDI照明",,,,,,
,14,shanghai-catania,嘉佰道the CATANIA,The Catania Shanghai,上海,Shanghai,"住宅照明, 高端住宅, 奢华住宅","Residential lighting, high-end residences, luxury residences",https://rdilighting.oss-cn-hongkong.aliyuncs.com/projects/shanghai-catania/01.webp,aspect-[4/4] md:aspect-auto h-full min-h-[300px],md:col-span-1 md:row-span-2,2025,https://rdilighting.oss-cn-hongkong.aliyuncs.com/projects/shanghai-catania/01.webp,胡国剑,Guojian Hu,业主:嘉佰道,Owner:The Catania,嘉佰道the CATANIA住宅照明设计，通过智能光环境系统实现空间的场景化转换，图片呈现了光影作为空间隐形装饰的艺术。,"上海,住宅,样板间,照明设计,灯光设计,智能照明,高端住宅,RDI照明",,,,,,
,15,zibo-mixc,淄博万象汇,Zibo MixC,淄博,Zibo,"商业空间照明,购物中心照明","Commercial Space Lighting,Shopping Mall Lighting",https://rdilighting.oss-cn-hongkong.aliyuncs.com/projects/zibo-mixc/01.webp,aspect-[4/4] md:aspect-auto h-full min-h-[300px],md:col-span-1 md:row-span-2,2015,https://rdilighting.oss-cn-hongkong.aliyuncs.com/projects/zibo-mixc/01.webp,胡国剑,Guojian Hu,业主:华润置地,Owner:CR Land,,,,,,,,
,16,shenzhen-houhai-tairun,深圳后海泰伦,Shenzhen Houhai Tairun,深圳,Shenzhen,"办公大楼照明,商业综合体照明","Office Building Lighting,Commercial Complex Lighting",https://rdilighting.oss-cn-hongkong.aliyuncs.com/projects/shenzhen-houhai-tairun/01.webp,aspect-[4/4] md:aspect-auto h-full min-h-[300px],md:col-span-1 md:row-span-2,2025,https://rdilighting.oss-cn-hongkong.aliyuncs.com/projects/shenzhen-houhai-tairun/01.webp,胡国剑,Guojian Hu,"建筑设计:KPF,室内设计:Lead8","Architectural Design:KPF,Interior Design:Lead8",深圳后海泰伦照明设计，通过幕墙照明凸显科技感与现代商业建筑的通透性，图片展示了夜幕下高层建筑的流光溢彩。,"深圳,后海,办公大楼,商业综合体,照明设计,灯光设计,幕墙照明,现代建筑",,,,,,
,17,suzhou-jinxi,苏州锦溪示范区,Suzhou Jinxi Demonstration Zone,苏州,Suzhou,"住宅空间照明,样板间照明","Residential Lighting,Sample Room Lighting",https://rdilighting.oss-cn-hongkong.aliyuncs.com/projects/suzhou-jinxi/01.webp,aspect-[4/4] md:aspect-auto h-full min-h-[300px],md:col-span-1 md:row-span-2,2025,https://rdilighting.oss-cn-hongkong.aliyuncs.com/projects/suzhou-jinxi/01.webp,胡国剑,Guojian Hu,业主:建屋集团,Owner:Jianwu Group,苏州锦溪示范区住宅照明设计，以光影作诗营造高品质私密人居氛围，图片展示了优雅静谧的居住空间照明细节。,"苏州,住宅,样板间,照明设计,灯光设计,室内照明,高端人居,氛围灯光",,,,,,
,18,shanghai-crcc-beicai,中国铁建北蔡示范区,CRCC Beicai Demonstration Zone,上海,Shanghai,"住宅示范区照明,景观照明","Residential Demonstration Zone Lighting,Landscape Lighting",https://rdilighting.oss-cn-hongkong.aliyuncs.com/projects/shanghai-crcc-beicai/01.webp,aspect-[4/4] md:aspect-auto h-full min-h-[300px],md:col-span-1 md:row-span-2,2025,https://rdilighting.oss-cn-hongkong.aliyuncs.com/projects/shanghai-crcc-beicai/01.webp,胡国剑,Guojian Hu,业主:中国铁建,Owner:CRCC,中国铁建北蔡示范区照明设计，以温润的色温和细腻的光影层次展现高端海派人居风格，图片展示了建筑外观的光影细节。,"上海,北蔡,住宅示范区,景观照明,照明设计,灯光设计,高端住宅,海派风格",,,,,,
,19,shanghai-ankorau,安高若Lab0 Center,An Ko Rau Lab0 Center,上海,Shanghai,"商业零售照明,办公空间照明","Retail Lighting,Office Space Lighting",https://rdilighting.oss-cn-hongkong.aliyuncs.com/projects/shanghai-ankorau/01.webp,aspect-[4/4] md:aspect-auto h-full min-h-[300px],md:col-span-1 md:row-span-2,2024,https://rdilighting.oss-cn-hongkong.aliyuncs.com/projects/shanghai-ankorau/01.webp,胡国剑,Guojian Hu,品牌方:安高若,Brand:An Ko Rau,安高若Lab0 Center照明设计，以高显色性光环境匹配运动商业与办公的复合需求，图片展现了空间清晰而富有活力的照明体验。,"上海,商业零售,办公空间,照明设计,灯光设计,室内照明,运动品牌,RDI照明",,,,,,
,20,shanghai-Taopu-604,桃浦智创城604地块,Taopu Smart Innovation City Plot 604,上海,Shanghai,"办公园区照明,商业综合体照明","Office Park Lighting,Commercial Complex Lighting",https://rdilighting.oss-cn-hongkong.aliyuncs.com/projects/shanghai-Taopu-604/01.webp,aspect-[4/4] md:aspect-auto h-full min-h-[300px],md:col-span-1 md:row-span-2,2024,https://rdilighting.oss-cn-hongkong.aliyuncs.com/projects/shanghai-Taopu-604/01.webp,胡国剑,Guojian Hu,"业主:临港集团,建筑设计:ENNEAD","Owner:Lingang Group,Architects:ENNEAD",漕河泾604地块照明设计，运用暖色光点缀科技感幕墙，展现产业园区的都市地标风貌，图片展示了建筑立面独特的灯光肌理。,"上海,漕河泾,办公园区,商业综合体,照明设计,灯光设计,立面照明,地标建筑",,,,,,
,21,shenzhen-mocape,深圳市当代艺术与城市规划馆,MOCAPE Shenzhen,深圳,Shenzhen,"博物馆照明,公共建筑照明, 展览照明","Museum Lighting,Public Building Lighting, Exhibit Lighting",https://rdilighting.oss-cn-hongkong.aliyuncs.com/projects/shenzhen-mocape/01.webp,aspect-[4/4] md:aspect-auto h-full min-h-[300px],md:col-span-1 md:row-span-2,2025,https://rdilighting.oss-cn-hongkong.aliyuncs.com/projects/shenzhen-mocape/01.webp,胡国剑,Guojian Hu,建筑设计:蓝天组,Architectural Design:Coop Himmelb(l)au,深圳市当代艺术与城市规划馆照明设计，利用非对称洗墙灯与间接照明凸显独特的解构主义空间，图片展示了云中心震撼的光影效果。,"深圳,博物馆,公共建筑,照明设计,灯光设计,展陈照明,建筑照明,地标建筑",,,,,,
,22,xiamen-jianfa-ruihu,厦门建发瑞湖公馆,Xiamen Jianfa Ruihu Mansion,厦门,Xiamen,"住宅照明, 高端住宅, 奢华住宅, 园林景观照明","Residential lighting, high-end residences, luxury residences,Landscape Lighting",https://rdilighting.oss-cn-hongkong.aliyuncs.com/projects/xiamen-jianfa-ruihu/01.webp,aspect-[4/4] md:aspect-auto h-full min-h-[300px],md:col-span-1 md:row-span-2,2025,https://rdilighting.oss-cn-hongkong.aliyuncs.com/projects/xiamen-jianfa-ruihu/01.webp,胡国剑,Guojian Hu,"业主:建发房产,建筑设计:致逸设计","Owner:C&D Real Estate, Architects: Zhiyi Design",厦门建发瑞湖公馆照明设计，通过低色温光线融入东方园林意境，图片展示了尊贵典雅的新中式居住空间夜景。,"厦门,住宅,园林景观,照明设计,灯光设计,中式住宅,氛围灯光,建发房产",,,,,,
,23,hangzhou-yungu,杭州云谷创新中心,Hangzhou Yungu Innovation Center,杭州,Hangzhou,"办公园区照明,公共建筑照明","Office Park Lighting,Public Building Lighting",https://rdilighting.oss-cn-hongkong.aliyuncs.com/projects/hangzhou-yungu/01.webp,aspect-[4/4] md:aspect-auto h-full min-h-[300px],md:col-span-1 md:row-span-2,2025,https://rdilighting.oss-cn-hongkong.aliyuncs.com/projects/hangzhou-yungu/01.webp,胡国剑,Guojian Hu,建筑设计:华东建筑设计研究院,Architectural Design:ECADI,杭州云谷创新中心照明设计，以光影作画回应自然山水，图片展示了科技园区与自然生态完美融合的灵动夜景。,"杭州,云谷,办公园区,公共建筑,照明设计,灯光设计,建筑照明,智能照明",,,,,,
,24,shanghai-caohejing-hq,新漕河泾总部大楼,Caohejing Headquarters Building,上海,Shanghai,"办公大楼照明,总部基地照明, 地标建筑照明","Office building lighting, headquarters base lighting, landmark building lighting",https://rdilighting.oss-cn-hongkong.aliyuncs.com/projects/shanghai-caohejing-hq/01.webp,aspect-[4/4] md:aspect-auto h-full min-h-[300px],md:col-span-1 md:row-span-2,2024,https://rdilighting.oss-cn-hongkong.aliyuncs.com/projects/shanghai-caohejing-hq/01.webp,胡国剑,Guojian Hu,"业主:临港集团,建筑设计:Perkins&Will,景观设计:AECOM","Owner:Lingang Group,Architects:Perkins&Will,Landscape Design:AECOM",新漕河泾总部大楼照明设计，以光雕塑手法勾勒出科技与自然交融的建筑轮廓，图片呈现了白瓷板幕墙纯净的夜间光效。,"上海,漕河泾,办公大楼,总部基地,照明设计,灯光设计,幕墙照明,商业办公",,,,,,
,25,shanghai-jingan-kerry,上海静安嘉里中心改造,Jing An Kerry Centre Renovation,上海,Shanghai,"商业综合体照明,奢华零售照明","Commercial Complex Lighting,Luxury Retail Lighting",https://rdilighting.oss-cn-hongkong.aliyuncs.com/projects/shanghai-jingan-kerry/01.webp,aspect-[4/4] md:aspect-auto h-full min-h-[300px],md:col-span-1 md:row-span-2,2023,https://rdilighting.oss-cn-hongkong.aliyuncs.com/projects/shanghai-jingan-kerry/01.webp,胡国剑,Guojian Hu,业主:嘉里建设,Owner:Kerry Properties,上海静安嘉里中心照明设计，突破传统商业照明边界，通过光来重塑空间体验、引导消费行为，图片展示了室内空间的高级光影层次。,"上海,嘉里中心,商业综合体,高端零售,照明设计,灯光设计,室内照明,商业照明",,,,,,
,26,guangzhou-xpeng,小鹏汽车新总部大楼,Guangzhou XPeng Motors Headquarters,广州,Guangzhou,"办公大楼照明,总部基地照明,商业空间照明","Office Building Lighting, Headquarters Lighting, Commercial Space Lighting",https://rdilighting.oss-cn-hongkong.aliyuncs.com/projects/guangzhou-xpeng/01.webp,aspect-[4/4] md:aspect-auto h-full min-h-[300px],md:col-span-1 md:row-span-2,2024,https://rdilighting.oss-cn-hongkong.aliyuncs.com/projects/guangzhou-xpeng/01.webp,胡国剑,Guojian Hu,"建筑设计:weico建筑事务所,景观顾问:广州山水比德设计股份有限公司,室内设计:CCD香港郑中设计事务所","Architects:weico architects,Landscape Consultant:Guangzhou S.P.I Design,Interior Design:Cheng Chung Design","小鹏汽车新总部大楼照明设计，将小鹏X品牌符号与建筑横向肌理暗藏式融合，图片展示了充满未来科技感的建筑立面夜景与极简展厅空间光影。XPeng Motors New Headquarters lighting design integrates the X brand symbol into the building texture, displaying a futuristic architectural night view and exhibition space.","广州,天河,办公大楼,总部基地,汽车展厅,照明设计,灯光设计,幕墙照明,科技感灯光",,,,,,
,27,shanghai-tiandi-daguan,天地大观展,Tiandi Daguan Exhibition,上海,Shanghai,"展览陈列照明,博物馆照明","Exhibition Lighting,Museum Display Lighting",https://rdilighting.oss-cn-hongkong.aliyuncs.com/projects/shanghai-tiandi-daguan/01.webp,aspect-[4/4] md:aspect-auto h-full min-h-[300px],md:col-span-1 md:row-span-2,2025,https://rdilighting.oss-cn-hongkong.aliyuncs.com/projects/shanghai-tiandi-daguan/01.webp,胡国剑,Guojian Hu,业主:龙美术馆,Owner: Long Museum,天地大观展照明设计，巧妙运用极低照度与高显色控制营造穿越千年的时空对话感，图片展示了文物在幽暗环境中的光彩。,"上海,龙美术馆,展览陈列,博物馆照明,照明设计,灯光设计,展陈照明,光影艺术",,,,,,
,28,shanghai-expo-greenhouse,上海世博文化公园温室馆,Shanghai Expo Culture Park Greenhouse,上海,Shanghai,景观照明,LandscapeLighting,https://rdilighting.oss-cn-hongkong.aliyuncs.com/projects/shanghai-expo-greenhouse/01.webp,aspect-[4/4] md:aspect-auto h-full min-h-[300px],md:col-span-1 md:row-span-2,2025,https://rdilighting.oss-cn-hongkong.aliyuncs.com/projects/shanghai-expo-greenhouse/01.webp,胡国剑,Guojian Hu,业主:世博文化公园,Owner:Expo Culture Park,上海世博文化公园温室馆照明设计，通过精准的投光与色彩控制再现自然夜间生态，图片呈现了奇幻的室内植物光影秀。,"上海,世博文化公园,公共建筑,景观建筑,照明设计,灯光设计,温室照明,生态光环境",,,,,,
,29,hangzhou-baolizhiyexiyuanfu,保利置业·西源赋,Poly Zhi Ye · Xi Yuan Fu,杭州,Hangzhou,"园区照明,建筑照明,景观照明,室内照明","Park Lighting,Facade Lighting, ,LandscapeLighting,Interiror Lighting",https://rdilighting.oss-cn-hongkong.aliyuncs.com/projects/hangzhou-polyxiyuanfu/01.webp,aspect-[4/4] md:aspect-auto h-full min-h-[300px],md:col-span-1 md:row-span-2,2025,https://rdilighting.oss-cn-hongkong.aliyuncs.com/projects/hangzhou-polyxiyuanfu/01.webp,胡国剑,Guojian Hu,"业主:芯汇源,建筑设计:GOA大象设计","Owner:Xinhuiyuan,Architectural Design:GOA",杭州西园九路园区照明设计，以隐匿的灯光细节凸显建筑的结构美与空间张力，图片展示了夜间宁静高级的园区光环境。,"杭州,办公园区,园区建筑,照明设计,灯光设计,立面照明,建筑外景,RDI照明",,,,,,
,30,nanchang-zifeng,江西南昌绿地紫峰大厦,Nanchang Zifeng Tower,南昌,Nanchang,"超高层建筑照明,地标建筑照明","Supertall Building Lighting,Landmark Architecture Lighting",https://rdilighting.oss-cn-hongkong.aliyuncs.com/projects/nanchang-zifeng-zifeng/01.webp,aspect-[4/4] md:aspect-auto h-full min-h-[300px],md:col-span-1 md:row-span-2,2015,https://rdilighting.oss-cn-hongkong.aliyuncs.com/projects/nanchang-zifeng-zifeng/01.webp,胡国剑,Guojian Hu,建筑设计:SOM,Architects:SOM,南昌紫峰大厦外立面照明设计，创新的隐形LED系统完美融合于建筑幕墙，图片展示了这座城市最高地标的璀璨夜景。,"南昌, 紫峰大厦,超高层建筑,地标建筑,照明设计,灯光设计,立面照明,幕墙灯光",,,,,,
,31,shanghai-luyue,陆悦天地,Luyue Tiandi,上海,Shanghai,"商业综合体照明,建筑立面照明, 室内照明","Commercial Complex Lighting,Facade Lighting, Interior Lighting",https://rdilighting.oss-cn-hongkong.aliyuncs.com/projects/shanghai-luyue/01.webp,aspect-[4/4] md:aspect-auto h-full min-h-[300px],md:col-span-1 md:row-span-2,2025,https://rdilighting.oss-cn-hongkong.aliyuncs.com/projects/shanghai-luyue/01.webp,胡国剑,Guojian Hu,"业主:陆家嘴集团,建筑设计:凯谛思,室内设计:贝诺","Owner:Lujiazui Group,Architects:Arcadis, Interior Design: Benoy",陆悦天地商业照明设计，以彩色RGBW光影赋予表皮折纸般动态视觉，图片展示了充满未来感和活力的街区夜景。,"上海,陆家嘴,商业综合体,立面照明,照明设计,灯光设计,动态灯光,商业街区",,,,,,
,32,shanghai-suitangli,上海镛舍随堂里,Sui Tang Li at The Middle House,上海,Shanghai,"餐饮空间照明,奢华室内照明","Restaurant Lighting, Luxury interior lighting",https://rdilighting.oss-cn-hongkong.aliyuncs.com/projects/shanghai-suitangli/01.webp,aspect-[4/4] md:aspect-auto h-full min-h-[300px],md:col-span-1 md:row-span-2,2026,https://rdilighting.oss-cn-hongkong.aliyuncs.com/projects/shanghai-suitangli/01.webp,胡国剑,Guojian Hu,"业主:太古汇,机电设计:M&E","Owner:Taikoo Hui,MEP Design:M&E",上海镛舍随堂里照明设计，通过低色温与高显色光源打造私密而极具食欲的餐饮环境，图片展示了高级中餐厅的光影层次。,"上海,镛舍,随堂里,餐饮空间,照明设计,灯光设计,室内照明,餐厅灯光",,,,,,
,33,shanghai-puan-yunchao,浦岸云潮光影秀,Pu'an Yunchao Light Show,上海,Shanghai,"城市光影秀,文旅景观照明","City Light Show,Cultural Tourism Landscape Lighting",https://rdilighting.oss-cn-hongkong.aliyuncs.com/projects/shanghai-puan-yunchao/01.webp,aspect-[4/4] md:aspect-auto h-full min-h-[300px],md:col-span-1 md:row-span-2,2025,https://rdilighting.oss-cn-hongkong.aliyuncs.com/projects/shanghai-puan-yunchao/01.webp,胡国剑,Guojian Hu,业主:汇区灯光广告管理所,Owner:Xuhui District Lighting and Advertising Management Office,上海浦岸云潮光影秀设计，以动态全息影像融合黄浦江水岸自然生态，图片呈现了如梦似幻的城市夜间景观装置。,"上海,黄浦江,光影秀,文旅景观,照明设计,灯光设计,动态照明,夜游灯光",,,,,,
,34,shanghai-comac-hq,大飞机航空产业园,Commercial Aircraft Aviation Industrial Park,上海,Shanghai,"办公大楼照明,产业园照明","Office Building Lighting, Industrial Park Lighting",https://rdilighting.oss-cn-hongkong.aliyuncs.com/projects/shanghai-comac-hq/01.webp,aspect-[4/4] md:aspect-auto h-full min-h-[300px],md:col-span-1 md:row-span-2,2024,https://rdilighting.oss-cn-hongkong.aliyuncs.com/projects/shanghai-comac-hq/01.webp,胡国剑,Guojian Hu,"业主:中国商飞及机场集团及临港集团,建筑设计:ennead建筑设计事务所,照明供应:上海光联照明有限公司,施工:上海同城照明科技有限公司","Owner:COMAC and Airport Group and Lingang Group,Architects:ennead architects,Lighting Supply:Shanghai Guanglian Lighting,Construction:Shanghai Tongcheng Lighting",大飞机航空产业园照明设计，将定制化灯具隐藏于幕墙穿孔板内，呈现理智、纯粹且充满科技信号的工业质感，图片展示了总部大厦如航空器般精密的外立面夜景。,"上海,办公大楼,产业园,照明设计,灯光设计,总部基地,幕墙照明,智能照明,氛围灯光,中国商飞",,,,,,
,35,dali-yuntuo-distillery,云南威士忌酒厂-云拓,Yunnan Yuntuo Whiskey Distillery,大理,Dali,"酒厂照明,工业建筑照明,文旅建筑照明","Distillery Lighting, Industrial Building Lighting, Cultural Tourism Lighting",https://rdilighting.oss-cn-hongkong.aliyuncs.com/projects/dali-yuntuo-distillery/01.webp,aspect-[4/4] md:aspect-auto h-full min-h-[300px],md:col-span-1 md:row-span-2,2024,https://rdilighting.oss-cn-hongkong.aliyuncs.com/projects/dali-yuntuo-distillery/01.webp,"胡国剑, 沈雪蕊","Guojian Hu, Xuerui Shen","业主:帝亚吉欧集团,建筑设计:上海鸥力建筑设计有限公司,摄影:上海鸥力建筑设计有限公司及此间建筑摄影","Owner:Diageo,Architects:Oli,Photography:Oli Architecture and Cijian Architectural Photography",云南威士忌酒厂-云拓照明设计，以金醇流光为核心概念，图片展示了酒桶塔被独立灯具精准照亮的琥珀色光影阵列，完美契合了威士忌液态黄金的质感与自然混凝土的肌理。,"大理,威士忌酒厂,酒庄照明,工业建筑,文旅照明,照明设计,灯光设计,沉浸式体验,帝亚吉欧,RDI照明",,,,,,
,36,chongqing-huigu-hotel,涪陵慧谷湖科创酒店,Fuling Huigu Lake Sci-Tech Hotel,重庆,Chongqing,"酒店照明,景观照明,外立面照明","Hotel Lighting, Landscape Lighting, Facade Lighting",https://rdilighting.oss-cn-hongkong.aliyuncs.com/projects/chongqing-huigu-hotel/01.webp,aspect-[4/4] md:aspect-auto h-full min-h-[300px],md:col-span-1 md:row-span-2,2024,https://rdilighting.oss-cn-hongkong.aliyuncs.com/projects/chongqing-huigu-hotel/01.webp,胡国剑,Guojian Hu,建筑设计:上海都设营造建筑设计事务所有限公司,Architects:Shanghai Dushe Architectural Design,"涪陵慧谷湖科创酒店照明设计，采用漫反射与低亮度暖光勾勒建筑退台与连廊，图片展现了酒店建筑在夜色与自然山水交织中的静谧光影效果。Fuling Huigu Lake Sci-Tech Hotel lighting design features diffuse reflection and low-brightness warm light, showing a tranquil integration of architecture and nature.","重庆,涪陵,酒店,立面照明,景观照明,照明设计,灯光设计,氛围灯光,光环境",,,,,,
,37,shanghai-anyuan-bridge,上海安远桥,Shanghai Anyuan Bridge,上海,Shanghai,"公共建筑,桥梁景观,户外景观","Public Architecture,Bridge Landscape,Outdoor Landscape",https://rdilighting.oss-cn-hongkong.aliyuncs.com/projects/shanghai-anyuan-bridge/01.webp,aspect-[4/4] md:aspect-auto h-full min-h-[300px],md:col-span-1 md:row-span-2,2022,https://rdilighting.oss-cn-hongkong.aliyuncs.com/projects/shanghai-anyuan-bridge/01.webp,胡国剑,Guojian Hu,业主:上海市静安区绿化和市容管理局,Client: Shanghai Jing'an District Greening and City Appearance Management Bureau,上海安远桥的夜间景观照明，通过柔和且富有层次的灯光，完美勾勒出桥梁的独特结构与城市夜景的融合，展现非凡的视觉魅力。The landscape lighting of Shanghai Anyuan Bridge perfectly outlines the unique structure of the bridge and its integration with the urban night scene through soft and layered lighting.,"上海,公共建筑,桥梁景观,景观照明,城市夜景,照明设计公司",,,,,,
,38,wuhan-design-heart,武汉设计之心,Wuhan Design Heart,武汉,Wuhan,"商业空间,办公空间,超高层地标","Commercial Space,Office Space,High-rise Landmark",https://rdilighting.oss-cn-hongkong.aliyuncs.com/projects/wuhan-design-heart/01.webp,aspect-[4/4] md:aspect-auto h-full min-h-[300px],md:col-span-1 md:row-span-2,2023,https://rdilighting.oss-cn-hongkong.aliyuncs.com/projects/wuhan-design-heart/01.webp,胡国剑,Guojian Hu,业主:武汉市投资方,Client: Wuhan Investors,"武汉设计之心建筑外立面照明，流光溢彩的灯光完美融合了商业与办公空间，打造出全天候的活力城市地标。The facade lighting of Wuhan Design Heart perfectly blends commercial and office spaces with radiant lights, creating an all-weather vibrant landmark.","武汉,商业空间,办公空间,超高层地标,建筑外立面照明,照明设计方案",,,,,,
,39,shanghai-yuyuan-mall,上海豫园商城,Shanghai Yuyuan Mall,上海,Shanghai,"商业空间,历史建筑,户外景观","Commercial Space,Historical Building,Outdoor Landscape",https://rdilighting.oss-cn-hongkong.aliyuncs.com/projects/shanghai-yuyuan-mall/01.webp,aspect-[4/4] md:aspect-auto h-full min-h-[300px],md:col-span-1 md:row-span-2,2023,https://rdilighting.oss-cn-hongkong.aliyuncs.com/projects/shanghai-yuyuan-mall/01.webp,胡国剑,Guojian Hu,业主:上海豫园商贸发展有限公司,Client: Shanghai Yuyuan Commerce and Trade Development Co. Ltd.,上海豫园商城楼宇灯光改造，结合古典与现代的氛围灯光，赋予历史建筑全新的商业生命力，展现卓越的照明效果。The building lighting transformation of Shanghai Yuyuan Mall combines classical and modern ambient lighting to give new commercial vitality to historical buildings.,"上海,商业空间,历史建筑,外立面照明,氛围灯光,照明设计公司",,,,,,
,40,shanghai-film-art-center,上海影城焕新,Shanghai Film Art Center Renewal,上海,Shanghai,"文化地标,公共空间,室内照明","Cultural Landmark,Public Space,Indoor Lighting",https://rdilighting.oss-cn-hongkong.aliyuncs.com/projects/shanghai-film-art-center/01.webp,aspect-[4/4] md:aspect-auto h-full min-h-[300px],md:col-span-1 md:row-span-2,2023,https://rdilighting.oss-cn-hongkong.aliyuncs.com/projects/shanghai-film-art-center/01.webp,胡国剑,Guojian Hu,业主:上海电影集团,Client: Shanghai Film Group,上海影城焕新项目的室内照明设计，保留历史文化风貌的同时，赋予了影城现代和前沿的视觉体验。The indoor lighting of the renewed Shanghai Film Art Center preserves its historical charm while providing a modern and cutting-edge visual experience.,"上海,文化地标,室内照明,公共建筑,灯光设计方案",,,,,,
,41,wuhan-institute-innovation,武汉产业创新发展研究院,Wuhan Institute of Industrial Innovation and Development,武汉,Wuhan,"办公空间,科研建筑,室内照明","Office Space,R&D Building,Indoor Lighting",https://rdilighting.oss-cn-hongkong.aliyuncs.com/projects/wuhan-institute-innovation/01.webp,aspect-[4/4] md:aspect-auto h-full min-h-[300px],md:col-span-1 md:row-span-2,2023,https://rdilighting.oss-cn-hongkong.aliyuncs.com/projects/wuhan-institute-innovation/01.webp,胡国剑,Guojian Hu,室内设计:weico建筑设计事务所,Interior Design: weico Architecture Design Studio,武汉产业创新发展研究院室内照明设计，通过精准的光源控制和防眩光处理，打造了自然舒适的科研办公环境。The indoor lighting of the Wuhan Institute of Industrial Innovation provides a natural and comfortable R&D office environment through precise light control and anti-glare processing.,"武汉,办公空间,室内照明,科研建筑,节能照明,照明设计公司",,,,,,
,42,suzhou-museum-west,苏博西馆展厅,Suzhou Museum West Exhibition,苏州,Suzhou,"文化建筑,博物馆,展陈照明","Cultural Architecture,Museum,Exhibition Lighting",https://rdilighting.oss-cn-hongkong.aliyuncs.com/projects/suzhou-museum-west/01.webp,aspect-[4/4] md:aspect-auto h-full min-h-[300px],md:col-span-1 md:row-span-2,2022,https://rdilighting.oss-cn-hongkong.aliyuncs.com/projects/suzhou-museum-west/01.webp,胡国剑,Guojian Hu,建筑设计:同济大学建筑设计研究院,Architectural Design: Tongji University Architectural Design and Research Institute,苏博西馆展厅照明设计，运用重点照明与洗墙灯光环境系统，完美展现吴地历史文化与藏品的细节魅力。The exhibition lighting of Suzhou Museum West utilizes accent lighting and wall-washing light environments to perfectly showcase the historical culture and details of the collection.,"苏州,文化建筑,博物馆,展陈照明,室内灯光,灯光设计公司",,,,,,
,43,yangzhou-grand-canal-museum,中国大运河博物馆,China Grand Canal Museum,扬州,Yangzhou,"文化建筑,展览展示,室内空间","Cultural Architecture,Exhibition,Indoor Space",https://rdilighting.oss-cn-hongkong.aliyuncs.com/projects/yangzhou-grand-canal-museum/01.webp,aspect-[4/4] md:aspect-auto h-full min-h-[300px],md:col-span-1 md:row-span-2,2022,https://rdilighting.oss-cn-hongkong.aliyuncs.com/projects/yangzhou-grand-canal-museum/01.webp,胡国剑,Guojian Hu,施工:扬州博发装饰工程有限公司,Construction: Yangzhou Bofa Decoration Engineering Co. Ltd.,中国大运河博物馆展陈灯光，结合运河生态文化特色，运用光影技术生动呈现了深厚的历史文化底蕴。The exhibition lighting of the China Grand Canal Museum vividly presents its profound historical and cultural heritage using advanced light and shadow techniques.,"扬州,文化建筑,博物馆,展览照明,室内灯光设计",,,,,,
,44,suzhou-guardian-art-center,苏州嘉德艺术中心,Suzhou Guardian Art Center,苏州,Suzhou,"艺术展览,商业空间,室内照明","Art Exhibition,Commercial Space,Indoor Lighting",https://rdilighting.oss-cn-hongkong.aliyuncs.com/projects/suzhou-guardian-art-center/01.webp,aspect-[4/4] md:aspect-auto h-full min-h-[300px],md:col-span-1 md:row-span-2,2022,https://rdilighting.oss-cn-hongkong.aliyuncs.com/projects/suzhou-guardian-art-center/01.webp,胡国剑,Guojian Hu,业主:嘉德艺术中心,Client: Guardian Art Center,苏州嘉德艺术中心室内灯光，通过灵活多变的轨道照明与氛围光，烘托出高端艺术品展览的绝佳视觉体验。The indoor lighting of Suzhou Guardian Art Center uses flexible track lighting and ambient light to enhance the visual experience of high-end art exhibitions.,"苏州,艺术中心,室内照明,商业空间,灯光设计方案",,,,,,
,45,shenzhen-oct-b10,深圳华侨城B10旧改,Shenzhen OCT B10 Renovation,深圳,Shenzhen,"商业街区,旧改项目,户外景观","Commercial Block,Renovation Project,Outdoor Landscape",https://rdilighting.oss-cn-hongkong.aliyuncs.com/projects/shenzhen-oct-b10/01.webp,aspect-[4/4] md:aspect-auto h-full min-h-[300px],md:col-span-1 md:row-span-2,2023,https://rdilighting.oss-cn-hongkong.aliyuncs.com/projects/shenzhen-oct-b10/01.webp,胡国剑,Guojian Hu,业主:深圳华侨城集团,Client: Shenzhen OCT Group,深圳华侨城B10旧改项目夜间照明，利用光影重塑了具有80年代工业风格的园区夜间社交与商业场景。The night lighting of Shenzhen OCT B10 renovation project reshapes the nighttime social and commercial scenes of the 80s industrial-style park using light and shadows.,"深圳,商业街区,旧改项目,户外景观,外立面照明,灯光设计方案",,,,,,
,46,zhangjiagang-jinmao-mall,张家港金茂览秀城,Zhangjiagang Jinmao Mall,张家港,Zhangjiagang,"购物中心,商业综合体,外立面","Shopping Mall,Commercial Complex,Facade",https://rdilighting.oss-cn-hongkong.aliyuncs.com/projects/zhangjiagang-jinmao-mall/01.webp,aspect-[4/4] md:aspect-auto h-full min-h-[300px],md:col-span-1 md:row-span-2,2023,https://rdilighting.oss-cn-hongkong.aliyuncs.com/projects/zhangjiagang-jinmao-mall/01.webp,胡国剑,Guojian Hu,"业主:中国金茂,建筑设计:LWK梁黄顾建筑设计,室内设计:MPG摩平阁,室内设计:叁摩所","Client: China Jinmao,Architectural Design: LWK + PARTNERS,Interior Design: MPG,Interior Design: 3MIX",张家港金茂览秀城外立面照明，通过灵动的水波纹幕墙灯光，为商业综合体赋予了强烈的现代艺术氛围。The facade lighting of Zhangjiagang Jinmao Mall provides a strong modern art atmosphere to the commercial complex through dynamic water ripple curtain wall lighting.,"张家港,购物中心,商业综合体,外立面照明,照明设计公司",,,,,,
,47,beijing-hopson-one,北京超级合生汇穹顶灯光秀,Beijing Hopson One Dome Light Show,北京,Beijing,"商业空间,灯光秀,购物中心","Commercial Space,Light Show,Shopping Mall",https://rdilighting.oss-cn-hongkong.aliyuncs.com/projects/beijing-hopson-one/01.webp,aspect-[4/4] md:aspect-auto h-full min-h-[300px],md:col-span-1 md:row-span-2,2024,https://rdilighting.oss-cn-hongkong.aliyuncs.com/projects/beijing-hopson-one/01.webp,胡国剑,Guojian Hu,"业主:珠江投资,施工:深圳世纪光华照明工程有限公司,设备供应:广东雅江光电科技有限公司","Client: Pearl River Investment,Construction: Shenzhen Century Guanghua Lighting Engineering Co. Ltd.,Equipment Supplier: Guangdong Yajiang Photoelectric Technology Co. Ltd.","北京超级合生汇穹顶灯光秀，利用先进的智能控制系统打造了震撼的全景视听体验，成为顶级商业空间地标。The dome light show of Beijing Hopson One uses an advanced intelligent control system to create a stunning panoramic audio-visual experience, making it a top commercial landmark.","北京,商业空间,购物中心,灯光秀,智能照明,照明设计公司",,,,,,
,48,shanghai-bund-central,外滩中央商场,Bund Central Mall,上海,Shanghai,"商业街区,历史建筑,外立面","Commercial Block,Historical Building,Facade",https://rdilighting.oss-cn-hongkong.aliyuncs.com/projects/shanghai-bund-central/01.webp,aspect-[4/4] md:aspect-auto h-full min-h-[300px],md:col-span-1 md:row-span-2,2023,https://rdilighting.oss-cn-hongkong.aliyuncs.com/projects/shanghai-bund-central/01.webp,胡国剑,Guojian Hu,业主:上海外滩投资开发集团有限公司,Client: Shanghai Bund Investment Group Co. Ltd.,外滩中央商场穹顶投影及灯光秀系统改造，结合历史建筑特色与现代多媒体技术，呈现出美轮美奂的商业夜景。The dome projection and lighting show system renovation of Bund Central Mall combines historical features with modern multimedia tech for a beautiful commercial night view.,"上海,商业空间,历史建筑,互动装置,外立面照明,灯光设计方案",,,,,,
,49,shanghai-xujing-vanke,徐泾万科天空之城,Xujing Vanke UniCity,上海,Shanghai,"商业综合体,TOD综合体,景观照明","Commercial Complex,TOD Complex,Landscape Lighting",https://rdilighting.oss-cn-hongkong.aliyuncs.com/projects/shanghai-xujing-vanke/01.webp,aspect-[4/4] md:aspect-auto h-full min-h-[300px],md:col-span-1 md:row-span-2,2023,https://rdilighting.oss-cn-hongkong.aliyuncs.com/projects/shanghai-xujing-vanke/01.webp,胡国剑,Guojian Hu,"建筑设计:日建设计,景观设计:HASSELL","Architectural Design: Nikken Sekkei,Landscape Design: HASSELL","上海徐泾万科天空之城商业综合体灯光，融合元气与自然的理念，通过精细的色温控制打造舒适活力的城市空间。The lighting of Shanghai Xujing Vanke UniCity blends the concept of vitality and nature, creating a comfortable and vibrant urban space through precise color temperature control.","上海,商业综合体,TOD项目,景观照明,室内灯光,照明设计方案",,,,,,
,50,shanghai-qiantan-taikoo-li,上海前滩太古里,Shanghai Qiantan Taikoo Li,上海,Shanghai,"购物中心,商业街区,高端零售","Shopping Mall,Commercial Block,High-end Retail",https://rdilighting.oss-cn-hongkong.aliyuncs.com/projects/shanghai-qiantan-taikoo-li/01.webp,aspect-[4/4] md:aspect-auto h-full min-h-[300px],md:col-span-1 md:row-span-2,2023,https://rdilighting.oss-cn-hongkong.aliyuncs.com/projects/shanghai-qiantan-taikoo-li/01.webp,胡国剑,Guojian Hu,"业主:陆家嘴集团,业主:太古地产,建筑设计:5+design","Client: Lujiazui Group,Client: Swire Properties,Architectural Design: 5+design",上海前滩太古里商业街区夜间照明，通过流线型外立面灯带与高端室内零售光环境，诠释奢华舒适的购物体验。The night lighting of Shanghai Qiantan Taikoo Li interprets a luxurious and comfortable shopping experience through streamlined facade light strips and high-end retail light environments.,"上海,购物中心,高端零售,商业街区,外立面照明,照明设计公司",,,,,,
,51,shanghai-top-xinlian,上海TOP芯联,Shanghai TOP Xinlian,上海,Shanghai,"产业园区,办公空间,公共建筑","Industrial Park,Office Space,Public Architecture",https://rdilighting.oss-cn-hongkong.aliyuncs.com/projects/shanghai-top-xinlian/01.webp,aspect-[4/4] md:aspect-auto h-full min-h-[300px],md:col-span-1 md:row-span-2,2024,https://rdilighting.oss-cn-hongkong.aliyuncs.com/projects/shanghai-top-xinlian/01.webp,胡国剑,Guojian Hu,"业主:临港集团,建筑设计:SOM","Client: Lingang Group,Architectural Design: SOM","上海TOP芯联产业园区公共照明，以现代简约的光影语言勾勒科技感十足的建筑群落，提升区域夜经济活力。The public lighting of Shanghai TOP Xinlian Industrial Park outlines a high-tech architectural complex with modern and minimalist light language, boosting regional night economy.","上海,产业园区,办公空间,公共建筑,外立面照明,灯光设计方案",,,,,,
,52,shanghai-star-museum,上海星美术馆,Shanghai Star Museum,上海,Shanghai,"文化地标,美术馆,展陈照明","Cultural Landmark,Art Museum,Exhibition Lighting",https://rdilighting.oss-cn-hongkong.aliyuncs.com/projects/shanghai-star-museum/01.webp,aspect-[4/4] md:aspect-auto h-full min-h-[300px],md:col-span-1 md:row-span-2,2022,https://rdilighting.oss-cn-hongkong.aliyuncs.com/projects/shanghai-star-museum/01.webp,胡国剑,Guojian Hu,建筑设计: 让·努维尔百事工作室,Architectural Design: Ateliers Jean Nouvel,上海星美术馆夜景与室内照明设计，通过专业级展陈灯光，完美平衡了工业遗存特色与现代极简艺术的视觉融合。The nightscape and indoor lighting of Shanghai Star Museum perfectly balance industrial heritage with modern minimalist art through professional exhibition lighting.,"上海,文化地标,美术馆,展陈照明,建筑外立面照明,照明设计公司",,,,,,
,53,shanghai-yuyuan-light-show,上海豫园商城月神纪光影秀,Shanghai Yuyuan Mall Moon God Light Show,上海,Shanghai,"商业空间,灯光秀,户外景观","Commercial Space,Light Show,Outdoor Landscape",https://rdilighting.oss-cn-hongkong.aliyuncs.com/projects/shanghai-yuyuan-light-show/01.webp,aspect-[4/4] md:aspect-auto h-full min-h-[300px],md:col-span-1 md:row-span-2,2023,https://rdilighting.oss-cn-hongkong.aliyuncs.com/projects/shanghai-yuyuan-light-show/01.webp,胡国剑,Guojian Hu,业主: 豫园股份,Client: Yuyuan Inc.,上海豫园商城月神纪光影秀，通过动态投影与灯光互动结合，打造出沉浸式的东方美学夜景体验，提升商业活力。The Moon God Light Show at Shanghai Yuyuan Mall creates an immersive oriental aesthetic night view through dynamic projection and lighting interaction.,"上海,商业街区,灯光秀,景观照明,互动装置,灯光设计方案",,,,,,
,54,shanghai-qiantan-taikoo-li-bridge,前滩太古里连桥互动灯光,Qiantan Taikoo Li Bridge Interactive Lighting,上海,Shanghai,"商业街区,桥梁景观,互动装置","Commercial Block,Bridge Landscape,Interactive Installation",https://rdilighting.oss-cn-hongkong.aliyuncs.com/projects/shanghai-qiantan-taikoo-li-bridge/01.webp,aspect-[4/4] md:aspect-auto h-full min-h-[300px],md:col-span-1 md:row-span-2,2023,https://rdilighting.oss-cn-hongkong.aliyuncs.com/projects/shanghai-qiantan-taikoo-li-bridge/01.webp,胡国剑,Guojian Hu,"业主: 太古地产,互动设计: bespoke","Client: Swire Properties,Interactive Design: bespoke",上海前滩太古里连桥的夜间互动灯光改造，通过动态光影感应捕捉行人步伐，实现商业空间中自然与科技的完美交融。The night interactive lighting renovation of Shanghai Qiantan Taikoo Li Bridge integrates nature and technology in commercial spaces by capturing pedestrians' steps with dynamic light.,"上海,商业空间,桥梁景观,互动灯光,景观照明,照明设计公司",,,,,,
,55,shenyang-santaizi-mixc,沈阳三台子万象汇光律之翼,Shenyang Santaizi MixC Rhythm Wings,沈阳,Shenyang,"商业空间,艺术装置,室内照明","Commercial Space,Art Installation,Indoor Lighting",https://rdilighting.oss-cn-hongkong.aliyuncs.com/projects/shenyang-santaizi-mixc/01.webp,aspect-[4/4] md:aspect-auto h-full min-h-[300px],md:col-span-1 md:row-span-2,2023,https://rdilighting.oss-cn-hongkong.aliyuncs.com/projects/shenyang-santaizi-mixc/01.webp,胡国剑,Guojian Hu,业主: 华润置地,Client: CR Land,沈阳三台子万象汇室内悬浮灯光装置“光律之翼”，通过动态风速实时数据控制灯光变化，打造科技感十足的中庭空间。The indoor suspended lighting installation Rhythm Wings at Shenyang Santaizi MixC creates a high-tech atrium space by controlling light changes with real-time wind speed data.,"沈阳,购物中心,室内照明,艺术装置,动态灯光,灯光设计公司",,,,,,
,56,chongqing-yongchuan-exhibition,重庆永川会展中心,Chongqing Yongchuan Exhibition Center,重庆,Chongqing,"公共建筑,会展中心,建筑外立面","Public Architecture,Exhibition Center,Facade",https://rdilighting.oss-cn-hongkong.aliyuncs.com/projects/chongqing-yongchuan-exhibition/01.webp,aspect-[4/4] md:aspect-auto h-full min-h-[300px],md:col-span-1 md:row-span-2,2024,https://rdilighting.oss-cn-hongkong.aliyuncs.com/projects/chongqing-yongchuan-exhibition/01.webp,胡国剑,Guojian Hu,"业主: 重庆市永川区新城建设发展有限公司,建筑设计: 同济大学建筑设计研究院,施工: 中交一公局集团有限公司","Client: Chongqing Yongchuan New City Construction Development Co. Ltd.,Architectural Design: TJAD,Construction: CFHEC",重庆永川会展中心的外立面照明，利用水墨画意境的动态线条光影表现巴蜀山水的自然变幻，彰显地标建筑魅力。The facade lighting of Chongqing Yongchuan Exhibition Center displays the natural changes of Bashu landscapes using dynamic line lights with an ink painting conception.,"重庆,公共建筑,会展中心,外立面照明,动态灯光,灯光设计方案",,,,,,
,57,beijing-lg-twin-towers,北京双子座大厦焕新,Beijing Twin Towers Renewal,北京,Beijing,"办公空间,城市更新,室内照明","Office Space,Urban Renewal,Indoor Lighting",https://rdilighting.oss-cn-hongkong.aliyuncs.com/projects/beijing-lg-twin-towers/01.webp,aspect-[4/4] md:aspect-auto h-full min-h-[300px],md:col-span-1 md:row-span-2,2023,https://rdilighting.oss-cn-hongkong.aliyuncs.com/projects/beijing-lg-twin-towers/01.webp,胡国剑,Guojian Hu,业主: GIC,Client: GIC,北京LG双子座城市更新项目的室内公共空间照明，通过仿自然光的天窗照明系统设计，带来舒适活力的前沿办公体验。The indoor public space lighting of the Beijing LG Twin Towers urban renewal project brings a comfortable and energetic cutting-edge office experience through a natural-light-imitating skylight system.,"北京,办公空间,城市更新,室内灯光,节能照明,照明设计公司",,,,,,
,58,wenzhou-hooca-art-museum,弘美术馆 HOOCA,HOOCA Art Museum,温州,Wenzhou,"文化建筑,美术馆,展陈照明","Cultural Architecture,Art Museum,Exhibition Lighting",https://rdilighting.oss-cn-hongkong.aliyuncs.com/projects/wenzhou-hooca-art-museum/01.webp,aspect-[4/4] md:aspect-auto h-full min-h-[300px],md:col-span-1 md:row-span-2,2023,https://rdilighting.oss-cn-hongkong.aliyuncs.com/projects/wenzhou-hooca-art-museum/01.webp,胡国剑,Guojian Hu,业主: 弘美术馆,Client: HOOCA Art Museum,弘美术馆室内展陈照明设计，通过专业级防眩光与精准配光，为当代艺术展览提供沉浸式的优质观展环境。The indoor exhibition lighting design of HOOCA Art Museum provides an immersive and high-quality viewing environment for contemporary art exhibitions through professional anti-glare and precise light distribution.,"温州,文化地标,美术馆,展陈照明,室内灯光设计,照明设计方案",,,,,,
,59,shanghai-jingan-sculpture-park,上海静安雕塑公园,Shanghai Jing'an Sculpture Park,上海,Shanghai,"户外景观,城市公园,景观照明","Outdoor Landscape,Urban Park,Landscape Lighting",https://rdilighting.oss-cn-hongkong.aliyuncs.com/projects/shanghai-jingan-sculpture-park/01.webp,aspect-[4/4] md:aspect-auto h-full min-h-[300px],md:col-span-1 md:row-span-2,2023,https://rdilighting.oss-cn-hongkong.aliyuncs.com/projects/shanghai-jingan-sculpture-park/01.webp,胡国剑,Guojian Hu,业主: 上海市静安区绿化和市容管理局,Client: Shanghai Jing'an District Greening and City Appearance Management Bureau,上海静安雕塑公园的夜间景观照明设计，通过柔和的灯光完美勾勒出艺术雕塑与自然生态的和谐共生关系。The nighttime landscape lighting design of Shanghai Jing'an Sculpture Park perfectly outlines the harmonious coexistence of art sculptures and natural ecology through soft lighting.,"上海,公共空间,城市公园,景观照明,雕塑照明,照明设计公司",,,,,,
,60,shanghai-mim-club,上海 MiM Club,Shanghai MiM Club,上海,Shanghai,"商业空间,娱乐空间,室内照明","Commercial Space,Entertainment Space,Indoor Lighting",https://rdilighting.oss-cn-hongkong.aliyuncs.com/projects/shanghai-mim-club/01.webp,aspect-[4/4] md:aspect-auto h-full min-h-[300px],md:col-span-1 md:row-span-2,2023,https://rdilighting.oss-cn-hongkong.aliyuncs.com/projects/shanghai-mim-club/01.webp,胡国剑,Guojian Hu,业主: MiM,Client: MiM,MiM酒吧的室内氛围照明设计，运用极具未来感的矩阵灯光与动态视觉特效，打造充满活力的沉浸式夜生活体验。The indoor ambient lighting design of MiM Club uses highly futuristic matrix lights and dynamic visual effects to create an energetic immersive nightlife experience.,"上海,商业空间,酒吧照明,室内灯光,氛围灯光,灯光设计方案",,,,,,
,61,beijing-chaowai-street,北京朝外大街节日氛围灯光,Beijing Chaowai Street Festive Lighting,北京,Beijing,"商业街区,节日灯光,户外景观","Commercial Block,Festive Lighting,Outdoor Landscape",https://rdilighting.oss-cn-hongkong.aliyuncs.com/projects/beijing-chaowai-street/01.webp,aspect-[4/4] md:aspect-auto h-full min-h-[300px],md:col-span-1 md:row-span-2,2024,https://rdilighting.oss-cn-hongkong.aliyuncs.com/projects/beijing-chaowai-street/01.webp,胡国剑,Guojian Hu,建筑设计: Aedas,Architectural Design: Aedas,北京朝外大街春节节日氛围灯光设计，以中国龙为核心视觉元素结合现代灯带，为商业街区注入浓厚的传统年味。The Spring Festival festive ambient lighting design of Beijing Chaowai Street injects a strong traditional New Year flavor into the commercial block with the Chinese dragon as the core visual element combined with modern light strips.,"北京,商业街区,节日灯光,景观照明,氛围灯光,照明设计公司",,,,,,
,62,shanghai-west-bund-dream-center,上海西岸梦中心光影装置,Shanghai West Bund Dream Center Light Installation,上海,Shanghai,"公共空间,光影装置,户外景观","Public Space,Light Installation,Outdoor Landscape",https://rdilighting.oss-cn-hongkong.aliyuncs.com/projects/shanghai-west-bund-dream-center/01.webp,aspect-[4/4] md:aspect-auto h-full min-h-[300px],md:col-span-1 md:row-span-2,2024,https://rdilighting.oss-cn-hongkong.aliyuncs.com/projects/shanghai-west-bund-dream-center/01.webp,胡国剑,Guojian Hu,业主: 上海国际光影节,Client: Shanghai International Light Festival,上海国际光影节西岸梦中心的光影艺术装置，通过大型投影与建筑结合演绎城市工业遗存的华丽蜕变与新生。The light and shadow art installation at West Bund Dream Center for the Shanghai International Light Festival interprets the gorgeous transformation and rebirth of the city's industrial heritage through a combination of large-scale projection and architecture.,"上海,城市广场,光影秀,艺术装置,景观照明,照明设计方案",,,,,,
,63,nanjing-deji-art-museum,南京德基艺术博物馆,Nanjing Deji Art Museum,南京,Nanjing,"文化建筑,美术馆,展陈照明","Cultural Architecture,Art Museum,Exhibition Lighting",https://rdilighting.oss-cn-hongkong.aliyuncs.com/projects/nanjing-deji-art-museum/01.webp,aspect-[4/4] md:aspect-auto h-full min-h-[300px],md:col-span-1 md:row-span-2,2023,https://rdilighting.oss-cn-hongkong.aliyuncs.com/projects/nanjing-deji-art-museum/01.webp,胡国剑,Guojian Hu,业主: 德基广场,Client: Deji Plaza,南京德基艺术博物馆室内展陈照明设计，凭借精准的光学控制，为顶级特展提供了层次丰富且高度还原的光环境保障。The indoor exhibition lighting design of Nanjing Deji Art Museum provides a rich and highly restorative optical environment for top special exhibitions through precise optical control.,"南京,文化地标,美术馆,展陈照明,室内灯光设计,灯光设计公司",,,,,,
,64,suzhou-xiangcheng-commercial,苏州相城活力商业综合体,Suzhou Xiangcheng Vitality Commercial Complex,苏州,Suzhou,"商业空间,购物中心,外立面照明","Commercial Space,Shopping Mall,Facade Lighting",https://rdilighting.oss-cn-hongkong.aliyuncs.com/projects/suzhou-xiangcheng-commercial/01.webp,aspect-[4/4] md:aspect-auto h-full min-h-[300px],md:col-span-1 md:row-span-2,2024,https://rdilighting.oss-cn-hongkong.aliyuncs.com/projects/suzhou-xiangcheng-commercial/01.webp,胡国剑,Guojian Hu,"业主: 苏州建融商业有限公司,建筑设计: 上海水石建筑规划设计,幕墙设计: 上海易立幕墙","Client: Suzhou Jianrong Commercial Co. Ltd.,Architectural Design: SHUISHI,Facade Design: Shanghai Yili Facade",苏州相城商业综合体项目外立面照明，提取水乡涟漪概念，运用动态RGBW线条灯光勾勒出现代时尚的商业夜景地标。The facade lighting of the Suzhou Xiangcheng commercial complex extracts the concept of water ripples and uses dynamic RGBW linear lights to outline a modern and fashionable commercial nightscape landmark.,"苏州,商业空间,购物中心,建筑外立面照明,动态灯光,照明设计公司",,,,,,
,65,shanghai-chuansha-cr-land,上海川沙华润展示区,Shanghai Chuansha CR Land Exhibition Area,上海,Shanghai,"住宅空间,展示区,景观照明","Residential Space,Exhibition Area,Landscape Lighting",https://rdilighting.oss-cn-hongkong.aliyuncs.com/projects/shanghai-chuansha-cr-land/01.webp,aspect-[4/4] md:aspect-auto h-full min-h-[300px],md:col-span-1 md:row-span-2,2023,https://rdilighting.oss-cn-hongkong.aliyuncs.com/projects/shanghai-chuansha-cr-land/01.webp,胡国剑,Guojian Hu,业主: 华润置地,Client: CR Land,上海川沙华润展示区夜间景观与室内照明设计，利用温润的洗墙灯与重点照明，打造诗意而舒适的高端人居环境。The nighttime landscape and indoor lighting design of Shanghai Chuansha CR Land Exhibition Area uses warm wall washers and accent lighting to create a poetic and comfortable high-end living environment.,"上海,住宅空间,展示区,景观照明,室内灯光,灯光设计方案",,,,,,
,66,hangzhou-cr-land-center-h23,华润杭州中心高端公寓,CR Land Hangzhou Center High-end Apartment,杭州,Hangzhou,"商业综合体,高端公寓,室内照明","Commercial Complex,High-end Apartment,Indoor Lighting",https://rdilighting.oss-cn-hongkong.aliyuncs.com/projects/hangzhou-cr-land-center-h23/01.webp,aspect-[4/4] md:aspect-auto h-full min-h-[300px],md:col-span-1 md:row-span-2,2023,https://rdilighting.oss-cn-hongkong.aliyuncs.com/projects/hangzhou-cr-land-center-h23/01.webp,胡国剑,Guojian Hu,业主: 华润置地,Client: CR Land,华润杭州中心高端双塔公寓的室内空间照明设计，通过防眩光隐形筒灯与间接照明，营造出奢华舒适的高级居住空间氛围。The indoor lighting design of the CR Land Hangzhou Center high-end twin-tower apartments creates a luxurious and comfortable premium living space atmosphere through anti-glare invisible downlights and indirect lighting.,"杭州,商业综合体,住宅公寓,室内照明,高端住宅,照明设计公司",,,,,,
,67,shanghai-taopu-top,上海桃浦TOP智创城,Shanghai Taopu TOP Smart City,上海,Shanghai,"商业街区,产业园区,外立面照明","Commercial Block,Industrial Park,Facade Lighting",https://rdilighting.oss-cn-hongkong.aliyuncs.com/projects/shanghai-taopu-top/01.webp,aspect-[4/4] md:aspect-auto h-full min-h-[300px],md:col-span-1 md:row-span-2,2023,https://rdilighting.oss-cn-hongkong.aliyuncs.com/projects/shanghai-taopu-top/01.webp,胡国剑,Guojian Hu,业主: 临港集团,Client: Lingang Group,上海桃浦TOP智创城的商业外立面照明，巧妙融合新海派石库门元素与现代光影技术，打造极具海派活力的街区夜景。The commercial facade lighting of Shanghai Taopu TOP Smart City cleverly integrates neo-Shanghai Shikumen elements with modern light and shadow technology to create a highly vibrant Shanghai-style block nightscape.,"上海,产业园区,商业街区,外立面照明,景观灯光,灯光设计方案",,,,,,
,68,shenzhen-c-future-city,深圳中洲湾 C Future City,Shenzhen C Future City,深圳,Shenzhen,"商业综合体,购物中心,户外景观","Commercial Complex,Shopping Mall,Outdoor Landscape",https://rdilighting.oss-cn-hongkong.aliyuncs.com/projects/shenzhen-c-future-city/01.webp,aspect-[4/4] md:aspect-auto h-full min-h-[300px],md:col-span-1 md:row-span-2,2022,https://rdilighting.oss-cn-hongkong.aliyuncs.com/projects/shenzhen-c-future-city/01.webp,胡国剑,Guojian Hu,建筑设计: Aedas,Architectural Design: Aedas,"深圳中洲湾C Future City商业综合体的外立面与景观照明设计，灯光完美融合前沿科技感与自然元素，点亮城市地标。The facade and landscape lighting design of Shenzhen C Future City commercial complex perfectly blends cutting-edge technological sense and natural elements, lighting up the urban landmark.","深圳,商业空间,购物中心,外立面照明,景观灯光设计,照明设计公司",,,,,,
,69,shanghai-nanjing-west-road,上海南京西路灯光焕新,Shanghai Nanjing West Road Lighting Renewal,上海,Shanghai,"城市街道,历史建筑,节日灯光","Urban Street,Historical Building,Festive Lighting",https://rdilighting.oss-cn-hongkong.aliyuncs.com/projects/shanghai-nanjing-west-road/01.webp,aspect-[4/4] md:aspect-auto h-full min-h-[300px],md:col-span-1 md:row-span-2,2024,https://rdilighting.oss-cn-hongkong.aliyuncs.com/projects/shanghai-nanjing-west-road/01.webp,胡国剑,Guojian Hu,业主: 上海市静安区政府,Client: Shanghai Jing'an District Government,上海南京西路节日氛围灯光与历保建筑照明更新，运用全息动态水纹等创新技术，呈现迷人且赋有历史厚度的街道夜景。The festive ambient lighting and historic building lighting renewal of West Nanjing Road in Shanghai uses innovative technologies such as holographic dynamic water ripples to present a charming street nightscape with historical depth.,"上海,商业街区,节日灯光,历史建筑,外立面照明,灯光设计方案",,,,,,
,70,shanghai-jay-chou-exhibition,“艺起杰作”艺术展,"""Artistes"" Art Exhibition",上海,Shanghai,"艺术展览,临时展陈,室内照明","Art Exhibition,Temporary Exhibition,Indoor Lighting",https://rdilighting.oss-cn-hongkong.aliyuncs.com/projects/shanghai-jay-chou-exhibition/01.webp,aspect-[4/4] md:aspect-auto h-full min-h-[300px],md:col-span-1 md:row-span-2,2023,https://rdilighting.oss-cn-hongkong.aliyuncs.com/projects/shanghai-jay-chou-exhibition/01.webp,胡国剑,Guojian Hu,策展单位: 锦和,Curator: Jinhe,周杰伦“艺起杰作”上海艺术展室内照明设计，通过精准专业的灯光布置完美衬托出当代艺术画作与跨界装置的视觉细节。The indoor lighting design for Jay Chou's 'Artistes' Shanghai art exhibition perfectly highlights the visual details of contemporary art paintings and crossover installations through precise and professional lighting layout.,"上海,文化地标,艺术展览,展陈照明,室内灯光设计,照明设计公司",,,,,,
,71,suzhou-jianfa-langyun,苏州建发朗云,Suzhou Jianfa Langyun,苏州,Suzhou,"住宅空间,景观照明,展示区","Residential Space,Landscape Lighting,Exhibition Area",https://rdilighting.oss-cn-hongkong.aliyuncs.com/projects/suzhou-jianfa-langyun/01.webp,aspect-[4/4] md:aspect-auto h-full min-h-[300px],md:col-span-1 md:row-span-2,2024,https://rdilighting.oss-cn-hongkong.aliyuncs.com/projects/suzhou-jianfa-langyun/01.webp,胡国剑,Guojian Hu,"业主: 建发房产,建筑设计: 柏涛建筑,景观设计: 邦景园林,室内设计: 邱德光设计","Client: C&D Real Estate,Architectural Design: PTArchitects,Landscape Design: Bangjing Landscape,Interior Design: TK Chu Design","苏州建发朗云展示区夜间景观与室内照明，将江南古典园林韵味与现代奢华灯光完美结合，呈现诗意高雅的高端居住环境。The nighttime landscape and indoor lighting of Suzhou Jianfa Langyun exhibition area perfectly combine the charm of Jiangnan classical gardens with modern luxury lighting, presenting a poetic and elegant high-end living environment.","苏州,住宅空间,景观照明,展示区灯光,室内照明设计,灯光设计方案",,,,,,
,72,shenzhen-mad-flow-exhibition,“流动：马岩松”MAD大展,"""Flow: Ma Yansong"" MAD Exhibition",深圳,Shenzhen,"艺术展览,美术馆,室内照明","Art Exhibition,Art Museum,Indoor Lighting",https://rdilighting.oss-cn-hongkong.aliyuncs.com/projects/shenzhen-mad-flow-exhibition/01.webp,aspect-[4/4] md:aspect-auto h-full min-h-[300px],md:col-span-1 md:row-span-2,2023,https://rdilighting.oss-cn-hongkong.aliyuncs.com/projects/shenzhen-mad-flow-exhibition/01.webp,胡国剑,Guojian Hu,"业主: 深圳市当代艺术与城市规划馆,建筑设计: MAD建筑事务所","Client: Shenzhen MOCAUP,Architectural Design: MAD Architects",MAD建筑事务所“流动：马岩松”展览灯光设计，在深圳市当代艺术馆以纯粹的布光语言极致突显流线型建筑模型与展品。The lighting design for MAD Architects' 'Flow: Ma Yansong' exhibition extremely highlights the streamlined architectural models and exhibits with pure lighting language in Shenzhen MOCAUP.,"深圳,文化建筑,艺术展览,展陈照明,室内灯光设计,照明设计公司",,,,,,
,73,taizhou-taizhou-mixc,泰州华润万象城,Taizhou MixC,泰州,Taizhou,"商业空间, 购物中心, 建筑立面","Commercial Space, Shopping Mall, Facade Lighting",https://rdilighting.oss-cn-hongkong.aliyuncs.com/projects/taizhou-taizhou-mixc/01.webp,aspect-[4/4] md:aspect-auto h-full min-h-[300px],md:col-span-1 md:row-span-2,2021,https://rdilighting.oss-cn-hongkong.aliyuncs.com/projects/taizhou-taizhou-mixc/01.webp,胡国剑,Guojian Hu,建筑设计: Aedas,Architecture: Aedas,"泰州华润万象城照明设计方案展示。商业空间, 购物中心, 建筑立面，为您呈现专业的灯光视觉体验。优质的泰州照明设计公司案例。","泰州, 泰州华润万象城, 照明设计, 灯光设计, 商业空间, 购物中心, 建筑立面, 专业灯光方案",,,,,,
,74,beijing-fengtai-joy-breeze,北京丰台大悦春风里,Beijing Fengtai Joy Breeze,北京,Beijing,"商业空间, 购物中心, 景观照明","Commercial Space, Shopping Mall, Landscape Lighting",https://rdilighting.oss-cn-hongkong.aliyuncs.com/projects/beijing-fengtai-joy-breeze/01.webp,aspect-[4/4] md:aspect-auto h-full min-h-[300px],md:col-span-1 md:row-span-2,2021,https://rdilighting.oss-cn-hongkong.aliyuncs.com/projects/beijing-fengtai-joy-breeze/01.webp,胡国剑,Guojian Hu,建筑设计: 5+ Design,Architecture: 5+ Design,"北京丰台大悦春风里照明设计方案展示。商业空间, 购物中心, 景观照明，为您呈现专业的灯光视觉体验。优质的北京照明设计公司案例。","北京, 北京丰台大悦春风里, 照明设计, 灯光设计, 商业空间, 购物中心, 景观照明, 专业灯光方案",,,,,,
,75,nanchang-vanke-times-of-light,南昌万科时代之光,Nanchang Vanke Times of Light,南昌,Nanchang,"商业空间, 综合体, 建筑外立面","Commercial Space, Mixed-use, Facade Lighting",https://rdilighting.oss-cn-hongkong.aliyuncs.com/projects/nanchang-vanke-times-of-light/01.webp,aspect-[4/4] md:aspect-auto h-full min-h-[300px],md:col-span-1 md:row-span-2,2021,https://rdilighting.oss-cn-hongkong.aliyuncs.com/projects/nanchang-vanke-times-of-light/01.webp,胡国剑,Guojian Hu,建筑设计: 森摩建筑,Architecture: Woods Bagot,"南昌万科时代之光照明设计方案展示。商业空间, 综合体, 建筑外立面，为您呈现专业的灯光视觉体验。优质的南昌照明设计公司案例。","南昌, 南昌万科时代之光, 照明设计, 灯光设计, 商业空间, 综合体, 建筑外立面, 专业灯光方案",,,,,,
,76,nanjing-heimoying,南京黑墨营,Nanjing Heimoying,南京,Nanjing,"文化建筑, 城市更新, 景观照明","Cultural Building, Urban Renewal, Landscape Lighting",https://rdilighting.oss-cn-hongkong.aliyuncs.com/projects/nanjing-heimoying/01.webp,aspect-[4/4] md:aspect-auto h-full min-h-[300px],md:col-span-1 md:row-span-2,2022,https://rdilighting.oss-cn-hongkong.aliyuncs.com/projects/nanjing-heimoying/01.webp,胡国剑,Guojian Hu,业主: 南京玄武文化旅游,Client: Nanjing Xuanwu Culture and Tourism,"南京黑墨营照明设计方案展示。文化建筑, 城市更新, 景观照明，为您呈现专业的灯光视觉体验。优质的南京照明设计公司案例。","南京, 南京黑墨营, 照明设计, 灯光设计, 文化建筑, 城市更新, 景观照明, 专业灯光方案",,,,,,
,77,wuhan-wuhan-jinmao-fangdao-exhibition-center,武汉金茂方岛示范区,Wuhan Jinmao Fangdao Exhibition Center,武汉,Wuhan,"展示中心, 体验空间, 建筑照明","Exhibition Center, Experience Space, Architectural Lighting",https://rdilighting.oss-cn-hongkong.aliyuncs.com/projects/wuhan-wuhan-jinmao-fangdao-exhibition-center/01.webp,aspect-[4/4] md:aspect-auto h-full min-h-[300px],md:col-span-1 md:row-span-2,2022,https://rdilighting.oss-cn-hongkong.aliyuncs.com/projects/wuhan-wuhan-jinmao-fangdao-exhibition-center/01.webp,胡国剑,Guojian Hu,业主: 中国金茂,Client: China Jinmao,"武汉金茂方岛示范区照明设计方案展示。展示中心, 体验空间, 建筑照明，为您呈现专业的灯光视觉体验。优质的武汉照明设计公司案例。","武汉, 武汉金茂方岛示范区, 照明设计, 灯光设计, 展示中心, 体验空间, 建筑照明, 专业灯光方案",,,,,,
,78,venice-biennale-chinese-pavilion,威尼斯双年展中国馆,Venice Biennale Chinese Pavilion,威尼斯,Venice,"艺术展览, 文化空间, 室内照明","Art Exhibition, Cultural Space, Indoor Lighting",https://rdilighting.oss-cn-hongkong.aliyuncs.com/projects/venice-biennale-chinese-pavilion/01.webp,aspect-[4/4] md:aspect-auto h-full min-h-[300px],md:col-span-1 md:row-span-2,2022,https://rdilighting.oss-cn-hongkong.aliyuncs.com/projects/venice-biennale-chinese-pavilion/01.webp,胡国剑,Guojian Hu,策展人: 张子康,Curator: Zhang Zikang,"威尼斯双年展中国馆照明设计方案展示。艺术展览, 文化空间, 室内照明，为您呈现专业的灯光视觉体验。优质的威尼斯照明设计公司案例。","威尼斯, 威尼斯双年展中国馆, 照明设计, 灯光设计, 艺术展览, 文化空间, 室内照明, 专业灯光方案",,,,,,
,79,xiamen-powerlong-one-mall,厦门宝龙一城,Xiamen Powerlong One Mall,厦门,Xiamen,"商业空间, 购物中心, 室内外照明","Commercial Space, Shopping Mall, Indoor and Outdoor Lighting",https://rdilighting.oss-cn-hongkong.aliyuncs.com/projects/xiamen-powerlong-one-mall/01.webp,aspect-[4/4] md:aspect-auto h-full min-h-[300px],md:col-span-1 md:row-span-2,2021,https://rdilighting.oss-cn-hongkong.aliyuncs.com/projects/xiamen-powerlong-one-mall/01.webp,胡国剑,Guojian Hu,业主: 宝龙地产,Client: Powerlong Real Estate,"厦门宝龙一城照明设计方案展示。商业空间, 购物中心, 室内外照明，为您呈现专业的灯光视觉体验。优质的厦门照明设计公司案例。","厦门, 厦门宝龙一城, 照明设计, 灯光设计, 商业空间, 购物中心, 室内外照明, 专业灯光方案",,,,,,
,80,beijing-798-song-art-museum,北京798颂美术馆,Beijing 798 Song Art Museum,北京,Beijing,"美术馆, 文化空间, 室内照明","Art Museum, Cultural Space, Indoor Lighting",https://rdilighting.oss-cn-hongkong.aliyuncs.com/projects/beijing-798-song-art-museum/01.webp,aspect-[4/4] md:aspect-auto h-full min-h-[300px],md:col-span-1 md:row-span-2,2022,https://rdilighting.oss-cn-hongkong.aliyuncs.com/projects/beijing-798-song-art-museum/01.webp,胡国剑,Guojian Hu,室内设计: TEMP,Interior Design: TEMP,"北京798颂美术馆照明设计方案展示。美术馆, 文化空间, 室内照明，为您呈现专业的灯光视觉体验。优质的北京照明设计公司案例。","北京, 北京798颂美术馆, 照明设计, 灯光设计, 美术馆, 文化空间, 室内照明, 专业灯光方案",,,,,,
,81,weihai-weihai-gemdale-huafa-fengfan-exhibition-center,威海金地华发·峯范展示中心,Weihai Gemdale Huafa Fengfan Exhibition Center,威海,Weihai,"展示中心, 体验空间, 室内照明","Exhibition Center, Experience Space, Indoor Lighting",https://rdilighting.oss-cn-hongkong.aliyuncs.com/projects/weihai-weihai-gemdale-huafa-fengfan-exhibition-center/01.webp,aspect-[4/4] md:aspect-auto h-full min-h-[300px],md:col-span-1 md:row-span-2,2021,https://rdilighting.oss-cn-hongkong.aliyuncs.com/projects/weihai-weihai-gemdale-huafa-fengfan-exhibition-center/01.webp,胡国剑,Guojian Hu,业主: 金地集团,Client: Gemdale Group,"威海金地华发·峯范展示中心照明设计方案展示。展示中心, 体验空间, 室内照明，为您呈现专业的灯光视觉体验。优质的威海照明设计公司案例。","威海, 威海金地华发·峯范展示中心, 照明设计, 灯光设计, 展示中心, 体验空间, 室内照明, 专业灯光方案",,,,,,
,82,jiaxing-mixc-lake-west-exhibition-center,嘉兴华润秀湖西示范区,Jiaxing MixC Lake West Exhibition Center,嘉兴,Jiaxing,"展示中心, 体验空间, 景观照明","Exhibition Center, Experience Space, Landscape Lighting",https://rdilighting.oss-cn-hongkong.aliyuncs.com/projects/jiaxing-mixc-lake-west-exhibition-center/01.webp,aspect-[4/4] md:aspect-auto h-full min-h-[300px],md:col-span-1 md:row-span-2,2022,https://rdilighting.oss-cn-hongkong.aliyuncs.com/projects/jiaxing-mixc-lake-west-exhibition-center/01.webp,胡国剑,Guojian Hu,业主: 华润置地,Client: CR Land,"嘉兴华润秀湖西示范区照明设计方案展示。展示中心, 体验空间, 景观照明，为您呈现专业的灯光视觉体验。优质的嘉兴照明设计公司案例。","嘉兴, 嘉兴华润秀湖西示范区, 照明设计, 灯光设计, 展示中心, 体验空间, 景观照明, 专业灯光方案",,,,,,
,83,shanghai-hero-center-taopu-smart-city,上海英雄天地桃浦智创城,Shanghai Hero Center Taopu Smart City,上海,Shanghai,"办公空间, 产业园, 建筑照明","Office Space, Industrial Park, Architectural Lighting",https://rdilighting.oss-cn-hongkong.aliyuncs.com/projects/shanghai-hero-center-taopu-smart-city/01.webp,aspect-[4/4] md:aspect-auto h-full min-h-[300px],md:col-span-1 md:row-span-2,2022,https://rdilighting.oss-cn-hongkong.aliyuncs.com/projects/shanghai-hero-center-taopu-smart-city/01.webp,胡国剑,Guojian Hu,建筑设计: Ennead Architects,Architecture: Ennead Architects,"上海英雄天地桃浦智创城照明设计方案展示。办公空间, 产业园, 建筑照明，为您呈现专业的灯光视觉体验。优质的上海照明设计公司案例。","上海, 上海英雄天地桃浦智创城, 照明设计, 灯光设计, 办公空间, 产业园, 建筑照明, 专业灯光方案",,,,,,
,84,fuzhou-jianfa-manyun-exhibition-center,建发·缦云示范区,Jianfa Manyun Exhibition Center,福州,Fuzhou,"展示中心, 体验空间, 景观照明","Exhibition Center, Experience Space, Landscape Lighting",https://rdilighting.oss-cn-hongkong.aliyuncs.com/projects/fuzhou-jianfa-manyun-exhibition-center/01.webp,aspect-[4/4] md:aspect-auto h-full min-h-[300px],md:col-span-1 md:row-span-2,2022,https://rdilighting.oss-cn-hongkong.aliyuncs.com/projects/fuzhou-jianfa-manyun-exhibition-center/01.webp,胡国剑,Guojian Hu,业主: 建发房产,Client: C&D Real Estate,"建发·缦云示范区照明设计方案展示。展示中心, 体验空间, 景观照明，为您呈现专业的灯光视觉体验。优质的福州照明设计公司案例。","福州, 建发·缦云示范区, 照明设计, 灯光设计, 展示中心, 体验空间, 景观照明, 专业灯光方案",,,,,,
,85,shanghai-cifi-tower,上海旭辉企业大厦,Shanghai CIFI Tower,上海,Shanghai,"办公空间, 商业综合体, 建筑外立面","Office Space, Commercial Complex, Facade Lighting",https://rdilighting.oss-cn-hongkong.aliyuncs.com/projects/shanghai-cifi-tower/01.webp,aspect-[4/4] md:aspect-auto h-full min-h-[300px],md:col-span-1 md:row-span-2,2022,https://rdilighting.oss-cn-hongkong.aliyuncs.com/projects/shanghai-cifi-tower/01.webp,胡国剑,Guojian Hu,业主: 旭辉集团,Client: CIFI Group,"上海旭辉企业大厦照明设计方案展示。办公空间, 商业综合体, 建筑外立面，为您呈现专业的灯光视觉体验。优质的上海照明设计公司案例。","上海, 上海旭辉企业大厦, 照明设计, 灯光设计, 办公空间, 商业综合体, 建筑外立面, 专业灯光方案",,,,,,
,86,shenzhen-oct-commercial-project,华侨城商业项目,OCT Commercial Project,深圳,Shenzhen,"商业空间, 购物中心, 室内外照明","Commercial Space, Shopping Mall, Indoor and Outdoor Lighting",https://rdilighting.oss-cn-hongkong.aliyuncs.com/projects/shenzhen-oct-commercial-project/01.webp,aspect-[4/4] md:aspect-auto h-full min-h-[300px],md:col-span-1 md:row-span-2,2022,https://rdilighting.oss-cn-hongkong.aliyuncs.com/projects/shenzhen-oct-commercial-project/01.webp,胡国剑,Guojian Hu,业主: 华侨城,Client: OCT Group,"华侨城商业项目照明设计方案展示。商业空间, 购物中心, 室内外照明，为您呈现专业的灯光视觉体验。优质的深圳照明设计公司案例。","深圳, 华侨城商业项目, 照明设计, 灯光设计, 商业空间, 购物中心, 室内外照明, 专业灯光方案",,,,,,
,87,guangzhou-yuexiu-commercial-complex,广州越秀商业综合体,Guangzhou Yuexiu Commercial Complex,广州,Guangzhou,"商业空间, 综合体, 景观照明","Commercial Space, Mixed-use, Landscape Lighting",https://rdilighting.oss-cn-hongkong.aliyuncs.com/projects/guangzhou-yuexiu-commercial-complex/01.webp,aspect-[4/4] md:aspect-auto h-full min-h-[300px],md:col-span-1 md:row-span-2,2022,https://rdilighting.oss-cn-hongkong.aliyuncs.com/projects/guangzhou-yuexiu-commercial-complex/01.webp,胡国剑,Guojian Hu,业主: 越秀地产,Client: Yuexiu Property,"广州越秀商业综合体照明设计方案展示。商业空间, 综合体, 景观照明，为您呈现专业的灯光视觉体验。优质的广州照明设计公司案例。","广州, 广州越秀商业综合体, 照明设计, 灯光设计, 商业空间, 综合体, 景观照明, 专业灯光方案",,,,,,
,88,shanghai-citic-square,上海中信泰富广场,Shanghai CITIC Square,上海,Shanghai,"商业空间, 购物中心, 室内照明","Commercial Space, Shopping Mall, Indoor Lighting",https://rdilighting.oss-cn-hongkong.aliyuncs.com/projects/shanghai-citic-square/01.webp,aspect-[4/4] md:aspect-auto h-full min-h-[300px],md:col-span-1 md:row-span-2,2021,https://rdilighting.oss-cn-hongkong.aliyuncs.com/projects/shanghai-citic-square/01.webp,胡国剑,Guojian Hu,建筑设计: KOKAI Studios,Architecture: KOKAI Studios,"上海中信泰富广场照明设计方案展示。商业空间, 购物中心, 室内照明，为您呈现专业的灯光视觉体验。优质的上海照明设计公司案例。","上海, 上海中信泰富广场, 照明设计, 灯光设计, 商业空间, 购物中心, 室内照明, 专业灯光方案",,,,,,
,89,shanghai-chuangjing-technology-center,上海创晶科技城,Shanghai Chuangjing Technology Center,上海,Shanghai,"办公空间, 产业园, 建筑照明","Office Space, Industrial Park, Architectural Lighting",https://rdilighting.oss-cn-hongkong.aliyuncs.com/projects/shanghai-chuangjing-technology-center/01.webp,aspect-[4/4] md:aspect-auto h-full min-h-[300px],md:col-span-1 md:row-span-2,2021,https://rdilighting.oss-cn-hongkong.aliyuncs.com/projects/shanghai-chuangjing-technology-center/01.webp,胡国剑,Guojian Hu,业主: 临港集团,Client: Lingang Group,"上海创晶科技城照明设计方案展示。办公空间, 产业园, 建筑照明，为您呈现专业的灯光视觉体验。优质的上海照明设计公司案例。","上海, 上海创晶科技城, 照明设计, 灯光设计, 办公空间, 产业园, 建筑照明, 专业灯光方案",,,,,,
,90,shanghai-xintiandi-x-pulse-art-installation,上海新天地 X PULSE 艺术装置,Shanghai Xintiandi X PULSE Art Installation,上海,Shanghai,"艺术装置, 创意互动, 公共空间","Art Installation, Interactive, Public Space",https://rdilighting.oss-cn-hongkong.aliyuncs.com/projects/shanghai-xintiandi-x-pulse-art-installation/01.webp,aspect-[4/4] md:aspect-auto h-full min-h-[300px],md:col-span-1 md:row-span-2,2022,https://rdilighting.oss-cn-hongkong.aliyuncs.com/projects/shanghai-xintiandi-x-pulse-art-installation/01.webp,胡国剑,Guojian Hu,合作艺术机构: atelier DYML,Art Institution: atelier DYML,"上海新天地 X PULSE 艺术装置照明设计方案展示。艺术装置, 创意互动, 公共空间，为您呈现专业的灯光视觉体验。优质的上海照明设计公司案例。","上海, 上海新天地 X PULSE 艺术装置, 照明设计, 灯光设计, 艺术装置, 创意互动, 公共空间, 专业灯光方案",,,,,,
,91,shenzhen-fusion-gym-donghai,深圳 FUSION GYM 东海店,Shenzhen FUSION GYM Donghai,深圳,Shenzhen,"商业空间, 健身房, 室内照明","Commercial Space, Gym, Indoor Lighting",https://rdilighting.oss-cn-hongkong.aliyuncs.com/projects/shenzhen-fusion-gym-donghai/01.webp,aspect-[4/4] md:aspect-auto h-full min-h-[300px],md:col-span-1 md:row-span-2,2022,https://rdilighting.oss-cn-hongkong.aliyuncs.com/projects/shenzhen-fusion-gym-donghai/01.webp,胡国剑,Guojian Hu,室内设计: IOD 建筑设计,Interior Design: IOD Architects,"深圳 FUSION GYM 东海店照明设计方案展示。商业空间, 健身房, 室内照明，为您呈现专业的灯光视觉体验。优质的深圳照明设计公司案例。","深圳, 深圳 FUSION GYM 东海店, 照明设计, 灯光设计, 商业空间, 健身房, 室内照明, 专业灯光方案",,,,,,
,92,shenzhen-fusion-gym-one-avenue,深圳 FUSION GYM 卓悦中心店,Shenzhen FUSION GYM One Avenue,深圳,Shenzhen,"商业空间, 健身房, 室内照明","Commercial Space, Gym, Indoor Lighting",https://rdilighting.oss-cn-hongkong.aliyuncs.com/projects/shenzhen-fusion-gym-one-avenue/01.webp,aspect-[4/4] md:aspect-auto h-full min-h-[300px],md:col-span-1 md:row-span-2,2022,https://rdilighting.oss-cn-hongkong.aliyuncs.com/projects/shenzhen-fusion-gym-one-avenue/01.webp,胡国剑,Guojian Hu,室内设计: IOD 建筑设计,Interior Design: IOD Architects,"深圳 FUSION GYM 卓悦中心店照明设计方案展示。商业空间, 健身房, 室内照明，为您呈现专业的灯光视觉体验。优质的深圳照明设计公司案例。","深圳, 深圳 FUSION GYM 卓悦中心店, 照明设计, 灯光设计, 商业空间, 健身房, 室内照明, 专业灯光方案",,,,,,
,93,shanghai-artificial-sun-art-installation,人造太阳艺术装置,Artificial Sun Art Installation,上海,Shanghai,"艺术装置, 展览空间, 互动灯光","Art Installation, Exhibition Space, Interactive Lighting",https://rdilighting.oss-cn-hongkong.aliyuncs.com/projects/shanghai-artificial-sun-art-installation/01.webp,aspect-[4/4] md:aspect-auto h-full min-h-[300px],md:col-span-1 md:row-span-2,2022,https://rdilighting.oss-cn-hongkong.aliyuncs.com/projects/shanghai-artificial-sun-art-installation/01.webp,胡国剑,Guojian Hu,展览机构: OCAT上海馆,Exhibitor: OCAT Shanghai,"人造太阳艺术装置照明设计方案展示。艺术装置, 展览空间, 互动灯光，为您呈现专业的灯光视觉体验。优质的上海照明设计公司案例。","上海, 人造太阳艺术装置, 照明设计, 灯光设计, 艺术装置, 展览空间, 互动灯光, 专业灯光方案",,,,,,
,94,shanghai-astronomy-museum,上海天文馆,Shanghai Astronomy Museum,上海,Shanghai,"公共建筑照明,展陈空间照明,科技馆照明","Public Building Lighting, Exhibition Space Lighting, Science Museum Lighting",https://rdilighting.oss-cn-hongkong.aliyuncs.com/projects/shanghai-astronomy-museum/01.webp,aspect-[4/4] md:aspect-auto h-full min-h-[300px],md:col-span-1 md:row-span-2,2021,https://rdilighting.oss-cn-hongkong.aliyuncs.com/projects/shanghai-astronomy-museum/01.webp,胡国剑,Guojian Hu,业主: 上海科技馆,Client: Shanghai Science and Technology Museum,上海天文馆公共建筑照明设计，通过暗场照明与精确控光展示宇宙星空浩瀚之美，完美融合光影与科技。Shanghai Astronomy Museum public building lighting design, showing the vast beauty of the starry sky through dark field lighting and precise light control.,"上海,公共建筑,科技馆照明,照明设计公司,暗场照明,灯光设计,展陈灯光,氛围灯光,Shanghai,Public Building Lighting,Lighting Design",,,,,
,95,shenzhen-mercedes-benz-restaurant,深圳梅赛德斯奔驰餐厅,Shenzhen Mercedes-Benz Restaurant,深圳,Shenzhen,", 室内空间",", Interior Space",https://rdilighting.oss-cn-hongkong.aliyuncs.com/projects/shenzhen-mercedes-benz-restaurant/01.webp,aspect-[4/4] md:aspect-auto h-full min-h-[300px],md:col-span-1 md:row-span-2,2021,https://rdilighting.oss-cn-hongkong.aliyuncs.com/projects/shenzhen-mercedes-benz-restaurant/01.webp,胡国剑,Guojian Hu,业主: 梅赛德斯奔驰,Client: Mercedes-Benz,深圳梅赛德斯奔驰餐厅室内照明，高雅的就餐环境配合防眩光定制灯具，展现高端餐饮的奢华氛围。,"深圳, 餐饮空间, 商业空间, 照明设计, 室内照明, 灯光设计方案",,,,,,
,96,shanghai-meilan-lake,美兰湖展示中心,Meilan Lake Exhibition Center,上海,Shanghai,"公共建筑照明,景观照明,室内照明","Public Building Lighting, Landscape Lighting, Interior Lighting",https://rdilighting.oss-cn-hongkong.aliyuncs.com/projects/shanghai-meilan-lake/01.webp,aspect-[4/4] md:aspect-auto h-full min-h-[300px],md:col-span-1 md:row-span-2,2021,https://rdilighting.oss-cn-hongkong.aliyuncs.com/projects/shanghai-meilan-lake/01.webp,胡国剑,Guojian Hu,业主: 未知,Client: Unknown,上海美兰湖展示中心景观与建筑立面照明设计，通过水下灯与隐藏光带打造晶莹剔透的水景与现代建筑效果。Shanghai Meilan Lake Exhibition Center facade and landscape lighting design, creating a crystal-clear water reflection effect with underwater and concealed lighting.,"上海,景观照明,建筑立面照明,照明设计公司,外立面灯光,室内照明,商业展示照明,Shanghai,Landscape Lighting,Facade Lighting",,,,,
,97,shanghai-ucca-edge,尤伦斯当代艺术中心 Edge,UCCA Edge,上海,Shanghai,"美术馆照明,展陈空间照明,室内照明","Art Museum Lighting, Exhibition Lighting, Interior Lighting",https://rdilighting.oss-cn-hongkong.aliyuncs.com/projects/shanghai-ucca-edge/01.webp,aspect-[4/4] md:aspect-auto h-full min-h-[300px],md:col-span-1 md:row-span-2,2021,https://rdilighting.oss-cn-hongkong.aliyuncs.com/projects/shanghai-ucca-edge/01.webp,胡国剑,Guojian Hu,业主: UCCA尤伦斯当代艺术中心,Client: UCCA,上海尤伦斯UCCA Edge美术馆照明设计，专业展陈灯光与间接洗墙照明结合，完美呈现当代艺术作品与空间张力。Shanghai UCCA Edge art museum lighting design, combining professional exhibition lighting and indirect wash lighting to perfectly present contemporary art.,"上海,美术馆照明,展陈灯光,室内照明设计,艺术灯光方案,画廊灯光,Shanghai,Museum Lighting,Exhibition Lighting,Art Lighting",,,,,
,98,shenzhen-guangming-art-center,光明艺术中心,Guangming Art Center,深圳,Shenzhen,"公共建筑照明,剧院照明,景观照明","Public Building Lighting, Theater Lighting, Landscape Lighting",https://rdilighting.oss-cn-hongkong.aliyuncs.com/projects/shenzhen-guangming-art-center/01.webp,aspect-[4/4] md:aspect-auto h-full min-h-[300px],md:col-span-1 md:row-span-2,2022,https://rdilighting.oss-cn-hongkong.aliyuncs.com/projects/shenzhen-guangming-art-center/01.webp,胡国剑,Guojian Hu,业主: 光明区政府,Client: Guangming District Government,深圳光明艺术中心公共建筑与剧院外立面灯光设计，以光之眼为理念结合互动感应系统打造城市文化新地标。Shenzhen Guangming Art Center public building and theater facade lighting design, creating a new cultural landmark with the Eye of Light concept and interactive sensors.,"深圳,公共建筑,剧院照明,建筑群照明设计,外立面灯光,城市地标照明,景观照明,Shenzhen,Public Building Lighting,Theater Lighting",,,,,
,99,suzhou-wuzhong-museum,吴中博物馆,Wuzhong Museum,苏州,Suzhou,"博物馆照明,展陈空间照明,文化建筑照明","Museum Lighting, Exhibition Space Lighting, Cultural Building Lighting",https://rdilighting.oss-cn-hongkong.aliyuncs.com/projects/suzhou-wuzhong-museum/01.webp,aspect-[4/4] md:aspect-auto h-full min-h-[300px],md:col-span-1 md:row-span-2,2021,https://rdilighting.oss-cn-hongkong.aliyuncs.com/projects/suzhou-wuzhong-museum/01.webp,胡国剑,Guojian Hu,业主: 苏州吴中区政府,Client: Suzhou Wuzhong District Government,苏州吴中博物馆文化建筑展览空间照明设计，应用智能控制系统与无紫外线重点照明精准还原历史文物风貌。Suzhou Wuzhong Museum cultural building exhibition space lighting design, accurately restoring historical artifacts with intelligent control and UV-free accent lighting.,"苏州,博物馆照明,文化建筑灯光,展陈灯光设计,智能照明控制,文物照明,Suzhou,Museum Lighting,Cultural Building,Exhibition Lighting",,,,,
,100,beijing-zeng-fanzhi-exhibition,曾梵志《散步》展览,Zeng Fanzhi Walking Exhibition,北京,Beijing,"展陈空间照明,艺术展览照明,室内照明","Exhibition Space Lighting, Art Exhibition Lighting, Interior Lighting",https://rdilighting.oss-cn-hongkong.aliyuncs.com/projects/beijing-zeng-fanzhi-exhibition/01.webp,aspect-[4/4] md:aspect-auto h-full min-h-[300px],md:col-span-1 md:row-span-2,2016,https://rdilighting.oss-cn-hongkong.aliyuncs.com/projects/beijing-zeng-fanzhi-exhibition/01.webp,胡国剑,Guojian Hu,"业主: 尤伦斯当代艺术中心,建筑设计: 安藤忠雄建筑研究所","Client: UCCA,Architecture: Tadao Ando Architect & Associates",北京尤伦斯当代艺术中心曾梵志《散步》艺术展览空间照明设计，通过发光膜与均匀洗墙灯光营造纯粹静谧的艺术漫步体验。Beijing UCCA Zeng Fanzhi Walking art exhibition space lighting design, creating a pure and quiet art walking experience with luminous membranes and uniform wall washing.,"北京,展览馆照明,艺术展览灯光设计,美术馆照明,室内灯光,洗墙灯设计,Beijing,Exhibition Lighting,Art Lighting Design,Museum Lighting",,,,,
,101,wuyi-shimao-resort,世茂御榕·武夷度假酒店,Shimao Yulong Wuyi Resort Hotel,南平,Nanping,"酒店度假村照明,景观照明,建筑立面照明","Hotel Resort Lighting, Landscape Lighting, Facade Lighting",https://rdilighting.oss-cn-hongkong.aliyuncs.com/projects/wuyi-shimao-resort/01.webp,aspect-[4/4] md:aspect-auto h-full min-h-[300px],md:col-span-1 md:row-span-2,2021,https://rdilighting.oss-cn-hongkong.aliyuncs.com/projects/wuyi-shimao-resort/01.webp,胡国剑,Guojian Hu,"业主: 世茂集团,建筑设计: 澳大利亚IAPA","Client: Shimao Group,Architecture: IAPA",南平武夷山世茂御榕度假酒店景观与建筑外立面照明设计，灯带勾勒结合重点泛光彰显宋代极简建筑美学。Nanping Wuyi Shimao Yulong Resort Hotel landscape and architectural facade lighting design, highlighting minimalist Song Dynasty architecture with linear and flood lighting.,"南平,度假酒店照明,酒店灯光设计方案,景观照明设计,建筑外立面灯光,泛光照明,Hotel Lighting,Resort Lighting,Landscape Lighting",,,,,
,102,guangzhou-intenlight-installation,INTENLIGHT光艺术装置,INTENLIGHT Art Installation,广州,Guangzhou,"光艺术装置,互动照明设计,临时展览照明","Light Art Installation, Interactive Lighting Design, Temporary Exhibition Lighting",https://rdilighting.oss-cn-hongkong.aliyuncs.com/projects/guangzhou-intenlight-installation/01.webp,aspect-[4/4] md:aspect-auto h-full min-h-[300px],md:col-span-1 md:row-span-2,2021,https://rdilighting.oss-cn-hongkong.aliyuncs.com/projects/guangzhou-intenlight-installation/01.webp,胡国剑,Guojian Hu,业主: 广州国际照明展览会,Client: Guangzhou International Lighting Exhibition,广州国际照明展INTENLIGHT光艺术装置，结合动态编程系统与声光感应互动打造沉浸式的视听数字艺术体验。Guangzhou International Lighting Exhibition INTENLIGHT art installation, combining a dynamic programming system and audio-visual interactive sensors for an immersive digital art experience.,"广州,光艺术装置,互动灯光,展会照明,动态灯光方案,沉浸式照明,Guangzhou,Light Art Installation,Interactive Lighting,Exhibition Lighting",,,,,
,103,shanghai-west-bund-museum,西岸美术馆,West Bund Museum,上海,Shanghai,"美术馆照明,公共建筑照明,展陈空间照明","Art Museum Lighting, Public Building Lighting, Exhibition Space Lighting",https://rdilighting.oss-cn-hongkong.aliyuncs.com/projects/shanghai-west-bund-museum/01.webp,aspect-[4/4] md:aspect-auto h-full min-h-[300px],md:col-span-1 md:row-span-2,2019,https://rdilighting.oss-cn-hongkong.aliyuncs.com/projects/shanghai-west-bund-museum/01.webp,胡国剑,Guojian Hu,建筑设计: David Chipperfield Architects,Architecture: David Chipperfield Architects,上海西岸美术馆建筑外立面与展览空间专业灯光设计，大尺度中庭结合均匀漫反射照明系统呈现艺术场馆极简美学。Shanghai West Bund Museum facade and exhibition space professional lighting design, presenting minimalist aesthetics with uniform diffuse reflection lighting systems in large atriums.,"上海,美术馆照明设计,艺术灯光方案,公共建筑照明,展陈灯光,极简照明设计,室内照明,Shanghai,Art Museum Lighting,Public Building Lighting",,,,,
,104,shanghai-capitaland-mall,凯德龙之梦,CapitaMall,上海,Shanghai,"商业空间照明,购物中心照明,室内照明","Commercial Space Lighting, Shopping Mall Lighting, Interior Lighting",https://rdilighting.oss-cn-hongkong.aliyuncs.com/projects/shanghai-capitaland-mall/01.webp,aspect-[4/4] md:aspect-auto h-full min-h-[300px],md:col-span-1 md:row-span-2,2020,https://rdilighting.oss-cn-hongkong.aliyuncs.com/projects/shanghai-capitaland-mall/01.webp,胡国剑,Guojian Hu,业主: 凯德集团,Client: CapitaLand,上海凯德龙之梦购物中心商业空间照明设计，通过动态光带与柔和基础照明打造极具活力的现代化购物体验。Shanghai CapitaMall commercial space lighting design, creating a dynamic modern shopping experience with dynamic light strips and soft basic lighting.,"上海,商业空间照明,购物中心照明,照明设计公司,商业综合体灯光,室内灯光设计,氛围灯光,Shanghai,Commercial Lighting,Mall Lighting",,,,,
,105,macau-versace-boutique,范思哲精品店,Versace Boutique,澳门,Macau,"商业空间照明,零售照明,室内照明","Commercial Space Lighting, Retail Lighting, Interior Lighting",https://rdilighting.oss-cn-hongkong.aliyuncs.com/projects/macau-versace-boutique/01.webp,aspect-[4/4] md:aspect-auto h-full min-h-[300px],md:col-span-1 md:row-span-2,2021,https://rdilighting.oss-cn-hongkong.aliyuncs.com/projects/macau-versace-boutique/01.webp,胡国剑,Guojian Hu,业主: 范思哲,Client: Versace,澳门范思哲精品店室内零售空间照明设计，采用高显色指数重点灯光完美展现高奢服饰的材质与剪裁细节。Macau Versace Boutique retail space lighting design, perfectly displaying the texture and tailoring details of luxury clothing with high CRI accent lighting.,"上海,商业空间照明,零售照明,奢侈品店灯光,照明设计公司,室内照明设计,重点照明,Shanghai,Retail Lighting,Boutique Lighting",,,,,
,106,shenyang-red-plum-park,红梅文创园,Red Plum Culture and Creative Park,沈阳,Shenyang,"文化建筑照明,景观照明,建筑立面照明, 展览空间, 文化建筑, 室内空间","Cultural Building Lighting, Landscape Lighting, Facade Lighting, Exhibition Space, Cultural Building, Interior Space",https://rdilighting.oss-cn-hongkong.aliyuncs.com/projects/shenyang-red-plum-park/01.webp,aspect-[4/4] md:aspect-auto h-full min-h-[300px],md:col-span-1 md:row-span-2,2020,https://rdilighting.oss-cn-hongkong.aliyuncs.com/projects/shenyang-red-plum-park/01.webp,胡国剑,Guojian Hu,"业主: 红梅文创园, 开发商: 万科, 建筑设计: AAarchitects与IIA Atelier","Client: Red Plum Culture and Creative Park, Developer: Vanke, Architect: AAarchitects and IIA Atelier",沈阳红梅文创园建筑立面与景观照明设计，工业遗址结合温暖的泛光照明焕发全新的城市文化生命力。Shenyang Red Plum Culture and Creative Park facade and landscape lighting design, industrial heritage revitalized with warm flood lighting.,"沈阳,文化建筑,文创园照明设计,景观灯光,建筑外立面照明,泛光照明设计,Shenyang,Cultural Building,Landscape Lighting",,,,,
,107,shenzhen-mocape-anish-kapoor,安尼什·米哈伊尔·卡普尔作品展览,Anish Kapoor Artwork Exhibit,深圳,Shenzhen,"公共建筑照明,美术馆照明,展陈空间照明","Public Building Lighting, Art Museum Lighting, Exhibition Space Lighting",https://rdilighting.oss-cn-hongkong.aliyuncs.com/projects/shenzhen-mocape-anish-kapoor/01.webp,aspect-[4/4] md:aspect-auto h-full min-h-[300px],md:col-span-1 md:row-span-2,2020,https://rdilighting.oss-cn-hongkong.aliyuncs.com/projects/shenzhen-mocape-anish-kapoor/01.webp,胡国剑,Guojian Hu,业主: 深圳市政府,Client: Shenzhen Municipal Government,深圳当代艺术与城市规划馆（两馆）公共建筑灯光设计，通过隐藏式线性照明凸显复杂建筑结构的几何美感。Shenzhen MOCAPE public building lighting design, highlighting the geometric beauty of complex architectural structures through concealed linear lighting.,"深圳,公共建筑照明,美术馆灯光,展陈空间照明,建筑外立面灯光设计,地标建筑照明,Shenzhen,Public Building,Museum Lighting",,,,,
,108,beijing-x-museum,X美术馆,X Museum,北京,Beijing,"美术馆照明,展陈空间照明,室内照明","Art Museum Lighting, Exhibition Space Lighting, Interior Lighting",https://rdilighting.oss-cn-hongkong.aliyuncs.com/projects/beijing-x-museum/01.webp,aspect-[4/4] md:aspect-auto h-full min-h-[300px],md:col-span-1 md:row-span-2,2020,https://rdilighting.oss-cn-hongkong.aliyuncs.com/projects/beijing-x-museum/01.webp,胡国剑,Guojian Hu,业主: X美术馆,Client: X Museum,北京X美术馆展陈空间照明设计，定制化轨道射灯与均匀洗墙灯结合呈现先锋当代艺术的沉浸氛围。Beijing X Museum exhibition space lighting design, combining customized track spotlights and uniform wash lights to present an immersive atmosphere of avant-garde contemporary art.,"北京,美术馆照明,展陈灯光设计,画廊照明设计,室内灯光设计,重点照明,Beijing,Art Museum Lighting,Exhibition Lighting",,,,,
,109,suzhou-hubin-park,苏州湖滨,Suzhou Hubin,苏州,Suzhou,"景观照明,户外照明,公共建筑照明","Landscape Lighting, Outdoor Lighting, Public Building Lighting",https://rdilighting.oss-cn-hongkong.aliyuncs.com/projects/suzhou-hubin-park/01.webp,aspect-[4/4] md:aspect-auto h-full min-h-[300px],md:col-span-1 md:row-span-2,2021,https://rdilighting.oss-cn-hongkong.aliyuncs.com/projects/suzhou-hubin-park/01.webp,胡国剑,Guojian Hu,业主: 苏州工业园区,Client: Suzhou Industrial Park,苏州湖滨景观与公共户外照明设计，通过低色温庭院灯与水景倒影光设计营造静谧柔和的夜游体验。Suzhou Hubin landscape and outdoor lighting design, creating a quiet and soft night tour experience through low color temperature garden lights and waterscape reflections.,"苏州,景观照明设计,户外灯光设计,水景照明,文旅夜游灯光,环境照明,Suzhou,Landscape Lighting,Outdoor Lighting",,,,,
,110,xiamen-renaissance-hotel,厦门万丽度假酒店,Renaissance Xiamen Resort & Spa,厦门,Xiamen,"酒店度假村照明,景观照明,室内照明","Hotel Resort Lighting, Landscape Lighting, Interior Lighting",https://rdilighting.oss-cn-hongkong.aliyuncs.com/projects/xiamen-renaissance-hotel/01.webp,aspect-[4/4] md:aspect-auto h-full min-h-[300px],md:col-span-1 md:row-span-2,2020,https://rdilighting.oss-cn-hongkong.aliyuncs.com/projects/xiamen-renaissance-hotel/01.webp,胡国剑,Guojian Hu,业主: 万豪酒店集团,Client: Marriott International,厦门万丽度假酒店室内与景观照明设计，利用间接暗槽灯光与重点投射灯打造奢华舒适的海滨度假氛围。Renaissance Xiamen Resort interior and landscape lighting design, using indirect cove lighting and accent spotlights to create a luxurious and comfortable coastal resort atmosphere.,"厦门,酒店照明设计,度假村灯光设计,室内环境照明,景观灯光,五星级酒店照明,Xiamen,Hotel Lighting,Resort Lighting",,,,,
,111,shanghai-crossover-installation,阡陌“CROSSOVER”装置,Crossover Installation,上海,Shanghai,"光艺术装置,互动照明设计,临时展览照明","Light Art Installation, Interactive Lighting Design, Temporary Exhibition Lighting",https://rdilighting.oss-cn-hongkong.aliyuncs.com/projects/shanghai-crossover-installation/01.webp,aspect-[4/4] md:aspect-auto h-full min-h-[300px],md:col-span-1 md:row-span-2,2021,https://rdilighting.oss-cn-hongkong.aliyuncs.com/projects/shanghai-crossover-installation/01.webp,胡国剑,Guojian Hu,业主: 设计上海,Client: Design Shanghai,设计上海新天地设计节“阡陌”光艺术装置照明设计，矩阵式动态灯光编排打破空间界限，实现观众与光影的无缝互动。Design Shanghai Xintiandi Festival Crossover light art installation lighting design, matrix dynamic lighting arrangement breaks space boundaries for seamless interaction.,"上海,光艺术装置,互动灯光设计,展览照明,临时装置灯光,动态照明,Shanghai,Art Installation,Interactive Lighting",,,,,
,112,shenzhen-mercedes-me,深圳Mercedes me体验店,Shenzhen Mercedes me Store,深圳,Shenzhen,"商业空间照明,餐饮照明,室内照明","Commercial Space Lighting, Restaurant Lighting, Interior Lighting",https://rdilighting.oss-cn-hongkong.aliyuncs.com/projects/shenzhen-mercedes-me/01.webp,aspect-[4/4] md:aspect-auto h-full min-h-[300px],md:col-span-1 md:row-span-2,2021,https://rdilighting.oss-cn-hongkong.aliyuncs.com/projects/shenzhen-mercedes-me/01.webp,胡国剑,Guojian Hu,业主: 梅赛德斯-奔驰,Client: Mercedes-Benz,深圳Mercedes me体验餐厅与商业空间照明设计，定制金属网透光设计与暖色温聚光灯结合彰显现代科技与工业质感。Shenzhen Mercedes me experience restaurant and commercial space lighting design, customized metal mesh light transmission combined with warm spotlights to highlight modern technology.,"深圳,商业空间照明,餐厅灯光设计,体验店照明设计,高端零售照明,室内灯光,Shenzhen,Commercial Lighting,Restaurant Lighting",,,,,
,113,hk-tai-kwun-exhibition,大馆艺术展览,Tai Kwun Art Exhibition,香港,Hong Kong,"展陈空间照明,艺术展览照明,美术馆照明","Exhibition Space Lighting, Art Exhibition Lighting, Art Museum Lighting",https://rdilighting.oss-cn-hongkong.aliyuncs.com/projects/hk-tai-kwun-exhibition/01.webp,aspect-[4/4] md:aspect-auto h-full min-h-[300px],md:col-span-1 md:row-span-2,2020,https://rdilighting.oss-cn-hongkong.aliyuncs.com/projects/hk-tai-kwun-exhibition/01.webp,胡国剑,Guojian Hu,业主: 大馆 Tai Kwun,Client: Tai Kwun,香港大馆当代艺术展览空间照明设计，严谨的防眩光轨道系统与精确的光束角控制提供卓越的艺术品鉴赏光环境。Hong Kong Tai Kwun contemporary art exhibition space lighting design, strict anti-glare track system and precise beam angle control provide an excellent light environment.,"香港,展陈灯光设计,艺术展览照明,美术馆照明,室内重点照明,画廊灯光,Hong Kong,Exhibition Lighting,Art Lighting",,,,,
,114,shanghai-golden-eagle,上海金鹰国际购物中心,Shanghai Golden Eagle International Shopping Center,上海,Shanghai,"商业空间照明,购物中心照明,建筑立面照明","Commercial Space Lighting, Shopping Mall Lighting, Facade Lighting",https://rdilighting.oss-cn-hongkong.aliyuncs.com/projects/shanghai-golden-eagle/01.webp,aspect-[4/4] md:aspect-auto h-full min-h-[300px],md:col-span-1 md:row-span-2,2021,https://rdilighting.oss-cn-hongkong.aliyuncs.com/projects/shanghai-golden-eagle/01.webp,胡国剑,Guojian Hu,业主: 金鹰国际集团,Client: Golden Eagle International Group,上海金鹰国际购物中心改造外立面与商业空间照明设计，运用媒体立面与洗墙灯光重塑城市核心商圈的繁华夜景地标。Shanghai Golden Eagle International Shopping Center facade and commercial space lighting design, reshaping the prosperous nightscape landmark of the city's core business district with media facades.,"上海,商业综合体照明,建筑外立面灯光,购物中心照明设计,泛光照明,商业空间灯光,Shanghai,Shopping Mall Lighting,Facade Lighting",,,,,
,115,nanchang-gemdale-metropolis-light,南昌金地都会之光,Nanchang Gemdale Metropolis Light,南昌,Nanchang,"住宅空间, 商业街区, 建筑外立面","Residential Space, Commercial Street, Facade Lighting",https://rdilighting.oss-cn-hongkong.aliyuncs.com/projects/nanchang-gemdale-metropolis-light/01.webp,aspect-[4/4] md:aspect-auto h-full min-h-[300px],md:col-span-1 md:row-span-2,2020,https://rdilighting.oss-cn-hongkong.aliyuncs.com/projects/nanchang-gemdale-metropolis-light/01.webp,胡国剑,Guojian Hu,"开发商: 金地集团, 建筑设计: 筑博设计","Developer: Gemdale, Architect: GEEDESIGN",南昌金地都会之光建筑外立面照明设计，通过线性洗墙灯强化几何结构，倒影池中的光影互动营造出悬浮感。,"南昌, 住宅空间, 建筑外立面, 照明设计, 灯光设计方案, 氛围灯光",,,,,,
,116,jingjiang-water-street,靖江水街,Jingjiang Water Street,靖江,Jingjiang,"景观空间, 商业街区, 公共空间","Landscape Space, Commercial Street, Public Space",https://rdilighting.oss-cn-hongkong.aliyuncs.com/projects/jingjiang-water-street/01.webp,aspect-[4/4] md:aspect-auto h-full min-h-[300px],md:col-span-1 md:row-span-2,2021,https://rdilighting.oss-cn-hongkong.aliyuncs.com/projects/jingjiang-water-street/01.webp,胡国剑,Guojian Hu,开发商: 靖江市政府,Developer: Jingjiang Government,靖江水街景观照明设计，沿河建筑通过隐蔽式灯具表现出传统建筑与自然景观融合的光影效果。,"靖江, 景观空间, 商业街区, 照明设计, 景观照明, 灯光设计方案",,,,,,
,117,xian-gemdale-xifeng-sales-center,西安金地西沣公元售楼处,Xi'an Gemdale Xifeng Gongyuan Sales Center,西安,Xi'an,"售楼处, 商业空间, 室内照明","Sales Center, Commercial Space, Interior Lighting",https://rdilighting.oss-cn-hongkong.aliyuncs.com/projects/xian-gemdale-xifeng-sales-center/01.webp,aspect-[4/4] md:aspect-auto h-full min-h-[300px],md:col-span-1 md:row-span-2,2018,https://rdilighting.oss-cn-hongkong.aliyuncs.com/projects/xian-gemdale-xifeng-sales-center/01.webp,胡国剑,Guojian Hu,开发商: 金地集团,Developer: Gemdale,西安金地西沣公元售楼处建筑及景观照明，暖色温投光与洗墙灯展现唐代大明宫建筑元素与现代空间的完美结合。,"西安, 售楼处, 商业空间, 照明设计, 灯光设计方案, 氛围灯光",,,,,,
,118,wuhan-shuion-innovation-tiandi,武汉瑞安光谷创新天地,Wuhan Shui On Innovation Tiandi,武汉,Wuhan,"商业综合体, 办公空间, 建筑外立面","Commercial Complex, Office Space, Facade Lighting",https://rdilighting.oss-cn-hongkong.aliyuncs.com/projects/wuhan-shuion-innovation-tiandi/01.webp,aspect-[4/4] md:aspect-auto h-full min-h-[300px],md:col-span-1 md:row-span-2,2020,https://rdilighting.oss-cn-hongkong.aliyuncs.com/projects/wuhan-shuion-innovation-tiandi/01.webp,胡国剑,Guojian Hu,开发商: 瑞安房地产,Developer: Shui On Land,武汉瑞安光谷创新天地商业综合体外立面照明，内透光与建筑表皮结合，打造富有层次的城市夜间景象。,"武汉, 商业综合体, 办公空间, 照明设计, 节能照明, 氛围灯光",,,,,,
,119,hangzhou-center,杭州中心,Hangzhou Center,杭州,Hangzhou,"商业综合体, 购物中心, 建筑外立面","Commercial Complex, Shopping Mall, Facade Lighting",https://rdilighting.oss-cn-hongkong.aliyuncs.com/projects/hangzhou-center/01.webp,aspect-[4/4] md:aspect-auto h-full min-h-[300px],md:col-span-1 md:row-span-2,2022,https://rdilighting.oss-cn-hongkong.aliyuncs.com/projects/hangzhou-center/01.webp,胡国剑,Guojian Hu,业主: 华润置地,Developer: China Resources Land,杭州中心商业综合体外立面夜景照明，动态灯光与建筑肌理结合，展现城市中心区域的繁华与现代商业活力。,"杭州, 商业综合体, 购物中心, 照明设计, 灯光设计方案, 商业照明",,,,,,
,120,tianjin-nio-house,天津蔚来中心,Tianjin NIO House,天津,Tianjin,"商业空间, 展厅空间, 室内空间","Commercial Space, Showroom, Interior Space",https://rdilighting.oss-cn-hongkong.aliyuncs.com/projects/tianjin-nio-house/01.webp,aspect-[4/4] md:aspect-auto h-full min-h-[300px],md:col-span-1 md:row-span-2,2019,https://rdilighting.oss-cn-hongkong.aliyuncs.com/projects/tianjin-nio-house/01.webp,胡国剑,Guojian Hu,业主: 蔚来汽车,Client: NIO,天津蔚来中心展厅室内照明设计，极简科技感的冷色光与温暖的俱乐部区域暖色光形成对比，提升空间品质。,"天津, 商业空间, 展厅空间, 照明设计, 室内照明, 氛围灯光",,,,,,
,121,shanghai-shuion-inno,上海瑞安INNO创智,Shanghai Shui On INNO,上海,Shanghai,"办公空间, 室内空间, 商业综合体","Office Space, Interior Space, Commercial Complex",https://rdilighting.oss-cn-hongkong.aliyuncs.com/projects/shanghai-shuion-inno/01.webp,aspect-[4/4] md:aspect-auto h-full min-h-[300px],md:col-span-1 md:row-span-2,2019,https://rdilighting.oss-cn-hongkong.aliyuncs.com/projects/shanghai-shuion-inno/01.webp,胡国剑,Guojian Hu,业主: 瑞安房地产,Developer: Shui On Land,上海瑞安INNO创智办公空间室内照明，灵活多变的灯光系统适应协同共享的现代办公生态模式。,"上海, 办公空间, 室内空间, 照明设计, 节能照明, 氛围灯光",,,,,,
,122,beijing-x-museum,北京X美术馆,Beijing X Museum,北京,Beijing,"美术馆, 展览空间, 文化建筑","Art Museum, Exhibition Space, Cultural Building",https://rdilighting.oss-cn-hongkong.aliyuncs.com/projects/beijing-x-museum/01.webp,aspect-[4/4] md:aspect-auto h-full min-h-[300px],md:col-span-1 md:row-span-2,2020,https://rdilighting.oss-cn-hongkong.aliyuncs.com/projects/beijing-x-museum/01.webp,胡国剑,Guojian Hu,建筑设计: 临时工作室,Architect: TEMP,北京X美术馆彩色LED灯光与建筑几何线条结合，打造具有未来感和多元互动的当代先锋艺术展览空间。,"北京, 美术馆, 展览空间, 照明设计, 氛围灯光, 灯光设计方案",,,,,,
,123,shanghai-crystal-plaza-qiantan,上海前滩晶耀广场,Shanghai Crystal Plaza Qiantan,上海,Shanghai,"商业综合体, 购物中心, 建筑外立面","Commercial Complex, Shopping Mall, Facade Lighting",https://rdilighting.oss-cn-hongkong.aliyuncs.com/projects/shanghai-crystal-plaza-qiantan/01.webp,aspect-[4/4] md:aspect-auto h-full min-h-[300px],md:col-span-1 md:row-span-2,2019,https://rdilighting.oss-cn-hongkong.aliyuncs.com/projects/shanghai-crystal-plaza-qiantan/01.webp,胡国剑,Guojian Hu,"业主: 铁狮门, 建筑设计: KPF","Developer: Tishman Speyer, Architect: KPF",上海前滩晶耀广场综合体外立面夜景照明，窄角线性洗墙灯点亮水晶几何表皮，塑造璀璨的城市商业地标。,"上海, 商业综合体, 购物中心, 照明设计, 商业照明, 灯光设计公司",,,,,,
,124,nanjing-jinlin-yihaoyuan,南京金陵壹号院,Nanjing Jinlin Yihaoyuan,南京,Nanjing,"住宅空间, 售楼处, 景观空间","Residential Space, Sales Center, Landscape Space",https://rdilighting.oss-cn-hongkong.aliyuncs.com/projects/nanjing-jinlin-yihaoyuan/01.webp,aspect-[4/4] md:aspect-auto h-full min-h-[300px],md:col-span-1 md:row-span-2,2020,https://rdilighting.oss-cn-hongkong.aliyuncs.com/projects/nanjing-jinlin-yihaoyuan/01.webp,胡国剑,Guojian Hu,业主: 融创中国,Developer: Sunac China,南京金陵壹号院藏光艺术馆照明设计，隐藏灯带与灰砖墙孔隙结合，营造传统文化意境与现代光影之美。,"南京, 住宅空间, 售楼处, 照明设计, 景观照明, 灯光设计方案",,,,,,
,125,shenyang-vanke-future-city,沈阳万科首府未来城,Shenyang Vanke Capital Future City,沈阳,Shenyang,"示范区, 售楼处, 建筑外立面","Demonstration Area, Sales Center, Facade Lighting",https://rdilighting.oss-cn-hongkong.aliyuncs.com/projects/shenyang-vanke-future-city/01.webp,aspect-[4/4] md:aspect-auto h-full min-h-[300px],md:col-span-1 md:row-span-2,2021,https://rdilighting.oss-cn-hongkong.aliyuncs.com/projects/shenyang-vanke-future-city/01.webp,胡国剑,Guojian Hu,"开发商: 万科, 建筑设计: 上海日清建筑设计有限公司","Developer: Vanke, Architect: Lacime Architects",沈阳万科首府未来城示范区立面照明，半透明U型玻璃幕墙配合内透光与精确投射，展现未来科技感建筑。,"沈阳, 示范区, 售楼处, 照明设计, 建筑外立面, 氛围灯光",,,,,,
,126,shanghai-elevated-road,上海南北高架及延安高架,Shanghai North-South and Yan'an Elevated Roads,上海,Shanghai,"基础设施, 景观照明, 城市亮化","Infrastructure, Landscape Lighting, City Illumination",https://rdilighting.oss-cn-hongkong.aliyuncs.com/projects/shanghai-elevated-road/01.webp,aspect-[4/4] md:aspect-auto h-full min-h-[300px],md:col-span-1 md:row-span-2,2019,https://rdilighting.oss-cn-hongkong.aliyuncs.com/projects/shanghai-elevated-road/01.webp,胡国剑,Guojian Hu,业主: 上海市路政局,Client: Shanghai Road Administration Bureau,上海南北高架桥梁景观照明改造项目，通过专业灯光提升城市核心主干道的夜间景观形象，荣获中照照明奖。,"上海, 基础设施, 城市亮化, 照明设计, 景观照明, 灯光设计公司",,,,,,
,127,shanghai-daxue-road-kic,上海大学路创智天地,Shanghai Daxue Road KIC,上海,Shanghai,"商业街区, 景观空间, 城市更新","Commercial Street, Landscape Space, Urban Renewal",https://rdilighting.oss-cn-hongkong.aliyuncs.com/projects/shanghai-daxue-road-kic/01.webp,aspect-[4/4] md:aspect-auto h-full min-h-[300px],md:col-span-1 md:row-span-2,2019,https://rdilighting.oss-cn-hongkong.aliyuncs.com/projects/shanghai-daxue-road-kic/01.webp,胡国剑,Guojian Hu,业主: 瑞安房地产开发有限公司,Developer: Shui On Land,上海大学路创智天地街道景观照明设计，温馨活力的灯光氛围激活城市商业街区的夜间经济，荣获IES照明奖。,"上海, 商业街区, 城市更新, 照明设计, 景观照明, 氛围灯光",,,,,,
,128,shenzhen-guangming-art-center,深圳光明文化艺术中心,Shenzhen Guangming Culture and Art Center,深圳,Shenzhen,"文化建筑, 艺术中心, 建筑外立面","Cultural Building, Art Center, Facade Lighting",https://rdilighting.oss-cn-hongkong.aliyuncs.com/projects/shenzhen-guangming-art-center/01.webp,aspect-[4/4] md:aspect-auto h-full min-h-[300px],md:col-span-1 md:row-span-2,2020,https://rdilighting.oss-cn-hongkong.aliyuncs.com/projects/shenzhen-guangming-art-center/01.webp,胡国剑,Guojian Hu,业主: 华侨城集团,Developer: OCT Group,深圳光明文化艺术中心建筑外观及室内照明，灵动通透的光影语言强化了文化空间的艺术感与城市地标性。,"深圳, 文化建筑, 艺术中心, 照明设计, 灯光设计方案, 氛围灯光",,,,,,
,129,shanghai-henderson-cifi-tiandi,上海恒基旭辉天地,Shanghai Henderson CIFI Tiandi,上海,Shanghai,"商业综合体, 办公建筑, 建筑外立面","Commercial Complex, Office Building, Facade Lighting",https://rdilighting.oss-cn-hongkong.aliyuncs.com/projects/shanghai-henderson-cifi-tiandi/01.webp,aspect-[4/4] md:aspect-auto h-full min-h-[300px],md:col-span-1 md:row-span-2,2021,https://rdilighting.oss-cn-hongkong.aliyuncs.com/projects/shanghai-henderson-cifi-tiandi/01.webp,胡国剑,Guojian Hu,"业主: 恒基兆业地产, 建筑设计: 让·努维尔建筑事务所, 景观设计: ASPECT Studios, 施工单位: 上海瑞境照明设备有限公司","Developer: Henderson Land, Architect: Ateliers Jean Nouvel, Landscape: ASPECT Studios, Contractor: Shanghai Ruijing Lighting",上海恒基旭辉天地商业综合体外立面及景观照明，红色花钵与建筑绿植结合灯光，打造独特的城市艺术街区景观。,"上海, 商业综合体, 办公建筑, 照明设计, 灯光设计公司, 商业照明",,,,,,
,130,hangzhou-gemdale-jiufenghui,杭州金地玖峯汇示范区,Foshan Gemdale Longyue Demonstration Area,佛山,Foshan,"示范区, 景观空间, 建筑外立面","Demonstration Area, Landscape Space, Facade Lighting",https://rdilighting.oss-cn-hongkong.aliyuncs.com/projects/hangzhou-gemdale-jiufenghui/01.webp,aspect-[4/4] md:aspect-auto h-full min-h-[300px],md:col-span-1 md:row-span-2,2018,https://rdilighting.oss-cn-hongkong.aliyuncs.com/projects/hangzhou-gemdale-jiufenghui/01.webp,胡国剑,Guojian Hu,"开发商: 金地集团, 摄影: 曾江河","Developer: Gemdale, Photography: Zeng Jianghe",杭州金地玖峯汇示范区建筑与景观照明设计，静谧柔和的灯光氛围完美契合高端居住区的水景与园林空间。,"佛山, 示范区, 景观空间, 照明设计, 灯光设计方案, 氛围灯光",,,,,,
,131,hangzhou-gemdale-grandcanal,杭州金地大运河府示范区,Hangzhou Jindi Grand Canal Mansion,杭州,Hangzhou,"售楼处, 室内空间, 商业空间","Sales Center, Interior Space, Commercial Space",https://rdilighting.oss-cn-hongkong.aliyuncs.com/projects/hangzhou-gemdale-grandcanal/01.webp,aspect-[4/4] md:aspect-auto h-full min-h-[300px],md:col-span-1 md:row-span-2,2018,https://rdilighting.oss-cn-hongkong.aliyuncs.com/projects/hangzhou-gemdale-grandcanal/01.webp,胡国剑,Guojian Hu,"开发商: 金地集团, 摄影: 曾江河","Developer: Gemdale, Photography: Zeng Jianghe",杭州金地西溪风华售楼处室内照明设计，通过富有层次的暖色调灯光彰显东方雅致与现代商业空间的融合。,"杭州, 售楼处, 室内空间, 照明设计, 商业照明, 灯光设计公司",,,,,,
,132,shanghai-jiading-gemdale-shijia,上海嘉定金地世家,Shanghai Jiading Gemdale Masion,金华,Jinhua,"示范区, 景观空间, 建筑外立面","Demonstration Area, Landscape Space, Facade Lighting",https://rdilighting.oss-cn-hongkong.aliyuncs.com/projects/shanghai-jiading-gemdale-shijia/01.webp,aspect-[4/4] md:aspect-auto h-full min-h-[300px],md:col-span-1 md:row-span-2,2018,https://rdilighting.oss-cn-hongkong.aliyuncs.com/projects/shanghai-jiading-gemdale-shijia/01.webp,胡国剑,Guojian Hu,"开发商: 金地集团, 摄影: 曾江河","Developer: Gemdale, Photography: Zeng Jianghe",上海嘉定金地世家夜景照明，精致的洗墙光与点状投光结合，塑造出充满艺术感与品质感的居住示范区。,"金华, 示范区, 景观空间, 照明设计, 建筑外立面, 节能照明",,,,,,
,133,jiashan-gemdale,嘉善金地示范区,Jiashan Gemdale Masion,佛山,Foshan,"示范区, 住宅空间, 景观空间","Demonstration Area, Residential Space, Landscape Space",https://rdilighting.oss-cn-hongkong.aliyuncs.com/projects/jiashan-gemdale/01.webp,aspect-[4/4] md:aspect-auto h-full min-h-[300px],md:col-span-1 md:row-span-2,2018,https://rdilighting.oss-cn-hongkong.aliyuncs.com/projects/jiashan-gemdale/01.webp,胡国剑,Guojian Hu,"开发商: 金地集团, 摄影: 曾江河","Developer: Gemdale, Photography: Zeng Jianghe",嘉善金地示范区照明设计方案，运用隐藏式光源与景观互动，营造出自然温馨的滨水社区灯光氛围。,"佛山, 示范区, 住宅空间, 照明设计, 景观照明, 氛围灯光",,,,,,
,134,nanjing-gemdale-fenghua,南京金地风华示范区,Nanjing Gemdale Fenghua Masion,南京,Nanjing,"示范区, 建筑外立面, 景观空间","Demonstration Area, Facade Lighting, Landscape Space",https://rdilighting.oss-cn-hongkong.aliyuncs.com/projects/nanjing-gemdale-fenghua/01.webp,aspect-[4/4] md:aspect-auto h-full min-h-[300px],md:col-span-1 md:row-span-2,2018,https://rdilighting.oss-cn-hongkong.aliyuncs.com/projects/nanjing-gemdale-fenghua/01.webp,胡国剑,Guojian Hu,"开发商: 金地集团, 摄影: Shrimp Studio","Developer: Gemdale, Photography: Shrimp Studio",南京金地风华示范区建筑外立面照明，优雅的灯光线条勾勒出极具现代东方美学的建筑形体与庭院景观。,"南京, 示范区, 建筑外立面, 照明设计, 灯光设计方案, 景观照明",,,,,,
,135,wuhan-gemdale-beichen-yuefenghua,武汉金地北辰阅风华示范区,Wuhan Gemdale Beichen Yuefenghua Demonstration Area,武汉,Wuhan,"示范区, 商业空间, 建筑外立面","Demonstration Area, Commercial Space, Facade Lighting",https://rdilighting.oss-cn-hongkong.aliyuncs.com/projects/wuhan-gemdale-beichen-yuefenghua/01.webp,aspect-[4/4] md:aspect-auto h-full min-h-[300px],md:col-span-1 md:row-span-2,2018,https://rdilighting.oss-cn-hongkong.aliyuncs.com/projects/wuhan-gemdale-beichen-yuefenghua/01.webp,胡国剑,Guojian Hu,"开发商: 金地集团, 摄影: 曾江河","Developer: Gemdale, Photography: Zeng Jianghe",武汉金地北辰阅风华示范区夜景灯光，通透的内透光配合外立面细节照明，展现出现代美学与光影艺术。,"武汉, 示范区, 商业空间, 照明设计, 灯光设计公司, 氛围灯光",,,,,,
,136,shanghai-university-road-sculpture,大学路雕塑,University Road Sculpture,上海,Shanghai,"公共艺术照明,景观照明,户外照明","Public Art Lighting, Landscape Lighting, Outdoor Lighting",https://rdilighting.oss-cn-hongkong.aliyuncs.com/projects/shanghai-university-road-sculpture/01.webp,aspect-[4/4] md:aspect-auto h-full min-h-[300px],md:col-span-1 md:row-span-2,2018,https://rdilighting.oss-cn-hongkong.aliyuncs.com/projects/shanghai-university-road-sculpture/01.webp,胡国剑,Guojian Hu,"业主: 瑞安房地产开发有限公司,建筑设计: 汪建明,摄影: 沈忠海","Client: Shui On Land,Architectural Design: Jianming Wang,Photography: Zhonghai Shen","上海大学路雕塑夜景照明，3500个定制LED节点在不规则多面体上展现千万种动态灯光效果，打造城市公共艺术。Shanghai University Road Sculpture night lighting, 3500 customized LED nodes showing millions of dynamic light effects on an irregular polyhedron.","上海,公共艺术,景观照明,雕塑照明,户外照明,动态灯光,定制灯光,照明设计公司,灯光设计方案",,,,,,
,137,huaian-kic-sale-center,淮安售楼处,KIC Sale Center,淮安,Huaian,"商业空间照明,售楼处照明,室内照明","Commercial Space Lighting, Sales Center Lighting, Interior Lighting",https://rdilighting.oss-cn-hongkong.aliyuncs.com/projects/huaian-kic-sale-center/01.webp,aspect-[4/4] md:aspect-auto h-full min-h-[300px],md:col-span-1 md:row-span-2,2014,https://rdilighting.oss-cn-hongkong.aliyuncs.com/projects/huaian-kic-sale-center/01.webp,胡国剑,Guojian Hu,建筑设计: B+H,Architects: B+H,"淮安售楼处室内高端照明，结合新中式风格商业空间，运用防眩光嵌入式投射灯与暖色壁灯营造静谧氛围。Huaian KIC Sale Center interior high-end lighting, combining neo-Chinese style with anti-glare embedded spotlights and warm wall lights.","淮安,商业空间,售楼处,室内照明,新中式风格,防眩光灯,高端灯光,照明设计公司,灯光设计方案",,,,,,
,138,hangzhou-ocean-kic,远洋乐堤港,Ocean KIC,杭州,Hangzhou,"商业空间照明,购物中心照明,外立面照明","Commercial Space Lighting, Shopping Mall Lighting, Facade Lighting",https://rdilighting.oss-cn-hongkong.aliyuncs.com/projects/hangzhou-ocean-kic/01.webp,aspect-[4/4] md:aspect-auto h-full min-h-[300px],md:col-span-1 md:row-span-2,2017,https://rdilighting.oss-cn-hongkong.aliyuncs.com/projects/hangzhou-ocean-kic/01.webp,胡国剑,Guojian Hu,"业主: 远洋地产,建筑设计: 捷得建筑师事务所,建筑设计: 悉地国际,景观设计: AECOM","Client: Sino-Ocean Group,Architectural Design: Jerde,Architectural Design: CCDI,Landscape Design: AECOM","杭州远洋乐堤港商业综合体夜景照明，立面与中心广场采用水波纹灵感设计的动态媒体灯光，打造极具商业活力的购物中心。Hangzhou Ocean KIC commercial complex night lighting, using dynamic media lighting inspired by water ripples.","杭州,商业空间,购物中心,外立面照明,夜景亮化,媒体幕墙,动态灯光,照明设计公司,灯光设计方案",,,,,,
,139,shanghai-hengfeng-bridge,恒丰路桥激光装置,Hengfeng Road Bridge Laser System,上海,Shanghai,"景观照明,桥梁照明,互动艺术照明","Landscape Lighting, Bridge Lighting, Interactive Art Lighting",https://rdilighting.oss-cn-hongkong.aliyuncs.com/projects/shanghai-hengfeng-bridge/01.webp,aspect-[4/4] md:aspect-auto h-full min-h-[300px],md:col-span-1 md:row-span-2,2018,https://rdilighting.oss-cn-hongkong.aliyuncs.com/projects/shanghai-hengfeng-bridge/01.webp,胡国剑,Guojian Hu,业主: 静安区政府,Client: Jing'an District Government,"上海苏州河恒丰路桥创新景观照明，将激光、动态水波纹投影与路灯高度集成，打造防眩光城市夜景艺术光网。Shanghai Suzhou Creek Hengfeng Road Bridge innovative landscape lighting, highly integrating laser and dynamic water ripple projection.","上海,景观照明,桥梁夜景,艺术装置,激光灯光,互动照明,防眩光,城市亮化,灯光设计方案",,,,,,
,140,suzhou-the-summit,苏悦广场,The Summit,苏州,Suzhou,"商业空间照明,综合体照明,外立面照明","Commercial Space Lighting, Mixed-Use Lighting, Facade Lighting",https://rdilighting.oss-cn-hongkong.aliyuncs.com/projects/suzhou-the-summit/01.webp,aspect-[4/4] md:aspect-auto h-full min-h-[300px],md:col-span-1 md:row-span-2,2016,https://rdilighting.oss-cn-hongkong.aliyuncs.com/projects/suzhou-the-summit/01.webp,胡国剑,Guojian Hu,业主:铁狮门集团,Client: Tishman Speyer Group,"苏州苏悦广场商业综合体外立面多层次幕墙照明，通过窄光束投光灯与低能耗LED动态点阵系统，融合建筑肌理与互动剪影。Suzhou The Summit commercial complex multi-level facade lighting, using narrow beam floodlights and low-power LED dynamic lattice systems.","苏州,商业空间,综合体,幕墙照明,外立面亮化,互动灯光,LEED金奖,节能照明,照明设计公司",,,,,,
,141,shanghai-sinan-books,思南书局,Sinan Books,上海,Shanghai,"商业空间照明,书店照明,室内照明","Commercial Space Lighting, Bookstore Lighting, Interior Lighting",https://rdilighting.oss-cn-hongkong.aliyuncs.com/projects/shanghai-sinan-books/01.webp,aspect-[4/4] md:aspect-auto h-full min-h-[300px],md:col-span-1 md:row-span-2,2017,https://rdilighting.oss-cn-hongkong.aliyuncs.com/projects/shanghai-sinan-books/01.webp,胡国剑,Guojian Hu,"业主: 上海永业集团,业主: 上海作家协会,业主: 上海世纪出版集团","Client: Shanghai Yongye Group,Client: Shanghai Writers Association,Client: Shanghai Century Publishing Group","上海思南书局快闪概念店室内灯光，定制发光书架集成媒体幕墙，结合内部嵌入式LED防眩光灯带，为商业空间注入人文光影。Shanghai Sinan Books pop-up concept store interior lighting, customized luminous bookshelves integrated with media facade.","上海,商业空间,书店照明,室内灯光,定制照明,媒体立面,人文空间,防眩光灯,灯光设计方案",,,,,,
,142,shanghai-fusion-gym,前滩太古里FUSION健身房,FUSION GYM TAIKOO LI,上海,Shanghai,"商业空间照明,健身房照明,室内照明","Commercial Space Lighting, Gym Lighting, Interior Lighting",https://rdilighting.oss-cn-hongkong.aliyuncs.com/projects/shanghai-fusion-gym/01.webp,aspect-[4/4] md:aspect-auto h-full min-h-[300px],md:col-span-1 md:row-span-2,2022,https://rdilighting.oss-cn-hongkong.aliyuncs.com/projects/shanghai-fusion-gym/01.webp,胡国剑,Guojian Hu,"业主: FUSION,室内设计: IOD建筑设计有限公司,摄影: 业主方","Client: FUSION,Interior Design: IOD,Photography: Client","上海前滩太古里Fusion健身房室内灯光设计，采用嵌入式洗墙灯与彩色定制发光灯箱，为高端运动商业空间打造现代活力氛围。Shanghai FUSION GYM interior lighting design, using embedded wall washers and colorful customized luminous light boxes.","上海,商业空间,健身房,室内照明,高端定制,洗墙灯,色彩灯箱,现代风格,灯光设计方案",,,,,,
,143,guangzhou-zeekr-icc,极氪中心,ZEEKR ICC,上海,Shanghai,"商业空间照明,展厅照明,室内照明","Commercial Space Lighting, Showroom Lighting, Interior Lighting",https://rdilighting.oss-cn-hongkong.aliyuncs.com/projects/guangzhou-zeekr-icc/01.webp,aspect-[4/4] md:aspect-auto h-full min-h-[300px],md:col-span-1 md:row-span-2,2022,https://rdilighting.oss-cn-hongkong.aliyuncs.com/projects/guangzhou-zeekr-icc/01.webp,胡国剑,Guojian Hu,"业主: ZEEKR,室内设计: 上海亚思建筑设计有限公司","Client: ZEEKR,Interior Design: Shanghai Yasi Construction Design Limited Company","极氪中心室内展厅照明设计，通过不同色温与亮度的灯光划分空间，营造现代商业氛围。ZEEKR ICC interior showroom lighting design, dividing space with different color temperatures.","上海,商业空间,展厅照明,室内照明,汽车展厅,色温控制,灯光设计方案,照明设计公司",,,,,,
,144,beijing-palace-museum-exhibition,故宫展览照见天地心,Palace Museum Exhibition,北京,Beijing,"展陈空间照明,博物馆照明,室内照明","Exhibition Space Lighting, Museum Lighting, Interior Lighting",https://rdilighting.oss-cn-hongkong.aliyuncs.com/projects/beijing-palace-museum-exhibition/01.webp,aspect-[4/4] md:aspect-auto h-full min-h-[300px],md:col-span-1 md:row-span-2,2022,https://rdilighting.oss-cn-hongkong.aliyuncs.com/projects/beijing-palace-museum-exhibition/01.webp,胡国剑,Guojian Hu,业主: 故宫博物院,Client: Palace Museum,"北京故宫博物院照见天地心展览室内照明设计，结合沉浸式体验与历史文物展示，打造古典现代交融的博物馆空间。Beijing Palace Museum Exhibition interior lighting design, combining immersive experience and historical artifacts.","北京,公共建筑,博物馆照明,展陈空间,沉浸式体验,文物照明,灯光设计方案,照明设计公司",,,,,,
,145,suzhou-ui-art-center,嘉德·宥爱艺术中心,UI Art Center,苏州,Suzhou,"公共建筑照明,美术馆照明,室内照明","Public Building Lighting, Art Gallery Lighting, Interior Lighting",https://rdilighting.oss-cn-hongkong.aliyuncs.com/projects/suzhou-ui-art-center/01.webp,aspect-[4/4] md:aspect-auto h-full min-h-[300px],md:col-span-1 md:row-span-2,2022,https://rdilighting.oss-cn-hongkong.aliyuncs.com/projects/suzhou-ui-art-center/01.webp,"胡国剑, 金绮樱, 严瑾","Guojian Hu, Qiying Jin, Jin Yan",业主: 泰康之家投资有限公司,"Client: Taikang Community Investment Co., Ltd.","苏州嘉德·宥爱艺术中心室内照明设计，通过大面积发光天棚与洗墙灯，为纯白艺术馆空间提供柔和均匀的光影。Suzhou UI Art Center interior lighting design, providing soft and uniform light through luminous ceilings and wall washers.","苏州,公共建筑,美术馆照明,艺术中心,室内照明,洗墙灯,自然光模拟,灯光设计方案,照明设计公司",,,,,,
